,번호,구분,업체명,전화번호,소재지,인허가번호,위도,경도
0,4072,판매,닥터아이펫 동물병원,-,서울특별시 중랑구 상봉동,306000003720130003,37.5971356,127.0875535
1,4071,판매,펫시랑 상봉점,02-496-7649,서울특별시 중랑구 상봉동,306000003720130004,37.5813075,127.0866659
2,4070,판매,해피독,6401-9585,서울특별시 중랑구 망우동,306000003720130001,37.5509786,126.8495382
3,4069,판매,(주)에이플러스 면목점,***********,서울특별시 중랑구 면목동,306000003720120004,37.5804974,127.0819554
4,4068,판매,(주)밀레펫,***********,서울특별시 중랑구 망우동,306000003720120003,37.3244538,126.7532955
5,4067,판매,안쌤러브애견,2207-0722,서울특별시 중랑구 면목동,306000003720120001,37.58728199999999,127.0766696
6,4066,판매,큐티펫,438-8889,서울특별시 중랑구 면목동,306000003720090003,37.5913101,127.0768762
7,4065,판매,코타강쥐,439-7754,서울특별시 중랑구 면목동,306000003720080010,37.5911192,127.0861259
8,4064,판매,순진한 강아지,***********,서울특별시 중랑구 망우동,306000003720080006,37.5927106,127.0982045
9,4063,판매,꿀펫,-,서울특별시 성북구 장위동,307000003720210005,37.60920840000001,127.0501516
10,4062,판매,낭만고양이 성북점,02-988-0416,서울특별시 성북구 길음동,307000003720200010,37.209489,127.0636379
11,4061,판매,호펫 강아지 고양이 성신여대본점,0507-1306-9216,서울특별시 성북구 동선동3가,307000003720190009,37.5945128,127.0201163
12,4060,판매,러블리펫,02-909-2082,서울특별시 성북구 하월곡동,307000003720160002,37.5128318,127.1196879
13,4059,판매,페리독,921-6654,서울특별시 성북구 동소문동6가,307000003720140005,41.1450775,-87.87801019999999
14,4058,판매,이마트 하월곡점,02-6936-1252,서울특별시 성북구 하월곡동,307000003720120004,37.6048729,127.0311852
15,4057,판매,(주)그린프레밀리,02-944-1053,서울특별시 성북구 길음동,307000003720120005,,
16,4056,판매,70dog,***********,서울특별시 성북구 정릉동,307000003720110003,39.9017235,-74.83942569999999
17,4055,판매,퍼피돌,941-2407,서울특별시 성북구 장위동,307000003720110002,37.6193246,126.9178285
18,4054,판매,요미독 성북구지점,912-8006,서울특별시 성북구 하월곡동,307000003720110001,37.6048476,127.0449555
19,4053,판매,아름애견,987-6688,서울특별시 성북구 길음동,307000003720080004,37.4419669,129.1774042
20,4052,판매,앙팡애견백화점,941-3700,서울특별시 성북구 장위동,307000003720080002,37.6135303,127.0479336
21,4051,판매,쥬파크,***********,서울특별시 강북구 미아동,308000003720210005,37.7778415,127.1651971
22,4050,판매,VELY DOG,***********,서울특별시 강북구 번동,308000003720190010,34.0138329,-118.1242932
23,4049,판매,멍스,02-983-3866,서울특별시 강북구 미아동,308000003720190008,46.2726571,-76.4757213
24,4048,판매,아이러브 캣,02-990-3359,서울특별시 강북구 수유동,308000003720190007,37.5375132,126.7211097
25,4047,판매,주토피아(zutopia),***********,서울특별시 강북구 수유동,308000003720190002,,
26,4046,판매,펫맘애,***********,서울특별시 강북구 수유동,308000003720180008,36.8322613,127.131011
27,4045,판매,애니몰파크,***********,서울특별시 강북구 번동,308000003720170005,37.6381073,127.0331043
28,4044,판매,삼호동물판매소,***********,서울특별시 강북구 수유동,308000003720170004,34.052185,-118.287374
29,4043,판매,멍가네,***********,서울특별시 강북구 미아동,308000003720160005,37.6322139,127.0253554
30,4042,판매,기다려빵아,***********,서울특별시 강북구 미아동,308000003720160004,37.6123905,127.0256856
31,4041,판매,팁하우스,***********,서울특별시 강북구 미아동,308000003720150001,36.3030221,-84.6122007
32,4040,판매,러브펫 멀티펫샵 수유역점,02-908-5554,서울특별시 강북구 번동,308000003720140001,37.63827920000001,127.029022
33,4039,판매,러브펫 멀티펫샵 수유역점,02-908-5554,서울특별시 강북구 번동,308000003720140002,37.63827920000001,127.029022
34,4038,판매,강아지세상,993-7727,서울특별시 강북구 수유동,308000003720090005,37.2437209,127.0530068
35,4037,판매,하늘애견,919-9742,서울특별시 강북구 수유동,308000003720090002,40.8643266,-73.9969858
36,4036,판매,퍼피하우스,988-7677,서울특별시 강북구 미아동,308000003720080004,40.8525419,-73.9862627
37,4035,판매,강미경의애견미용실,908-6358,서울특별시 강북구 수유동,308000003720080002,34.0575678,-118.3453317
38,4034,판매,도그얌,***********,서울특별시 도봉구 방학동,309000003720210008,37.4665648,126.6791885
39,4033,판매,오조호조,***********,서울특별시 도봉구 도봉동,309000003720210005,,
40,4032,판매,나의첫강아지,***********,서울특별시 도봉구 쌍문동,309000003720200009,,
41,4031,판매,고놈들,6956-7420,서울특별시 도봉구 쌍문동,309000003720200006,37.4867976,126.980714
42,4030,판매,너희가 푸들이라서 좋아,***********,서울특별시 도봉구 방학동,309000003720200004,,
43,4029,판매,사랑해줄개,954-6200,서울특별시 도봉구 도봉동,309000003720200001,37.7491923,127.0341867
44,4028,판매,에스(S)펫,955-0045,서울특별시 도봉구 도봉동,309000003720190023,37.67337360000001,127.0438364
45,4027,판매,에스에이엠,02-955-1400,서울특별시 도봉구 방학동,309000003720190018,35.9501075,128.8549295
46,4026,판매,푼푼호텔,***********,서울특별시 도봉구 쌍문동,309000003720190017,,
47,4025,판매,그루머웅,02-955-1327,서울특별시 도봉구 도봉동,309000003720190015,37.680114,127.046997
48,4024,판매,(주)코스모이펙트,***********,서울특별시 도봉구 창동,309000003720190014,37.5050707,127.0519429
49,4023,판매,삼성동물종합병원,***********,서울특별시 도봉구 쌍문동,309000003720180044,37.6501645,127.0353227
50,4022,판매,솔직하개 정직하개,***********,서울특별시 도봉구 방학동,309000003720160001,37.667259,127.0420722
51,4021,판매,하비동물병원,02-2038-9980,서울특별시 도봉구 창동,309000003720140002,41.2334878,-96.1479584
52,4020,판매,(주) 에이플러스 방학점,02-912-2080,서울특별시 도봉구 방학동,309000003720140001,37.6648017,127.0437103
53,4019,판매,골드퍼피동물병원 공릉점,02-971-5955,서울특별시 노원구 공릉동,310000003720210013,37.639815,127.0686402
54,4018,판매,애완동물 편의점(애니멀쌤),***********,서울특별시 노원구 상계동,310000003720210006,,
55,4017,판매,띠아몽,-,서울특별시 노원구 공릉동,310000003720210001,37.5526625,127.0720103
56,4016,판매,밀레펫,02-2092-1052,서울특별시 노원구 월계동,310000003720200016,37.3244538,126.7532955
57,4015,판매,드비숑,***********,서울특별시 노원구 공릉동,310000003720200005,35.5485192,129.3259257
58,4014,판매,도그마루 강아지고양이 노원점,***********,서울특별시 노원구 상계동,310000003720190023,37.6206102,127.0749119
59,4013,판매,아담스펫강아지&가필드고양이,***********,서울특별시 노원구 상계동,310000003720190011,37.404144,126.725353
60,4012,판매,개냥이네 노원본점,070-4193-0080,서울특별시 노원구 상계동,310000003720190010,37.6571159,127.065214
61,4011,판매,나는펫이다,***********,서울특별시 노원구 상계동,310000003720160004,37.6751869,127.052712
62,4010,판매,내품안의반려견 노원점,02-937-5501,서울특별시 노원구 상계동,310000003720150004,37.6584,127.0650386
63,4009,판매,경기관상어,2092-2056,서울특별시 노원구 중계동,310000003720150001,37.4412567,126.8436519
64,4008,판매,홈플러스 중계점,986-2080,서울특별시 노원구 중계동,310000003720130002,37.6398053,127.068653
65,4007,판매,에이미펫,02-937-7770,서울특별시 노원구 상계동,310000003720120001,37.6610587,127.0667121
66,4006,판매,웰리스동물병원,978-4775,서울특별시 노원구 중계동,310000003720090001,39.100851,-84.26197499999999
67,4005,판매,도그에이드,02-930-6080,서울특별시 노원구 상계동,310000003720080003,36.035369,129.3615629
68,4004,판매,러브펫(홈플러스),972-6543,서울특별시 노원구 중계동,310000003720080002,37.5035125,126.7550458
69,4003,판매,몽냥몽냥 강아지분양 은평점,***********,서울특별시 은평구 수색동,311000003720210009,37.5574239,126.9308798
70,4002,판매,낭만고양이,0260144777,서울특별시 은평구 응암동,311000003720200013,37.5738865,127.0161358
71,4001,판매,아름다운 애견,***********,서울특별시 은평구 응암동,311000003720190012,32.9040449,-96.922067
72,4000,판매,도무스 펫샵,***********,서울특별시 은평구 녹번동,311000003720180072,37.6467805,126.8948223
73,3999,판매,개샵,02-6406-3644,서울특별시 은평구 응암동,311000003720170007,37.5844998,126.9190948
74,3998,판매,은평애견,02-359-0456,서울특별시 은평구 역촌동,311000003720170006,37.6166308,126.9238652
75,3997,판매,러브독스,3950109,서울특별시 은평구 진관동,311000003720170005,29.541036,-95.02784199999999
76,3996,판매,롯데쇼핑토이저러스은평점,02-2097-2600,-,311000003720170004,37.6391558,126.9191713
77,3995,판매,GG클럽,023560045,서울특별시 은평구 대조동,311000003720170003,45.5500411,-75.2633361
78,3994,판매,메르시몽프레,***********,-,311000003720170002,37.6206602,126.9204168
79,3993,판매,멍멍이,02-384-0079,서울특별시 은평구 대조동,311000003720150003,37.6156232,126.9244325
80,3992,판매,런닝독,***********,서울특별시 은평구 응암동,311000003720150001,37.2663898,127.0303506
81,3991,판매,에이플코리아(주) 범서점 롯데슈퍼내,02-382-8654,서울특별시 은평구 불광동,311000003720140004,37.6185552,126.9218624
82,3990,판매,디지탈디자인(INTERZOO),02-308-8494,서울특별시 은평구 수색동,311000003720140003,37.578122,126.9001334
83,3989,판매,Pet#,***********,서울특별시 은평구 역촌동,311000003720140002,37.20326120000001,-95.7111771
84,3988,판매,로얄수족관(본사: 2690-7311),02-380-1054,서울특별시 은평구 응암동,311000003720130009,,
85,3987,판매,로얄 수족관(본사: 2690-7311),02-6943-1052,서울특별시 은평구 수색동,311000003720130010,,
86,3986,판매,고인걸애견미용？,***********,서울특별시 은평구 불광동,311000003720110002,37.6113042,126.9316314
87,3985,판매,바오펫살롱,***********,서울특별시 서대문구 연희동,312000003720210006,37.5754798,126.9361793
88,3984,판매,마포 고양이분양 나비캣,***********,서울특별시 서대문구 연희동,312000003720200013,37.4208775,126.7310291
89,3983,판매,몽냥몽냥,02-332-7660,서울특별시 서대문구 창천동,312000003720190008,37.5574239,126.9308798
90,3082,판매,애견나라,***********,인천광역시 부평구 십정동,354000003720100004,34.0528676,-118.2981448
91,3081,판매,대한애견(왕왕이),521-0302,인천광역시 부평구 산곡동,354000003720080012,37.5045375,126.7018871
92,3080,판매,롯데애견,523-2645,인천광역시 부평구 부평동,354000003720080005,37.68401679999999,126.7755416
93,3079,판매,예삐애견샵,032-361-0309,인천광역시 부평구 부개동,354000003720080001,38.8381149,-77.4374659
94,3078,판매,강아지마을,422-3396,인천광역시 부평구 십정동,354000003720080002,37.3333508,127.0971852
95,3077,판매,묘랑 고양이 전문호텔,***********,인천광역시 계양구 작전동,355000003720210014,37.5318121,126.7217513
96,3076,판매,정직한보호소,***********,인천광역시 계양구 다남동,355000003720210008,37.55482689999999,126.9108418
97,3075,판매,어스펫(US-pet),-,인천광역시 계양구 장기동,355000003720210004,39.55595659999999,-104.9947002
98,3074,판매,큐브그루밍,032-544-6464,인천광역시 계양구 효성동,355000003720210001,37.5293024,126.7172246
99,3073,수입 판매 미용,퍼피월드,032-551-7896,인천광역시 계양구 장기동,355000003720200017,33.4121894,126.3929502
100,3072,판매,라이프독 인천본점 강아지고양이,***********,인천광역시 계양구 계산동,355000003720200015,37.5430064,126.731017
101,3071,판매,냥이랜드,***********,인천광역시 계양구 계산동,355000003720200009,,
102,3070,판매,꼬마고양이,***********,인천광역시 계양구 효성동,355000003720200007,37.6326586,126.8325556
103,3069,판매 전시 위탁관리,작은숲,***********,인천광역시 계양구 계산동,355000003720200006,37.6802283,126.8636392
104,3068,판매,써니캣,***********,인천광역시 계양구 효성동,355000003720200004,,
105,3067,판매 전시,미니몬스터,***********,인천광역시 계양구 임학동,355000003720200002,37.5473809,126.7364095
106,3066,판매 미용,쿨펫동물병원,***********,인천광역시 계양구 계산동,355000003720190005,36.8264712,127.1406664
107,3065,판매 위탁관리 미용,A-PET,***********,인천광역시 계양구 용종동,355000003720180045,41.3912086,-81.53474419999999
108,3064,판매 위탁관리 미용,요크독애견샵,***********,인천광역시 계양구 작전동,355000003720180020,37.5280168,126.7347351
109,3063,판매,우리동네강아지,***********,인천광역시 계양구 용종동,355000003720170006,37.5672622,126.7491306
110,3062,판매,피싱캣,***********,인천광역시 계양구 계산동,355000003720170004,37.2417524,126.8875799
111,3061,판매,개모찌,***********,인천광역시 계양구 작전동,355000003720170003,37.5283762,126.729313
112,3060,판매,영농조합 다송펫,***********,인천광역시 계양구 상야동,355000003720160001,37.9938861,127.0702893
113,3059,판매,도그템,***********,인천광역시 계양구 효성동,355000003720150004,,
114,3058,판매,개상륙작전,***********,인천광역시 계양구 작전동,355000003720150003,37.4196092,126.6542628
115,3057,판매,썸타는 멍멍이,***********,인천광역시 계양구 작전동,355000003720150002,37.4040842,126.7255227
116,3056,판매,히트독,***********,인천광역시 계양구 작전동,355000003720150001,37.5245859,126.7282596
117,3055,판매,해피독,***********,인천광역시 계양구 계산동,355000003720140004,37.5509786,126.8495382
118,3054,판매,임피리얼펫,***********,인천광역시 계양구 작전동,355000003720130007,33.9173627,-118.0261792
119,3053,판매,도그하우스,***********,인천광역시 계양구 효성동,355000003720130003,42.3717202,-83.7169914
120,3052,판매,(주)그린아쿠아펫,***********,인천광역시 계양구 계산동,355000003720120008,37.4413047,126.8415617
121,3051,판매,아지애견,***********,인천광역시 계양구 계산동,355000003720120006,37.7220529,127.0432587
122,3050,판매,로얄수족관,***********,인천광역시 계양구 작전동,355000003720120004,39.7518486,-105.0140113
123,3049,판매,올댓퍼피,***********,인천광역시 계양구 계산동,355000003720120001,37.7343969,127.0437148
124,3048,판매,자연동물병원,***********,인천광역시 계양구 작전동,355000003720100003,33.881812,-84.162307
125,3047,판매,화이트홀,***********,인천광역시 계양구 계산동,355000003720130006,35.5777398,-97.61819949999999
126,3046,판매,베테랑P&K(청라점),032-565-1315,인천광역시 서구 청라동,356000003720210015,37.1706543,127.1195772
127,3045,판매,블링퍼피,***********,인천광역시 서구 가정동,356000003720210013,,
128,3044,판매,인천 강아지분양 24시 꽃개,***********,인천광역시 서구 청라동,356000003720210009,37.4562557,126.7052062
129,3043,판매 전시 위탁관리 미용,어스독 인천점,***********,인천광역시 서구 가좌동,356000003720210004,37.4985652,126.6860233
130,3042,판매,댕댕이집 강아지분양 청라본점,16006347,인천광역시 서구 청라동,356000003720200025,37.5326922,126.6560861
131,3041,수입 판매 운송,앤 펫,***********,인천광역시 서구 청라동,356000003720200023,37.4025983,126.7210955
132,3040,판매 위탁관리,하리네쉼터 인천,***********,인천광역시 서구 신현동,356000003720200020,37.7350726,126.2959398
133,3039,판매,홈플러스 청라점(아이러브펫),0325632830,인천광역시 서구 청라동,356000003720200019,37.5322987,126.6487122
134,3038,판매,(주)야옹아멍멍해봐펫 강아지고양이 인천청라점,-,인천광역시 서구 청라동,356000003720200018,37.533307,126.651138
135,3037,판매,스퀘어독스 펫,-,인천광역시 서구 청라동,356000003720200012,37.5307102,126.6609006
136,3036,판매,인천 강아지 멍블랑 청라본점,0325620301,인천광역시 서구 청라동,356000003720200009,37.5307102,126.6609006
137,3035,판매,새한어조원,***********,인천광역시 서구 가좌동,356000003720200007,37.4870839,126.685416
138,3034,판매 전시 위탁관리 미용,제이블랑,***********,인천광역시 서구 청라동,356000003720200003,36.6348518,127.4861885
139,3033,판매,독끼(DOGKKI),16666229,인천광역시 서구 청라동,356000003720190029,37.6541811,126.8931161
140,3032,판매,깅곰펫,***********,인천광역시 서구 청라동,356000003720190027,,
141,3031,수입 판매 전시 위탁관리 미용,KOZIT,***********,인천광역시 서구 청라동,356000003720190020,49.2621917,-123.1305375
142,3030,판매 위탁관리 미용,스타일독,032-561-7009,인천광역시 서구 왕길동,356000003720180077,45.6978236,-122.542649
143,3029,판매,은별이네,032-561-9344,인천광역시 서구 청라동,356000003720180076,37.3249554,126.8378893
144,3028,판매 전시,꽁지,***********,인천광역시 서구 청라동,356000003720180070,34.0633595,-118.2971542
145,3027,판매 미용,수애견,***********,인천광역시 서구 가좌동,356000003720180067,34.2062927,-118.5364738
146,3026,수입 판매 전시 위탁관리 미용,이카루스 팩토리,***********,인천광역시 서구 청라동,356000003720180065,,
147,3025,판매 위탁관리 미용,젠틀독,032-569-4114,인천광역시 서구 청라동,356000003720180063,37.5371898,126.6608188
148,3024,판매 미용,헤르젠PH컷,0325770365,인천광역시 서구 가좌동,356000003720180061,,
149,3023,판매,펫퍼스트 24시 강아지분양 고양이분양,***********,인천광역시 서구 청라동,356000003720180053,37.533307,126.651138
150,3022,판매 미용,우리동물병원,0325660075,인천광역시 서구 연희동,356000003720180034,36.7780946,126.4579741
151,3021,판매,판다팜 서구신현점,0325729341,인천광역시 서구 신현동,356000003720180033,37.5179144,126.6725454
152,3020,판매 위탁관리 미용,헬로퍼피,0325637961,인천광역시 서구 마전동,356000003720180032,40.7620348,-73.9710118
153,3019,판매 위탁관리 미용,청라종합동물병원,0325830366,인천광역시 서구 청라동,356000003720180027,37.5315958,126.648012
154,3018,판매 위탁관리 미용,비숑이즈,0325681533,인천광역시 서구 연희동,356000003720180025,37.532556,126.6529049
155,3017,판매 미용,베이비몽 인천점,0325619770,인천광역시 서구 경서동,356000003720180022,37.5184221,126.9053485
156,3016,판매 위탁관리 미용,도그반하다,0325669554,인천광역시 서구 검암동,356000003720180013,37.5601704,126.6734462
157,3015,판매 미용,아지랑양이,0325652558,인천광역시 서구 마전동,356000003720180012,37.6045958,126.6677202
158,3014,판매 전시 위탁관리 미용,놀아주시개,-,인천광역시 서구 가좌동,356000003720180009,37.4960422,126.6850351
159,3013,수입 판매 전시 위탁관리 미용 운송,스퀘어독스,0325681063,인천광역시 서구 연희동,356000003720180004,40.7307044,-73.9986304
160,3012,수입 판매,루하,-,인천광역시 서구 연희동,356000003720180001,37.5668224,126.6853921
161,3011,판매,펫 매니저,***********,인천광역시 서구 검암동,356000003720170009,43.7687022,-79.4123463
162,3010,판매,서구애견센타,0325765726,-,356000003720170007,37.5112318,126.6723323
163,3009,판매,마이펫,***********,인천광역시 서구 석남동,356000003720170005,37.4352114,126.7522063
164,3008,판매,고양이 유치원,-,인천광역시 서구 석남동,356000003720170004,37.5066765,126.6709088
165,3007,판매,상상도그,032-568-0907,인천광역시 서구 연희동,356000003720170003,49.2635245,-123.1540179
166,3006,판매,도그월드 가정지구점,032-566-8698,인천광역시 서구 가정동,356000003720170001,37.5542873,126.6730129
167,3005,판매,젊은열대어,-,인천광역시 서구 불로동,356000003720160008,37.61311,126.6845999
168,3004,판매,베이비 몽,***********,인천광역시 서구 연희동,356000003720160007,37.5184221,126.9053485
169,3003,판매,총각블라인드&디자인독,***********,인천광역시 서구 마전동,356000003720160006,,
170,3002,판매,뮤뮤,***********,인천광역시 서구 연희동,356000003720160001,37.5120464,127.0841726
171,3001,판매,노블펫,032-562-4031,인천광역시 서구 경서동,356000003720150027,37.5252312,126.6295023
172,3000,판매,경기관상어,0325602500,인천광역시 서구 마전동,356000003720140012,37.4412567,126.8436519
173,2999,판매,인천조류원,***********,-,356000003720140008,37.612218,126.6621936
174,2998,판매,애견용품 할인매장,***********,인천광역시 서구 석남동,356000003720140006,37.5113197,126.6727708
175,2997,판매,도그샵,***********,인천광역시 서구 연희동,356000003720140004,34.0654181,-118.3093365
176,2996,판매,럭셔리하개,***********,-,356000003720140003,37.391987,126.9240821
177,2995,판매,도그박스(DOGBOX),***********,-,356000003720140002,32.686821,-117.1160424
178,2994,판매,아이러브 펫 동물병원 청라점,0325658270,-,356000003720130003,37.5035125,126.7550458
179,2993,판매,(주)이마트 검단점,032-440-1054,인천광역시 서구 당하동,356000003720150014,37.5855344,126.6771944
180,2992,판매,아쿠아 오리지널(롯데마트 검단점),031-711-7785,인천광역시 서구 마전동,356000003720150017,37.5943198,126.6644513
181,2991,판매,아쿠라 플러스(주) 가좌홈플러스점,032-563-8000,인천광역시 서구 가좌동,356000003720150015,37.4975674,126.6706903
182,2990,판매,쿨펫동물병원(가좌 홈플러스점),032-576-0045,인천광역시 서구 가좌동,356000003720150013,37.4516923,126.7019408
183,2989,판매,퍼피크루,032-566-0155,인천광역시 서구 심곡동,356000003720150012,37.3820712,126.9576968
184,2988,판매,해피펫,032-561-7450,인천광역시 서구 마전동,356000003720150010,33.9289963,-117.8999728
185,2987,판매,핫도그,032-568-6333,인천광역시 서구 검암동,356000003720150009,37.3246175,-122.0106471
186,2986,판매,메인독,070-4155-1119,인천광역시 서구 석남동,356000003720150008,32.706652,-115.5133557
187,2985,판매,아지와 옹이,032-561-9004,인천광역시 서구 검암동,356000003720150007,,
188,2984,판매,행복한동물병원,032-561-7508,인천광역시 서구 당하동,356000003720150006,37.2246718,-95.73800419999999
189,2983,판매,25시파랑새동물병원,032-567-2575,인천광역시 서구 마전동,356000003720150005,,
190,2982,판매,쿨펫동물병원 이마트 검단점,032-565-7975,인천광역시 서구 당하동,356000003720150004,37.5855408,126.6769262
191,2981,판매 미용,러브독애견카페,***********,인천광역시 강화군 내가면 외포리,357000003720210001,37.7065255,126.3826522
192,2980,판매,광주강아지분양 몽슈슈,***********,광주광역시 동구 대인동,359000003720190007,35.1551084,126.9136953
193,2979,판매,충장로 미쓰멍,***********,광주광역시 동구 호남동,359000003720180008,35.1479129,126.9126167
194,2978,판매,블랑펫(BLANC PET),062-651-3216,광주광역시 동구 불로동,359000003720180001,42.9276415,-83.628379
195,2977,판매,꼬냥이카페,-,광주광역시 동구 불로동,359000003720150001,35.1475032,126.9177987
196,2976,판매,루이비독,***********,광주광역시 동구 금동,359000003720140002,40.7630834,-73.9735461
197,2975,판매,애견11번가,***********,광주광역시 동구 호남동,359000003720130003,,
198,2974,판매,플라잉독,***********,광주광역시 동구 황금동,359000003720130001,35.1474424,126.915834
199,2973,판매,화이트펫#,***********,광주광역시 동구 금동,359000003720120009,37.5519,127.131188
200,2972,판매,꼴통애견,062-226-2757,광주광역시 동구 학동,359000003720110002,35.1356998,126.9261128
201,2971,판매,애견가족,062-225-0303,광주광역시 동구 불로동,359000003720110001,35.1440761,126.9151789
202,2970,판매,손금선애견세상,062-232-5683,광주광역시 동구 호남동,359000003720080001,35.14741790000001,126.9118758
203,2969,판매,롱하우스,***********,광주광역시 서구 금호동,360000003720210013,37.186845,-108.5358085
204,2968,판매,쓰담,***********,광주광역시 서구 내방동,360000003720210002,37.5800696,127.0042632
205,2967,판매,스트롤펫,***********,광주광역시 서구 치평동,360000003720200019,,
206,2966,판매,버디독,***********,광주광역시 서구 금호동,360000003720200013,35.1300136,126.8546397
207,2965,판매,붕가붕가샵,***********,광주광역시 서구 쌍촌동,360000003720200004,35.1567874,126.8632578
208,2964,판매,까르르멍멍,062-371-5982,광주광역시 서구 화정동,360000003720190024,35.1538605,126.875031
209,2963,판매,크리스타일,***********,광주광역시 서구 쌍촌동,360000003720190014,42.352685,-73.288468
210,2962,판매,이쁘개귀엽개,062-382-0342,광주광역시 서구 화정동,360000003720190010,35.14291410000001,126.8760946
211,2961,판매,미유펫강아지고양이광주점,062-384-1777,광주광역시 서구 쌍촌동,360000003720180009,35.1469122,126.8536514
212,2960,판매,버터플라이 포메라니안,***********,광주광역시 서구 광천동,360000003720180001,43.6241774,-79.47727560000001
213,2959,판매,해피애견타운 강아지고양이광주점,***********,광주광역시 서구 쌍촌동,360000003720170006,37.5024414,127.1100893
214,2958,판매,빅펫하우스(상무점),-,광주광역시 서구 쌍촌동,360000003720170005,35.1511282,126.8658267
215,2957,판매,폼스,062-416-4848,광주광역시 서구 풍암동,360000003720170004,31.7762446,-106.3892458
216,2956,판매,펫플,-,광주광역시 서구 화정동,360000003720170002,35.2587976,129.0878889
217,2955,판매,펫마켓 서구점,062-373-9319,광주광역시 서구 쌍촌동,360000003720170001,35.1428445,126.8581506
218,2954,판매,알로하펫,062-351-6997,광주광역시 서구 화정동,360000003720160009,35.7143671,127.5799683
219,2953,판매,뽀삐살롱,062-373-8841,광주광역시 서구 금호동,360000003720160004,37.4835267,126.8954883
220,2952,판매,미스터도그,070-4090-9111,광주광역시 서구 쌍촌동,360000003720160003,35.54073760000001,129.2583724
221,2951,판매,골든스카이,***********,광주광역시 서구 광천동,360000003720160002,34.1869444,-118.4475
222,2950,판매,펫왕국명품애견분양 강아지와고양이,062-383-8590,-,360000003720150002,35.1556266,126.8602086
223,2949,판매,노블레스 독,***********,광주광역시 서구 화정동,360000003720140007,37.8656111,126.8029914
224,2948,판매,스테이독,***********,광주광역시 서구 화정동,360000003720140005,37.2503298,126.5216894
225,2947,판매,폼생폼사,***********,광주광역시 서구 쌍촌동,360000003720140004,37.4980594,127.1443912
226,2946,판매,도긴어스,652-5559,광주광역시 서구 금호동,360000003720140001,35.1241259,126.859624
227,2945,판매,까까요독,955-3800,광주광역시 서구 동천동,360000003720130004,37.6167075,126.6886645
228,2944,판매,(주)밀레펫(이마트광주점),360-0054,광주광역시 서구 화정동,360000003720120006,35.1587752,126.8820833
229,2943,판매,(주)롯데마트(월드컵점),610-2500,광주광역시 서구 풍암동,360000003720120004,35.132948,126.876854
230,2942,판매,개똥이와냐옹이,652-3652,광주광역시 서구 풍암동,360000003720120003,35.1300044,126.8677622
231,2941,판매,세븐 독,383-2579,광주광역시 서구 쌍촌동,360000003720110002,35.1564385,126.8632528
232,2940,판매,주주클럽,383-7980,광주광역시 서구 쌍촌동,360000003720090001,35.1167116,129.109314
233,2939,판매,펫프렌즈,-,광주광역시 서구 풍암동,360000003720080001,37.5113105,127.0498419
234,2938,판매,냥냥스토리 광주고양이분양,***********,광주광역시 남구 사동,361000003720210008,35.1595454,126.8526012
235,2937,판매,샤인독,-,광주광역시 남구 월산동,361000003720190019,36.53045729999999,-93.46172800000001
236,2936,판매,러블리 펫,062-654-5235,광주광역시 남구 백운동,361000003720190008,35.26486939999999,128.6196818
237,2935,판매,성원펫랜드,062-352-7775,광주광역시 남구 월산동,361000003720180001,,
238,2934,판매,Lovely아지,062-652-5545,광주광역시 남구 진월동,361000003720170001,35.1136938,126.9048373
239,2933,판매,애견조아,***********,광주광역시 남구 구동,361000003720160003,35.1463651,126.911102
240,2932,판매,에바다애견,***********,광주광역시 남구 구동,361000003720160002,35.1464962,126.9114622
241,2931,판매,펫월드,062-676-9319,광주광역시 남구 주월동,361000003720160001,39.1724791,-96.6021162
242,2930,판매,땡구야놀자,***********,광주광역시 남구 사동,361000003720140006,37.48759,126.9926192
243,2929,판매,우리집강아지,***********,광주광역시 남구 사동,361000003720140005,37.5474953,127.0549957
244,2928,판매,바람난강아지,***********,광주광역시 남구 사동,361000003720140003,38.0752533,128.6230164
245,2927,판매,슈퍼독,062-229-0707,광주광역시 남구 백운동,361000003720140001,41.9967817,-87.78703469999999
246,2926,판매,주)밀레펫,062-611-1119,광주광역시 남구 봉선동,361000003720130002,37.3244538,126.7532955
247,2925,판매,짱구 애견 하우스,0626760025,광주광역시 남구 구동,361000003720130001,35.1462048,126.9117154
248,2924,판매,나현애견,062-653-2669,광주광역시 남구 구동,361000003720120001,35.1456173,126.9101374
249,2923,판매,나현애견,653-2669,광주광역시 남구 구동,361000003720100001,35.1456173,126.9101374
250,2922,판매,애견가족,225-0303,광주광역시 남구 구동,361000003720090001,35.1440761,126.9151789
251,2921,판매,빛고을애견,676-1800,광주광역시 남구 구동,361000003720080010,35.0364681,126.8545098
252,2920,판매,사람과애견,653-3305,광주광역시 남구 구동,361000003720080009,35.1460659,126.9118689
253,2919,판매,바람난강아지,374-8859,광주광역시 남구 사동,361000003720080008,38.0752533,128.6230164
254,2918,판매,하얀강아지,671-0079,광주광역시 남구 구동,361000003720080002,36.9714777,127.9153894
255,2917,판매,명품애견,675-0019,광주광역시 남구 구동,361000003720080004,36.4232137,127.3900753
256,2916,판매,베스트애견,961-7857,광주광역시 남구 구동,361000003720080003,40.8278015,-74.3559752
257,2915,판매,아름다운애견세상,653-2669,광주광역시 남구 구동,361000003720080001,35.1577458,126.9354029
258,2914,판매,야옹아멍멍해봐삼각점,062-400-8665,광주광역시 북구 삼각동,362000003720210016,36.6083676,127.4804659
259,2913,판매,새롬,***********,광주광역시 북구 두암동,362000003720210015,39.2824438,-76.8709717
260,2912,판매,데일리펫 위드독스,070-4117-0918,광주광역시 북구 동림동,362000003720200010,,
261,2911,판매,비오비애견용품아울렛(교대점),062-672-1072,광주광역시 북구 풍향동,362000003720200008,33.931087,-118.055639
262,2910,판매,베이비멍,062)268-2362,광주광역시 북구 연제동,362000003720180072,37.5184221,126.9053485
263,2909,판매,차카차카패밀리카페,***********,광주광역시 북구 양산동,362000003720180062,35.2090704,126.8802478
264,2908,판매,광주강아지분양 레이펫,062)223-6781,광주광역시 북구 두암동,362000003720180033,35.1681041,126.9325074
265,2907,판매,비오비애완용품아울렛(운암점),062-526-8001,광주광역시 북구 운암동,362000003720180020,35.1730584,126.8867762
266,2906,판매,데일리도그,062-522-1259,광주광역시 북구 운암동,362000003720180017,34.0628089,-118.3024826
267,2905,판매,개맑음,***********,광주광역시 북구 오치동,362000003720180002,35.1905932,126.9051956
268,2904,판매,비오비애완용품아울렛(중흥점),062-511-1072,광주광역시 북구 중흥동,362000003720170002,35.1729379,126.9163762
269,2903,판매,꽃개,062-264-4523,광주광역시 북구 두암동,362000003720120001,34.0550836,-118.2919226
270,2902,판매,애견사랑,0625741799,광주광역시 북구 양산동,362000003720150006,34.0512106,-118.3085326
271,2901,판매,펫월드,062)522-9319,광주광역시 북구 용봉동,362000003720150005,39.1724791,-96.6021162
272,2900,판매,개소리,-,광주광역시 북구 양산동,362000003720150003,36.328106,127.4159147
273,2899,판매,요술펫,070-7578-8562,광주광역시 북구 오치동,362000003720140002,35.1865995,126.8985703
274,2898,판매,홈플러스 동광주점,***********,광주광역시 북구 두암동,362000003720120003,35.1792695,126.9303649
275,2897,생산 판매,코코애견클럽,-,광주광역시 북구 두암동,362000003720120002,34.0654181,-118.3093365
276,2896,판매,아이러브독,062-955-3800,광주광역시 북구 동림동,362000003720100001,37.5497575,127.0901813
277,2895,판매,에스도그샵,***********,광주광역시 북구 신용동,362000003720090001,34.9522366,127.4837934
278,2894,판매,엔젤애견,571-9988,광주광역시 북구 삼각동,362000003720080005,35.2056164,126.8984311
279,2893,판매,호야애견주식회사,267-0361,광주광역시 북구 오치동,362000003720080001,35.1871008,126.9145415
280,2892,판매,파크독,***********,광주광역시 광산구 송정동,363000003720210022,40.6730055,-73.98577449999999
281,2891,판매,모나미 네코 광주점,***********,광주광역시 광산구 수완동,363000003720210019,35.1595454,126.8526012
282,2890,판매,멍냥꽁냥,***********,광주광역시 광산구 선암동,363000003720210018,,
283,2889,판매,비오비애완용품아울렛(신창점),***********,광주광역시 광산구 신창동,363000003720210013,35.1952641,126.838345
284,2888,판매,The 사랑해줄개,***********,광주광역시 광산구 우산동,363000003720210008,37.7491923,127.0341867
285,2887,판매,나비캣고양이,***********,광주광역시 광산구 장덕동,363000003720210007,37.5191564,127.0295685
286,2886,판매,광주고양이분양이츠캣,***********,광주광역시 광산구 쌍암동,363000003720210003,35.221174,126.8525178
287,2885,판매,야옹아멍멍해봐 월곡점,***********,광주광역시 광산구 월곡동,363000003720200019,35.1737371,126.8086892
288,2884,판매,펫블리강아지&미라클고양이,***********,광주광역시 광산구 장덕동,363000003720200014,35.1897967,126.8157679
289,2883,판매,위드퍼피숑,***********,광주광역시 광산구 수완동,363000003720200012,36.8352369,127.1385728
290,2882,판매,멍멍이가족,***********,광주광역시 광산구 운남동,363000003720200002,,
291,2881,판매,아이러브독 강아지애견 광주점,***********,광주광역시 광산구 장덕동,363000003720200001,35.1948598,126.8136846
292,2880,판매,로던트클럽,062-952-5949,광주광역시 광산구 신가동,363000003720190007,35.1853528,126.8392063
293,2879,판매,냐옹냐옹고양이카페,-,광주광역시 광산구 장덕동,363000003720180100,35.1899197,126.8184756
294,2878,판매,펫스토리,062-955-6279,광주광역시 광산구 흑석동,363000003720180095,37.6592047,126.7673379
295,2877,판매,패밀리애견,***********,광주광역시 광산구 월계동,363000003720180065,35.2204546,126.8434615
296,2876,판매,데려가개 강아지고양이 광주본점,***********,광주광역시 광산구 흑석동,363000003720180052,35.1805237,126.8100856
297,2875,판매,뽀송 펫 살롱,***********,광주광역시 광산구 장덕동,363000003720170003,37.5530469,126.8474847
298,2874,판매,똥강아지,-,광주광역시 광산구 신가동,363000003720160007,37.5030981,126.7609064
299,2873,판매,야옹아멍멍해봐,***********,광주광역시 광산구 도천동,363000003720160004,36.6341572,127.4456282
300,2872,판매,펫살롱,***********,광주광역시 광산구 선암동,363000003720160001,37.5530469,126.8474847
301,2871,판매,핫 독,***********,광주광역시 광산구 신창동,363000003720140004,34.0656955,-118.3084532
302,2870,판매,노블레스 독,***********,광주광역시 광산구 신촌동,363000003720140003,37.8656111,126.8029914
303,2869,판매,호야애견 본점,062-951-1565,광주광역시 광산구 장덕동,363000003720140001,40.76338440000001,-73.9675611
304,2868,판매,퍼피스타,062-945-1900,광주광역시 광산구 도산동,363000003720130003,45.5207156,-122.6838743
305,2867,판매,(주)롯데마트(첨단점),962-2500,광주광역시 광산구 쌍암동,363000003720120006,35.2163562,126.8520507
306,2866,판매,(주)롯데마트(수완점),975-2500,광주광역시 광산구 장덕동,363000003720120007,35.190248,126.8206793
307,2865,판매,홈플러스 하남점,062-616-8000,광주광역시 광산구 하남동,363000003720120003,37.5383333,127.2125
308,2864,판매,(주) 밀레펫,949-1051,광주광역시 광산구 우산동,363000003720120004,37.3244538,126.7532955
309,2863,판매,아이퍼피,062-955-8280,광주광역시 광산구 수완동,363000003720110001,34.0512106,-118.3085326
310,2862,판매,꿈꾸는 강아지,952-5828,광주광역시 광산구 신가동,363000003720100001,36.344881,127.341016
311,2861,판매,작은동물원수족관,***********,대전광역시 동구 가오동,364000003720210015,36.301327,127.322431
312,2860,판매,코리아펫,***********,대전광역시 동구 용운동,364000003720210013,34.0765487,-118.3058619
313,2859,판매,냥이파파,***********,대전광역시 동구 용전동,364000003720210010,37.6234231,126.711439
314,2858,판매,도꾸 놀이터,0424830369,대전광역시 동구 가오동,364000003720210009,35.553308,129.3203385
315,2857,판매,뽀삐 애견샵,***********,대전광역시 동구 가양동,364000003720210007,38.20406759999999,128.5779858
316,2856,판매 미용,로열독,***********,-,364000003720170005,36.3398271,127.4486382
317,2855,판매,팝스 컴퍼니,***********,대전광역시 동구 대동,364000003720210005,33.7576608,-84.3647448
318,2854,판매,멍품,***********,대전광역시 동구 가양동,364000003720210001,37.0817362,127.060391
319,2853,판매,로얄수족관,-,대전광역시 동구 용전동,364000003720200019,39.7518486,-105.0140113
320,2852,판매,하나애견,0426318880,대전광역시 동구 용전동,364000003720200016,36.6356855,127.4756705
321,2851,판매,야옹아 멍멍해봐,***********,대전광역시 동구 가오동,364000003720200013,36.6341572,127.4456282
322,2850,판매,루이비독,***********,대전광역시 동구 자양동,364000003720200008,40.7630834,-73.9735461
323,2849,판매,퍼피루스,-,대전광역시 동구 용운동,364000003720200006,32.929809,-96.81988059999999
324,2848,판매,쥬티펫 앤 캣,-,대전광역시 동구 용전동,364000003720200003,,
325,2847,판매 위탁관리 미용,멍멍하니?,***********,대전광역시 동구 가양동,364000003720200001,36.34243170000001,127.4476462
326,2846,판매 위탁관리 미용,몽실몽실,***********,대전광역시 동구 가양동,364000003720190021,40.8461089,-73.9994928
327,2845,판매 위탁관리,헬로펫애견,042-286-0892,대전광역시 동구 가오동,364000003720190019,35.8337906,127.1627256
328,2844,판매,라온캣,***********,대전광역시 동구 삼성동,364000003720190003,36.3400304,127.4199775
329,2843,판매,일프로 애견,***********,대전광역시 동구 용전동,364000003720180039,37.3032247,126.8409377
330,2842,판매 위탁관리,금성애견,***********,대전광역시 동구 소제동,364000003720180015,35.8454802,129.2068127
331,2841,판매 미용,더폼나고 더폼나개,***********,대전광역시 동구 대동,364000003720180011,36.325079,127.445697
332,2840,판매 위탁관리 미용,지니애견,***********,대전광역시 동구 가양동,364000003720180007,36.3498314,127.4465812
333,2839,판매,위드도그(With dog),***********,대전광역시 동구 천동,364000003720180001,35.8003075,-78.7925017
334,2838,판매,예쁜 강아지,***********,대전광역시 동구 홍도동,364000003720170006,37.8734247,127.7205072
335,2837,판매,더 개편한 세상,***********,대전광역시 동구 용전동,364000003720170004,36.3572806,127.4351199
336,2836,판매,리틀애견타운,***********,대전광역시 동구 낭월동,364000003720170002,36.3266702,127.4279989
337,2835,판매,미유펫 강아지고양이 대전점,042-526-0974,대전광역시 동구 삼성동,364000003720160002,36.3456696,127.418718
338,2834,판매,베이비독,***********,대전광역시 동구 효동,364000003720150001,37.5333386,127.0687835
339,2833,판매,땡자애견,***********,대전광역시 동구 용전동,364000003720140002,36.3572224,127.4325253
340,2832,판매,펫플러스,***********,대전광역시 동구 용전동,364000003720150002,35.2045008,128.9736239
341,2831,판매,노블캣,***********,대전광역시 동구 자양동,364000003720120006,36.16520879999999,127.2328928
342,2830,판매,(주)에버플러스,***********,대전광역시 동구 용전동,364000003720120003,37.3913954,126.9198805
343,2829,판매,더펫,***********,대전광역시 동구 가오동,364000003720100002,37.5519484,126.916256
344,2828,판매,코리아애견,***********,대전광역시 동구 가양동,364000003720080001,36.3474635,127.4497836
345,2827,판매,거상애견,***********,대전광역시 동구 삼성동,364000003720080004,36.3422458,127.4181664
346,2826,판매,훈이애견,***********,대전광역시 동구 용운동,364000003720080002,36.3281446,127.4571743
347,2825,판매,홈 펫,***********,대전광역시 중구 중촌동,365000003720210010,37.5037468,127.1140739
348,2824,판매,댕댕 일번가,***********,대전광역시 중구 석교동,365000003720210006,,
349,2823,판매,야옹아 멍멍해봐,042-582-1045,대전광역시 중구 유천동,365000003720190009,36.6341572,127.4456282
350,2822,판매,탑애견,***********,대전광역시 중구 대흥동,365000003720190007,37.2789592,126.9993922
351,2821,판매,하나로 플라워 수족관,042-581-2004,대전광역시 중구 안영동,365000003720180025,33.763382,-84.3951098
352,2820,판매,상콤발랄 헬로퍼피,042-221-0702,대전광역시 중구 사정동,365000003720180022,36.3272079,127.4296277
353,2819,판매,투투펫,042-223-0922,대전광역시 중구 대흥동,365000003720180002,37.6600058,127.1708581
354,2818,판매,엉클스캣,***********,대전광역시 중구 유천동,365000003720170009,36.3160279,127.3947274
355,2817,판매,쥬티펫,638-4949,대전광역시 중구 산성동,365000003720170008,36.3047954,127.3857453
356,2816,판매,작은동물원,***********,대전광역시 중구 대흥동,365000003720170003,36.786118,127.3232079
357,2815,판매,데이즈,042-335-1139,대전광역시 중구 은행동,365000003720160004,35.3849632,-97.4959767
358,2814,판매,개소리애견,***********,대전광역시 중구 선화동,365000003720150002,36.328106,127.4159147
359,2813,판매,대전애견경매장,042-272-0454,대전광역시 중구 대흥동,365000003720140005,36.3270676,127.4296978
360,2812,판매,쥬티펫,***********,대전광역시 중구 태평동,365000003720140001,36.3047954,127.3857453
361,2811,판매,제일애견,252-5054,대전광역시 중구 은행동,365000003720130002,36.3267489,127.4275715
362,2810,판매,연지하우스판매,***********,대전광역시 중구 사정동,365000003720130006,35.1824154,126.9094643
363,2809,판매,(주)에이플러스,***********,대전광역시 중구 문화동,365000003720140006,37.3162128,126.7479251
364,2808,판매,야옹아 멍멍해봐 대흥점,221-9444,대전광역시 중구 대흥동,365000003720130011,37.1421473,127.0700397
365,2807,판매,대전명품애견,255-3323,대전광역시 중구 대흥동,365000003720130005,36.4232137,127.3900753
366,2806,판매,크르릉,***********,대전광역시 서구 도안동,366000003720210027,37.539286,126.841764
367,2805,판매,페르시안캣,***********,대전광역시 서구 도안동,366000003720210021,35.9510915,126.9592099
368,2804,판매,피터펫,***********,대전광역시 서구 탄방동,366000003720210012,35.2087668,129.2062594
369,2803,판매,미유펫 강아지고양이 둔산점,***********,대전광역시 서구 탄방동,366000003720200048,35.1908065,129.0905416
370,2802,판매,대전고양이 루나캣,***********,대전광역시 서구 괴정동,366000003720200039,36.3386067,127.3839981
371,2801,판매,도그마루 강아지고양이 대전점,***********,대전광역시 서구 둔산동,366000003720200038,36.6177546,127.4863019
372,2800,판매,천사애견,***********,대전광역시 서구 갈마동,366000003720200021,36.3530635,127.3669237
373,2799,판매,집사모집,***********,대전광역시 서구 용문동,366000003720190037,,
374,2798,판매,유진펫,***********,대전광역시 서구 괴정동,366000003720190022,36.3368443,127.3811417
375,2797,판매,하얀강아지,042-534-9393,대전광역시 서구 갈마동,366000003720190003,36.9714777,127.9153894
376,2796,판매,아롱별캣,***********,대전광역시 서구 갈마동,366000003720180102,,
377,2795,판매,언제나 고양이,042-482-9902,대전광역시 서구 갈마동,366000003720180099,36.3544338,127.3694259
378,2794,판매,하얀강아지 괴정점,***********,대전광역시 서구 괴정동,366000003720180075,36.3348915,127.3804699
379,2793,판매,그집고양이,***********,대전광역시 서구 괴정동,366000003720180015,36.3391401,127.3799851
380,2792,판매,꽃개,***********,대전광역시 서구 월평동,366000003720180016,34.0550836,-118.2919226
381,2791,판매,더개,***********,대전광역시 서구 탄방동,366000003720180003,36.3454817,127.3917538
382,2790,판매,노블캣,***********,대전광역시 서구 관저동,366000003720170013,36.16520879999999,127.2328928
383,2789,판매,참좋은애견,***********,대전광역시 서구 도마동,366000003720170012,35.22633320000001,128.6788598
384,2788,판매,대한반려동물 영농조합법인,***********,대전광역시 서구 가수원동,366000003720170008,36.3040663,127.3508074
385,2787,판매,HAPPY DOG,***********,대전광역시 서구 갈마동,366000003720170006,43.6207292,-96.7094456
386,2786,판매,초초,***********,대전광역시 서구 정림동,366000003720170004,35.8602055,128.6010905
387,2785,판매,야옹아 멍멍해봐,***********,대전광역시 서구 용문동,366000003720170003,36.6341572,127.4456282
388,2784,판매,야옹아 멍멍해봐,042-544-0048,대전광역시 서구 관저동,366000003720170001,36.6341572,127.4456282
389,2783,판매,퍼피스토리,***********,대전광역시 서구 흑석동,366000003720160015,34.0532389,-118.2920709
390,2782,판매,그린캣,***********,대전광역시 서구 가장동,366000003720160011,33.9889902,-118.3039387
391,2781,수입 판매,CATS,***********,대전광역시 서구 변동,366000003720160007,36.0773418,-95.9034805
392,2780,판매,주은PnA,***********,대전광역시 서구 괴정동,366000003720160004,,
393,2779,판매,도그웨이 강아지고양이 대전본점,042-542-1799,대전광역시 서구 관저동,366000003720160003,36.2944985,127.3329295
394,2778,판매,(주)밀레펫 둔산점,0424791223,대전광역시 서구 둔산동,366000003720160002,36.357169,127.380828
395,2777,판매,강아지의 하루,0425812240,대전광역시 서구 정림동,366000003720160001,36.3057145,127.3660317
396,2776,판매,섹시독,545-0709,대전광역시 서구 관저동,366000003720150004,,
397,2775,판매,펫스토리,532-1744,대전광역시 서구 용문동,366000003720140008,37.6592047,126.7673379
398,2774,판매,강아지 사랑,042-543-7065,대전광역시 서구 가수원동,366000003720130005,37.6567482,127.0745358
399,2773,판매,(주)이마트트레이더스월평점,042-718-1052,대전광역시 서구 월평동,366000003720110002,36.3576398,127.3629947
400,2772,판매,대청애견수족관,***********,대전광역시 서구 도마동,366000003720110001,36.319385,127.373761
401,2771,판매,나르매애견,042-528-2228,대전광역시 서구 가장동,366000003720080006,36.3326363,127.3863253
402,2770,판매,갈마애견,042-485-1406,대전광역시 서구 갈마동,366000003720080005,36.3571888,127.3710943
403,2769,판매,선사애견,***********,대전광역시 서구 월평동,366000003720080004,36.3617251,127.3730409
404,2768,판매,엑스포애견백화점,042-488-0583,대전광역시 서구 탄방동,366000003720080003,34.7617419,127.6690087
405,2767,판매,구멍가게애견센터,042-524-3092,대전광역시 서구 갈마동,366000003720080002,,
406,2766,판매,우루루펫 강아지고양이분양 대전점,-,대전광역시 유성구 봉명동,367000003720210012,36.3504119,127.3845475
407,2765,판매,쇼펫,***********,대전광역시 유성구 봉명동,367000003720200031,33.347036,-85.5425072
408,2764,판매,브리더독,***********,대전광역시 유성구 죽동,367000003720200027,36.3802441,127.3252938
409,2763,판매,(주)디에이치 쿠쿠펫,042)825-6000,대전광역시 유성구 원신흥동,367000003720200019,36.3422736,127.3428976
410,2762,판매,썸플레이스,***********,대전광역시 유성구 봉명동,367000003720200005,36.3579659,127.3467644
411,2761,판매,로열 퍼피샵,***********,대전광역시 유성구 죽동,367000003720190005,37.5600514,127.0813815
412,2760,판매,그루밍샵 0105,0423000105,대전광역시 유성구 구암동,367000003720190003,,
413,2759,판매,"어여쁜,냥",***********,대전광역시 유성구 상대동,367000003720180034,36.3479266,127.3354278
414,2758,판매,카카오독,0428254520,대전광역시 유성구 원신흥동,367000003720180032,37.5307544,126.8632782
415,2757,판매,아지파파,***********,대전광역시 유성구 봉산동,367000003720180004,36.43802360000001,127.3862029
416,2756,판매,PETERRA,042-825-5602,대전광역시 유성구 봉명동,367000003720180003,37.6606156,-97.2466094
417,2755,판매,야옹아 멍멍해봐,0428260048,대전광역시 유성구 장대동,367000003720180002,36.6341572,127.4456282
418,2754,판매,서울아쿠아룸,0425410771,대전광역시 유성구 원내동,367000003720180001,36.3028421,127.3153411
419,2753,판매,멍멍이 집,0425458801,대전광역시 유성구 원내동,367000003720170005,36.3029986,127.3185039
420,2752,판매,펫츠마트,***********,대전광역시 유성구 전민동,367000003720170004,36.3545493,127.3405335
421,2751,판매,펫콩,***********,대전광역시 유성구 반석동,367000003720170003,36.3894875,127.3153658
422,2750,판매,야옹아 멍멍해봐,042-823-0059,대전광역시 유성구 반석동,367000003720160001,36.6341572,127.4456282
423,2749,판매,센스펫(노은점),042-823-1682,대전광역시 유성구 노은동,367000003720150004,36.3693707,127.3232213
424,2748,판매,24시 대전동물의료센터,042-823-7559,대전광역시 유성구 봉명동,367000003720150003,36.35243970000001,127.3857974
425,2747,판매,애니 멍,042-864-0959,대전광역시 유성구 전민동,367000003720150002,28.3597337,-81.5915778
426,2746,판매,스누피 펫 유성점,***********,대전광역시 유성구 지족동,367000003720150001,36.352597,127.3953336
427,2745,판매,유성동양경매장,042-822-5114,대전광역시 유성구 갑동,367000003720140030,36.361524,127.2934055
428,2744,판매,애견수족관,0428617778,대전광역시 유성구 지족동,367000003720140008,36.618264,-121.9017919
429,2743,판매,서울아쿠아룸(홈플러스 유성점),0428412080,대전광역시 유성구 봉명동,367000003720140019,36.3028421,127.3153411
430,2742,판매,도그퀸,***********,대전광역시 유성구 봉명동,367000003720140001,36.3542465,127.3377663
431,2741,판매,홈플러스서대전점(아이러브펫),0425408000,대전광역시 유성구 대정동,367000003720140027,36.3137207,127.3189711
432,2740,판매,(주) 롯데마트 대덕점,0429302500,대전광역시 유성구 관평동,367000003720140021,36.426941,127.386886
433,2739,판매,(주) 롯데마트 노은점,0425252500,대전광역시 유성구 하기동,367000003720140022,36.3843,127.3216
434,2738,판매,홈플러스 서대전점 수족관,07077948815,대전광역시 유성구 대정동,367000003720140020,36.3137207,127.3189711
435,2737,판매,서울아쿠아룸,0425410771~2,대전광역시 유성구 교촌동,367000003720140018,36.3028421,127.3153411
436,2736,판매,프랜독(FRIENDOG),0428239959,대전광역시 유성구 장대동,367000003720140017,,
437,2735,판매,티피코리아,15664944,대전광역시 유성구 봉명동,367000003720140012,37.5351765,127.1363433
438,2734,판매,해바라기 애견,0428258230,대전광역시 유성구 장대동,367000003720140006,45.50568,-73.565996
439,2733,판매,명품애견,0426710209,대전광역시 유성구 관평동,367000003720140011,36.4232137,127.3900753
440,2732,판매,유성애견호텔,0428234274,대전광역시 유성구 장대동,367000003720140004,36.3645205,127.3390487
441,2731,판매,똥싼강아지,0428239797,대전광역시 유성구 장대동,367000003720140005,36.0789694,128.4108605
442,2730,판매,나라애견,0423450075,대전광역시 유성구 지족동,367000003720140007,36.6267406,127.4338151
443,2729,판매,송강애견,0429352929,대전광역시 유성구 송강동,367000003720140003,36.4345343,127.3853805
444,2728,판매,정글캣,***********,대전광역시 대덕구 목상동,368000003720210004,43.993623,-78.60736
445,2727,판매,요미독 강아지&요미캣 고양이 대전점,02-565-5512,대전광역시 대덕구 송촌동,368000003720180033,36.362169,127.4374079
446,2726,판매,애견천국,042-931-8319,대전광역시 대덕구 신탄진동,368000003720200004,37.51846630000001,127.026054
447,2725,판매,마쵸펫살롱,042-933-9569,대전광역시 대덕구 석봉동,368000003720200002,35.843678,128.5403657
448,2724,판매,우아펫 대전점,042-300-0974,대전광역시 대덕구 신탄진동,368000003720190005,36.33485599999999,127.3804496
449,2723,판매,올데이펫,042-932-7582,대전광역시 대덕구 석봉동,368000003720190002,36.4480838,127.4232168
450,2722,판매,컴투펫 강아지고양이 대전점,***********,대전광역시 대덕구 오정동,368000003720190001,37.5327963,127.0854067
451,2721,판매,펫아일랜드,-,대전광역시 대덕구 중리동,368000003720180001,36.362116,127.4340242
452,2720,판매,루이펫,042-300-4054,대전광역시 대덕구 석봉동,368000003720170002,37.5452887,126.733626
453,2719,판매,더팻센터,15664144,대전광역시 대덕구 중리동,368000003720170001,35.2093146,126.8152704
454,2718,판매,라온펫,042-627-8875,대전광역시 대덕구 중리동,368000003720160004,36.3582006,127.4207775
455,2717,판매,MCM House,***********,대전광역시 대덕구 오정동,368000003720140002,38.5690813,-90.05197179999999
456,2716,판매,도그앤캣,***********,대전광역시 대덕구 오정동,368000003720120002,37.3265383,126.8013738
457,2715,판매,가양애견,***********,대전광역시 대덕구 비래동,368000003720110003,36.3548015,127.4549292
458,2714,판매,(주)야옹아멍멍해봐펫 강아지고양이 대전신탄진점,***********,대전광역시 대덕구 덕암동,368000003720110002,36.4448677,127.4238409
459,2713,판매,카카오독,623-1203,대전광역시 대덕구 중리동,368000003720110001,37.5307544,126.8632782
460,2712,판매,미스터 캣,***********,대전광역시 대덕구 읍내동,368000003720100001,35.53989130000001,129.2575983
461,2711,판매,우리애견,042)633-4748,대전광역시 대덕구 읍내동,368000003720080007,34.0528479,-118.3106342
462,2710,판매,짱구애견,042)627-0919,대전광역시 대덕구 중리동,368000003720080004,38.1066286,127.9891537
463,2709,판매,보람애견,042)636-0181,대전광역시 대덕구 법동,368000003720080005,36.3666608,127.4318478
464,2708,판매,샵펫,***********,울산광역시 중구 성남동,369000003720210011,35.5549227,129.3171599
465,2707,판매,러브썸퍼피,***********,울산광역시 중구 유곡동,369000003720210003,37.2078964,127.06132
466,2706,판매,아라애견,052-244-0015,울산광역시 중구 성남동,369000003720200022,35.5549227,129.3171599
467,2705,판매,멍멍왕자 야옹공주,***********,울산광역시 중구 성남동,369000003720200008,,
468,2704,판매 위탁관리,CAT & DOG,***********,울산광역시 중구 옥교동,369000003720200006,39.1862724,-76.8440236
469,2703,판매,모들카페(퍼피솔루션),***********,울산광역시 중구 성안동,369000003720200004,,
470,2702,판매,멍앤멍스,***********,울산광역시 중구 태화동,369000003720190025,37.7157573,126.6991609
471,2701,판매,포유,***********,울산광역시 중구 옥교동,369000003720190015,40.8666791,-74.06062469999999
472,2700,판매,강아지마을,***********,울산광역시 중구 성남동,369000003720190013,37.3333508,127.0971852
473,2699,판매 위탁관리 미용,뷰티 앤 도그쇼,922-1879,울산광역시 중구 성남동,369000003720180032,35.5549227,129.3171599
474,2698,판매 위탁관리 미용,프렌즈 애견,***********,울산광역시 중구 다운동,369000003720180013,35.5597736,129.2708029
475,2697,판매,멍멍아 야옹아 놀자,***********,울산광역시 중구 서동,369000003720150005,35.5723278,129.3460105
476,2696,판매,도그파우,243-9392,울산광역시 중구 성안동,369000003720150003,35.5743598,129.3110529
477,2695,판매,애견사,212-0724,울산광역시 중구 성남동,369000003720110002,35.0978405,129.0295895
478,2694,생산 판매,이누애견,***********,울산광역시 중구 성남동,369000003720110001,34.0528953,-118.2982983
479,2693,판매,강아지마을,244-9601,울산광역시 중구 성남동,369000003720100001,37.3333508,127.0971852
480,2692,판매,아라애견,***********,울산광역시 중구 성남동,369000003720100006,35.5549227,129.3171599
481,2691,판매,뷰티펫,***********,울산광역시 중구 남외동,369000003720100004,37.20302170000001,-93.2446116
482,2690,판매,다운애견,***********,울산광역시 중구 다운동,369000003720100003,35.5597736,129.2708029
483,2689,판매,카라말티즈,242-0021,울산광역시 중구 성남동,369000003720080005,37.5577122,126.9137005
484,2688,판매,애견매니아,***********,울산광역시 중구 성남동,369000003720080009,35.0963771,129.0226702
485,2687,판매,성남애견,244-2010,울산광역시 중구 성남동,369000003720080007,37.4434839,127.1412814
486,2686,판매,쿨펫,281-3567,울산광역시 중구 학성동,369000003720080004,36.8264712,127.1406664
487,2685,판매,쿨펫,-,울산광역시 중구 학성동,369000003720080010,36.8264712,127.1406664
488,2684,판매,도그랜드,052-276-5500,울산광역시 남구 달동,370000003720210022,37.3551911,127.9327519
489,2683,판매,마마스미독,***********,울산광역시 남구 신정동,370000003720210021,35.1696203,129.0681009
490,2682,판매,HELLODOG,***********,울산광역시 남구 달동,370000003720210009,34.0341096,-118.2441636
491,2681,판매,뚱이애견,07042523220,울산광역시 남구 신정동,370000003720210005,35.54640759999999,129.3213227
492,2680,판매,도레미캣 울산점,***********,울산광역시 남구 달동,370000003720210002,35.5344459,129.3185133
493,2679,판매,도그마루,***********,울산광역시 남구 달동,370000003720200019,35.1378055,129.1064386
494,2678,판매,멍클레어,0522696678,울산광역시 남구 신정동,370000003720190023,40.763882,-73.9713889
495,2677,판매,MK CLUB,***********,울산광역시 남구 신정동,370000003720190015,29.5350771,-98.487034
496,2676,판매,모나미 네코,***********,울산광역시 남구 달동,370000003720190012,35.5406296,129.3280318
497,2675,판매,미스터 캣 독,***********,울산광역시 남구 무거동,370000003720190011,35.53989130000001,129.2575983
498,2674,판매,미미펫살롱,***********,울산광역시 남구 달동,370000003720190006,36.0196945,129.3698231
499,2673,판매,꽁냥꽁냥캣,269-0233,울산광역시 남구 달동,370000003720180044,,
500,2672,판매,애견스케치,-,울산광역시 남구 무거동,370000003720180024,35.5398653,129.2567984
501,2671,판매,렛츠개릿,***********,울산광역시 남구 신정동,370000003720180011,36.6354146,127.4767615
502,2670,판매,펫1번가,***********,울산광역시 남구 야음동,370000003720170003,35.5203144,129.3388336
503,2669,판매,깜비공주펫살롱,246-5025,울산광역시 남구 신정동,370000003720170002,35.5673171,129.2282372
504,2668,판매,디어멍,052-256-6500,울산광역시 남구 야음동,370000003720170001,35.5262354,129.3299467
505,2667,판매,멍멍&DOG,***********,울산광역시 남구 야음동,370000003720160006,,
506,2666,판매,펫인더파크,***********,울산광역시 남구 신정동,370000003720160005,35.5301839,129.3092005
507,2665,판매,졸리쇼,***********,울산광역시 남구 신정동,370000003720160004,41.5445138,-88.2004759
508,2664,판매,리틀쥬동물의료원,268-8884,울산광역시 남구 신정동,370000003720160003,35.5417225,129.3062805
509,2663,판매,멍 클레어,052-269-6678,울산광역시 남구 신정동,370000003720160002,40.763882,-73.9713889
510,2662,판매,B&B(바비브라운 비숑프리제),***********,울산광역시 남구 삼산동,370000003720160001,35.5419644,129.3430909
511,2661,판매,꿀강아지,0522232721,울산광역시 남구 무거동,370000003720140001,37.3949661,127.1221806
512,2660,판매,펫월드,266-9319,울산광역시 남구 달동,370000003720130007,39.1724791,-96.6021162
513,2659,판매,위즈펫(롯데마트 울산점 펫가든),268-3567,울산광역시 남구 달동,370000003720130006,35.5340072,129.3159148
514,2658,판매,나라애견,256-0881,울산광역시 남구 삼산동,370000003720130003,36.6267406,127.4338151
515,2657,판매,봄날애견,***********,울산광역시 남구 달동,370000003720130002,35.5356074,129.3141403
516,2656,판매,울산 강아지분양 스타멍스,260-2991,울산광역시 남구 신정동,370000003720130001,35.531989,129.3102155
517,2655,판매,꿈나라 아쿠아펫샵,-,울산광역시 남구 달동,370000003720130005,,
518,2654,판매,아쿠아플러스(주) 울산남구점,270-8000,울산광역시 남구 야음동,370000003720120004,35.5493753,129.2581975
519,2653,판매,(주)밀레펫,220-1004,울산광역시 남구 삼산동,370000003720120003,37.3244538,126.7532955
520,2652,판매,쿨펫,-,울산광역시 남구 야음동,370000003720120002,36.8264712,127.1406664
521,2651,판매,큐티애견,-,울산광역시 남구 신정동,370000003720120001,37.227667,127.0995724
522,2650,판매,옥동정철 동물판매,271-7582,울산광역시 남구 옥동,370000003720110006,35.5341989,129.2941109
523,2649,판매,엔젤인독스,***********,울산광역시 남구 달동,370000003720110002,35.5350027,129.3190847
524,2648,판매,펫하우스,273-0975,울산광역시 남구 삼산동,370000003720110001,37.4985167,127.0522975
525,2647,생산 판매,바비 애견샵,257.0107,울산광역시 남구 야음동,370000003720100003,35.526546,129.3266915
526,2646,판매,덕신 애견 농장,265.1154,울산광역시 남구 신정동,370000003720100002,35.5416328,129.305873
527,2645,판매,퍼스트 애견갤러리,-,울산광역시 남구 달동,370000003720090004,35.5358781,129.3205532
528,2644,판매,러브러브,267.6556,울산광역시 남구 달동,370000003720090003,40.7628748,-73.9780243
529,2643,판매,뉴웨이브코커,273.6977,울산광역시 남구 삼산동,370000003720080012,,
530,2642,생산 판매,애견스케치,271.0049,울산광역시 남구 신정동,370000003720080010,35.5398653,129.2567984
531,2641,판매,대구애견 조류원,275.1536,울산광역시 남구 신정동,370000003720080003,35.861545,128.571191
532,2640,판매,미유펫 강아지고양이 울산점,247-7768,울산광역시 남구 무거동,370000003720080006,35.5462136,129.2610826
533,2639,판매,우리애견,***********,울산광역시 남구 신정동,370000003720080005,34.0528479,-118.3106342
534,2638,생산 판매,그린애견,265-0029,울산광역시 남구 달동,370000003720080001,35.8394378,128.5585858
535,2637,판매 위탁관리 미용,폼나개 특별하개,0527070422,울산광역시 동구 화정동,371000003720210001,,
536,2636,판매,너는 내운명,***********,울산광역시 동구 전하동,371000003720150002,,
537,2635,판매,개인공간,***********,울산광역시 동구 동부동,371000003720140001,37.59986809999999,127.0956868
538,2634,판매,쿨펫동물병원 동구점,232-3567,울산광역시 동구 일산동,371000003720130001,35.4989324,129.4274814
539,2633,판매,애완동물원,234-5484,울산광역시 동구 전하동,371000003720100001,37.7490086,127.0428209
540,2632,판매 전시 위탁관리 미용,리프패럿 (울산 매곡점),***********,울산광역시 북구 중산동,372000003720200004,35.6574816,129.3508689
541,2631,판매,Star Club,***********,울산광역시 북구 대안동,372000003720190009,37.3062464,-120.4958593
542,2630,판매 위탁관리 미용,너는내운명,***********,울산광역시 북구 신천동,372000003720190005,,
543,2629,판매,페트월드,070-8281-0025,울산광역시 북구 호계동,372000003720180027,37.6926,-97.39096599999999
544,2628,판매 위탁관리 미용,정철동물병원,052-287-0348,울산광역시 북구 진장동,372000003720180017,35.56187920000001,129.3552795
545,2627,판매 위탁관리 미용,쿨펫동물병원,052-288-7572,울산광역시 북구 진장동,372000003720180016,36.8264712,127.1406664
546,2626,판매 미용,쿨펫,052-286-3567,울산광역시 북구 상안동,372000003720180010,36.8264712,127.1406664
547,2625,판매 위탁관리 미용,해피데이애견,052-295-9955,울산광역시 북구 호계동,372000003720180009,35.6271042,129.3516663
548,2624,판매,롯데마트 진장점,***********,울산광역시 북구 진장동,372000003720170004,35.5760407,129.3589929
549,2623,판매,(주)에이플러스 울산북구점,***********,울산광역시 북구 상안동,372000003720170005,35.5381956,129.3855866
550,2622,판매,MY DOG,***********,울산광역시 울주군 범서읍 구영리,373000003720210011,29.816955,-95.76411279999999
551,2621,판매,안녕댕댕쓰,052-212-8888,울산광역시 울주군 삼남읍 교동리,373000003720210007,,
552,2620,판매,레스트펫,0522380033,울산광역시 울주군 서생면 위양리,373000003720200019,35.3529816,129.3031672
553,2619,판매,남창애견샵 복실강아지,***********,울산광역시 울주군 온양읍 대안리,373000003720180033,35.43366779999999,129.3123346
554,2618,판매,러브애견,052-239-7379,울산광역시 울주군 온양읍 남창리,373000003720180003,47.3225676,-122.3122099
555,2617,판매,알프경매장,052-254-3310,울산광역시 울주군 삼남면 가천리,373000003720180001,,
556,2616,판매,핑크애견,052-239-7726,울산광역시 울주군 온양읍 운화리,373000003720160001,35.2466754,129.2166973
557,2615,판매,남창애견,***********,울산광역시 울주군 온양읍 대안리,373000003720150001,35.4123535,129.2806809
558,2614,생산 판매,참 조은 훈이네 강아지,***********,울산광역시 울주군 청량면 개곡리,373000003720140003,,
559,2613,생산 판매,동산농장,***********,울산광역시 울주군 웅촌면 고연리,373000003720130001,37.97931,127.0372525
560,2612,판매,울산원예농협하나로마트,-,울산광역시 울주군 범서읍 굴화리,373000003720120002,35.5575976,129.2539559
561,2611,판매,정직하개,***********,경기도 수원시 영통구 하동,374000003720210064,37.667259,127.0420722
562,2610,판매,나야 외계인,031-217-3887,경기도 수원시 영통구 하동,374000003720210055,,
563,2609,판매,수원시바견,031-303-9525,경기도 수원시 팔달구 매교동,374000003720210054,37.2942289,127.0556304
564,2608,판매,펫아미 강아지고양이 수원점,***********,경기도 수원시 영통구 영통동,374000003720210041,37.2523851,127.077943
565,2607,판매,"안녕, 댕댕아",031-222-5950,경기도 수원시 팔달구 인계동,374000003720210037,37.265163,127.0268385
566,2606,판매,팔레 드 퍼피,-,경기도 수원시 영통구 이의동,374000003720210033,,
567,2605,판매,쁘띠펫 광교,***********,경기도 수원시 영통구 이의동,374000003720210031,37.3042402,127.047337
568,2604,판매,스타일독앤캣 강아지고양이 수원점,***********,경기도 수원시 영통구 원천동,374000003720210026,37.277533,127.0497176
569,2603,판매,도그 에이스,***********,경기도 수원시 권선구 고색동,374000003720210023,40.7406317,-74.0007419
570,2602,판매,로던트클럽,***********,경기도 수원시 영통구 매탄동,374000003720210020,35.1853528,126.8392063
571,2601,판매,윤퍼피,***********,경기도 수원시 영통구 하동,374000003720210016,37.2917459,127.0656526
572,2600,판매,해피주 애완동물 영통점,***********,경기도 수원시 영통구 영통동,374000003720200072,37.2531649,127.0756744
573,2599,판매,도치스쿨,***********,경기도 수원시 권선구 권선동,374000003720200068,36.5482008,139.912899
574,2598,판매,하리네쉼터 수원,***********,경기도 수원시 영통구 이의동,374000003720200063,37.3250644,126.9858644
575,2597,판매,멍앤냥 강아지고양이 수원점,-,경기도 수원시 팔달구 인계동,374000003720200051,37.24715399999999,127.0414275
576,2596,판매,쥬쥬퍼피,***********,경기도 수원시 영통구 원천동,374000003720200045,37.2832588,127.0556503
577,2595,판매,쿨펫 동물병원,031-206-7503,경기도 수원시 영통구 망포동,374000003720200040,36.8264712,127.1406664
578,2594,판매,해피펫클럽,031-234-2001,경기도 수원시 팔달구 인계동,374000003720200001,37.2746475,127.0204134
579,2593,판매,해피주 수원본점,***********,경기도 수원시 장안구 정자동,374000003720190092,37.2531649,127.0756744
580,2592,판매,품(POOM),***********,경기도 수원시 권선구 구운동,374000003720190081,37.5177353,127.0521316
581,2591,판매,CAT star,***********,경기도 수원시 영통구 이의동,374000003720190078,33.8248303,-118.2920991
582,2590,판매,화이트 독,***********,경기도 수원시 장안구 영화동,374000003720190079,37.2875892,127.0054314
583,2589,판매,도레미캣 수원점,***********,경기도 수원시 영통구 영통동,374000003720190067,37.2510131,127.0752194
584,2588,판매,달빛야옹,***********,경기도 수원시 장안구 연무동,374000003720190066,37.2156695,127.0436619
585,2587,판매,러닝독,***********,경기도 수원시 팔달구 인계동,374000003720190059,37.2663898,127.0303506
586,2586,판매,아담스펫강아지&가필드고양이,***********,경기도 수원시 팔달구 인계동,374000003720190050,37.404144,126.725353
587,2585,판매,펫 패밀리,***********,경기도 수원시 권선구 금곡동,374000003720190043,37.5078301,126.7356039
588,2584,판매,도그마루 강아지고양이 수원점,***********,경기도 수원시 영통구 영통동,374000003720190039,37.2495992,127.076941
589,2583,판매,Re Pet 애견샵,***********,경기도 수원시 장안구 율전동,374000003720190021,34.0528953,-118.2982983
590,2582,판매,개좋아,***********,경기도 수원시 영통구 매탄동,374000003720190010,37.51032070000001,127.0629116
591,2581,판매,해피주 (수원권선점),***********,경기도 수원시 권선구 곡반정동,374000003720180218,37.2550284,127.0273196
592,2580,판매,L.DOG,***********,경기도 수원시 팔달구 인계동,374000003720180207,36.4636617,-96.0576818
593,2579,판매,바른 분양,***********,경기도 수원시 영통구 이의동,374000003720180102,37.2986157,127.0592102
594,2578,판매,수원고양이분양 나비캣,***********,경기도 수원시 권선구 세류동,374000003720180099,37.252976,127.0110325
595,2577,판매,크라운펫,***********,경기도 수원시 권선구 곡반정동,374000003720180018,37.2340491,127.0276196
596,2576,판매,수원강아지 쿤펫,***********,경기도 수원시 팔달구 화서동,374000003720180012,37.2838435,127.0066472
597,2575,판매,펫마을,***********,경기도 수원시 팔달구 화서동,374000003720180005,37.7736182,126.7429013
598,2574,판매,프렌즈독,***********,경기도 수원시 권선구 권선동,374000003720180004,29.5167114,-95.1961307
599,2573,판매,펫토리,***********,경기도 수원시 장안구 정자동,374000003720180003,37.4882386,126.7645183
600,2572,판매,한마음동물의료센터,031-244-0117,경기도 수원시 장안구 영화동,374000003720180001,37.2910412,127.0050857
601,2571,판매,낭만고양이(광교점),031-212-8260,경기도 수원시 영통구 하동,374000003720170013,37.2942172,127.0706908
602,2570,판매,TOP DOG,031-202-1233,경기도 수원시 영통구 영통동,374000003720170012,35.9889869,-95.7789025
603,2569,판매,뭉스독 Moongs dog,***********,경기도 수원시 권선구 금곡동,374000003720170010,,
604,2568,판매,고양이를 사랑하는 남자,***********,경기도 수원시 영통구 매탄동,374000003720170009,37.2766719,127.0308818
605,2567,판매,위드도기(With Dog2),***********,경기도 수원시 영통구 이의동,374000003720170006,37.3209857,127.1102157
606,2566,판매,도그스타 금곡점,031-291-7500,경기도 수원시 권선구 금곡동,374000003720170003,37.2731961,126.958393
607,2565,판매,미니펫 강아지고양이 수원점,***********,경기도 수원시 영통구 영통동,374000003720170001,37.2544344,127.074969
608,2564,판매,"광교 강아지분양, 고양이분양 도그마루",***********,경기도 수원시 영통구 이의동,374000003720160019,37.0657553,127.0613517
609,2563,판매,도기도기,031-223-7222,경기도 수원시 권선구 세류동,374000003720160018,34.8022465,-92.43651609999999
610,2562,판매,착한애견분양강아지 수원광교본점,***********,경기도 수원시 영통구 이의동,374000003720160017,37.2942289,127.0556304
611,2561,판매,보스 펫,***********,경기도 수원시 팔달구 인계동,374000003720160016,38.7188013,-75.1326241
612,2560,판매,퍼피데일리,***********,경기도 수원시 영통구 이의동,374000003720160014,37.3042402,127.047337
613,2559,판매,퍼피데일리,***********,경기도 수원시 영통구 이의동,374000003720160015,37.3042402,127.047337
614,2558,판매,애완동산,***********,경기도 수원시 권선구 당수동,374000003720160013,40.8458912,-74.0411791
615,2557,판매,펫츠랑,031-226-1515,경기도 수원시 권선구 세류동,374000003720160012,37.259745,127.0129788
616,2556,판매,핫도그,***********,경기도 수원시 영통구 매탄동,374000003720160011,37.3246175,-122.0106471
617,2555,판매,야옹아 멍멍해봐(수원 구운점),031-298-0049,경기도 수원시 권선구 구운동,374000003720160008,37.2745302,126.9704864
618,2554,판매,롯데마트 천천점 수족관,***********,경기도 수원시 장안구 천천동,374000003720160004,37.2961197,126.9823385
619,2553,판매,돌봄동물병원,031-217-7570,경기도 수원시 팔달구 우만동,374000003720160003,37.2751164,127.0434971
620,2552,판매,치치와와,031-222-6317,경기도 수원시 팔달구 중동,374000003720160002,39.638897,-105.844948
621,2551,판매,봉봉펫,031-244-2419,경기도 수원시 팔달구 영동,374000003720150018,37.2753422,127.0174682
622,2550,판매,베리독 강아지고양이 수원점,-,경기도 수원시 권선구 세류동,374000003720150017,37.2500122,127.017627
623,2549,판매,도그박스,***********,경기도 수원시 장안구 조원동,374000003720150013,36.3468535,127.3542079
624,2548,판매,도그박스,***********,경기도 수원시 장안구 조원동,374000003720150014,36.3468535,127.3542079
625,2547,판매,아이러브독 강아지 수원점,031-204-2357,경기도 수원시 영통구 영통동,374000003720150011,37.2522346,127.0781702
626,2546,판매,이뻐해줄개,031-309-9393,경기도 수원시 팔달구 인계동,374000003720150008,37.2686683,127.0248159
627,2545,판매,이리온동물병원광교롯데마트점,031-213-0053,-,374000003720150004,37.5242841,127.0447752
628,2544,판매,베이비몽,***********,-,374000003720150005,37.5184221,126.9053485
629,2543,판매,포포앤미루,031-206-9222,경기도 수원시 영통구 영통동,374000003720150003,37.5252287,127.1342293
630,2542,판매,베베펫샵,070-4685-9950,경기도 수원시 권선구 당수동,374000003720140019,43.7541036,-79.3495535
631,2541,판매,퍼피데일리,***********,경기도 수원시 영통구 이의동,374000003720140018,37.3042402,127.047337
632,2540,판매,퍼피데일리,***********,경기도 수원시 영통구 이의동,374000003720140017,37.3042402,127.047337
633,2539,판매,한강아쿠아 롯데마트 수원점,***********,경기도 수원시 권선구 서둔동,374000003720140016,37.2636177,126.9959118
634,2538,판매,페르시안 캣,***********,경기도 수원시 권선구 곡반정동,374000003720140013,35.9510915,126.9592099
635,2537,판매,도그맘 하우스,031-292-6663,경기도 수원시 권선구 오목천동,374000003720140009,37.2442004,126.9638389
636,2536,판매,장안동물병원,031-245-8961,경기도 수원시 장안구 조원동,374000003720140008,37.3014288,127.0088629
637,2535,판매,러브펫 멀티펫샵 수원곡반점,-,경기도 수원시 권선구 곡반정동,374000003720140007,37.2374492,127.0294197
638,2534,판매,쿨펫동물병원,031-237-1175,경기도 수원시 권선구 권선동,374000003720140001,36.8264712,127.1406664
639,2533,판매,캐터리 플러스,070-7794-3354,경기도 수원시 팔달구 인계동,374000003720130004,35.8848244,128.6262586
640,2532,판매,위즈펫동물병원,***********,경기도 수원시 팔달구 인계동,374000003720120018,37.6733388,126.7553321
641,2531,판매,Dog Mom,031-222-2265,경기도 수원시 권선구 곡반정동,374000003720120015,36.9101417,-94.4126779
642,2530,판매,가성수족관,02-832-4429,경기도 수원시 팔달구 인계동,374000003720120014,33.763382,-84.3951098
643,2529,판매,아쿠아플러스(주) 영통점,201-8000,경기도 수원시 영통구 영통동,374000003720120009,37.2499818,127.0789709
644,2528,판매,(주)밀레펫 서수원점,031-485-5820,경기도 수원시 권선구 구운동,374000003720120011,37.3244538,126.7532955
645,2527,판매,(주)밀레펫 수원점,031-485-5820,경기도 수원시 권선구 권선동,374000003720120012,37.3244538,126.7532955
646,2526,판매,아쿠아플러스(주) 북수원점,259-8000,경기도 수원시 장안구 조원동,374000003720120007,37.3027222,127.0087144
647,2525,판매,이니누리 펫샵,***********,경기도 수원시 영통구 영통동,374000003720120006,37.5494391,127.1274975
648,2524,판매,고양이네 생선가게,***********,경기도 수원시 팔달구 매산로2가,374000003720120003,37.2680327,127.0045708
649,2523,판매,펫엘도라도,***********,경기도 수원시 장안구 조원동,374000003720120002,37.294984,127.010042
650,2522,판매,미유펫 강아지고양이 수원점,***********,경기도 수원시 장안구 조원동,374000003720110010,35.1908065,129.0905416
651,2521,판매,정우애견,031-292-3798,경기도 수원시 권선구 고색동,374000003720110008,37.6314867,126.7059717
652,2520,판매,귀여운동물병원,031-211-8333,경기도 수원시 팔달구 우만동,374000003720110006,37.278398,127.032144
653,2519,판매,퍼피맘 애견샵,***********,경기도 수원시 팔달구 우만동,374000003720110004,40.7580077,-73.7896336
654,2518,판매,페르시안캣,031-232-9678,경기도 수원시 권선구 곡반정동,374000003720110003,35.9510915,126.9592099
655,2517,판매,펫독 강아지고양이분양 미용,031-698-6821,경기도 수원시 권선구 세류동,374000003720100008,40.8525419,-73.9862627
656,2516,판매,쿨펫동물병원(영통점),***********,경기도 수원시 영통구 영통동,374000003720100003,37.2700194,127.0635891
657,2515,판매,펫프렌즈동물병원,031-292-1545,경기도 수원시 권선구 구운동,374000003720090006,36.8337974,127.1392804
658,2514,판매,펫조은나라,031-211-0702,경기도 수원시 팔달구 중동,374000003720080016,37.2731159,127.0167417
659,2513,판매,바바라하우스,031-221-5236,경기도 수원시 권선구 곡반정동,374000003720080021,34.410413,-119.695917
660,2512,판매,노을애견,031-213-7717,경기도 수원시 영통구 매탄동,374000003720080022,37.2664377,127.0460944
661,2511,판매,남문동물병원,031-248-0598,경기도 수원시 팔달구 중동,374000003720080020,37.2745711,127.0163629
662,2510,판매,애견사랑,031-253-0096,경기도 수원시 팔달구 중동,374000003720080007,34.0512106,-118.3085326
663,2509,판매,독스캣 강아지고양이 수원점,031-253-0918,경기도 수원시 장안구 영화동,374000003720080008,37.2893645,127.0044878
664,2508,판매,박종화 애견,031-242-7970,경기도 수원시 팔달구 화서동,374000003720100007,37.2853717,127.0069458
665,2507,판매,나라애견,031-204-0034,경기도 수원시 영통구 영통동,374000003720080013,36.6267406,127.4338151
666,2506,판매,탑 애견하우스,031-253-5055,경기도 수원시 팔달구 화서동,374000003720080009,37.2789592,126.9993922
667,2505,판매,THE 예쁘개,031-258-7644,경기도 수원시 장안구 영화동,374000003720080010,37.28705000000001,127.0058242
668,2504,판매,애견백화점,031-256-5090,경기도 수원시 팔달구 장안동,374000003720080011,37.2858475,127.015196
669,2503,판매,러브퍼피,031-256-6321,경기도 수원시 팔달구 신풍동,374000003720080012,47.3225676,-122.3122099
670,2502,판매,도그앤캣,031-212-5079,경기도 수원시 영통구 매탄동,374000003720080004,37.3265383,126.8013738
671,2501,판매,수지애견,***********,경기도 수원시 권선구 세류동,374000003720080002,37.2559181,127.0115836
672,2500,판매,강아지세상,031-298-0353,경기도 수원시 권선구 호매실동,374000003720080005,37.2437209,127.0530068
673,2499,판매,쿨독펫샵,031-269-1833,경기도 수원시 팔달구 화서동,374000003720080001,37.2579517,127.0338317
674,2498,판매,PUPS AVENUE(펍스 에비뉴),***********,경기도 성남시 분당구 운중동,378000003720210018,,
675,2497,판매,동물병원 Dr.정,***********,경기도 성남시 중원구 은행동,378000003720210002,32.8465843,-96.94984600000001
676,2496,판매,비욘댕댕,***********,경기도 성남시 수정구 창곡동,378000003720200047,,
677,2495,판매,로또펫,031-747-0339,경기도 성남시 중원구 금광동,378000003720200041,37.6470713,126.7923783
678,2494,판매,성남 분당 고양이 도레미캣,***********,경기도 성남시 중원구 성남동,378000003720200033,37.4309598,127.1265337
679,2493,판매,인터하이테크,02-515-0151,경기도 성남시 수정구 창곡동,378000003720200031,37.5210743,127.036309
680,2492,판매,반하다펫,031-713-4552,경기도 성남시 분당구 정자동,378000003720200026,37.359366,127.1229601
681,2491,판매,퍼피벨르,***********,경기도 성남시 분당구 삼평동,378000003720200025,,
682,2490,판매,펫나우 성남지점,***********,경기도 성남시 분당구 삼평동,378000003720200021,42.0541572,-88.0719909
683,2489,판매,분당 이마트,031-710-1234,경기도 성남시 분당구 정자동,378000003720200020,37.3587828,127.1197382
684,2488,판매,도그마루,***********,경기도 성남시 분당구 궁내동,378000003720200016,35.1378055,129.1064386
685,2487,판매,마메르시,***********,경기도 성남시 분당구 백현동,378000003720200005,,
686,2486,판매,꽃길만 걷개,***********,경기도 성남시 중원구 성남동,378000003720200001,37.4334676,127.1316624
687,2485,판매,아인츠독 강아지애견분양 성남위례본점,031-757-4885,경기도 성남시 수정구 창곡동,378000003720190093,37.4648928,127.1411618
688,2484,판매,플래니터리헬스,***********,경기도 성남시 분당구 서현동,378000003720190082,,
689,2483,판매,묘한인생,0507-1347-9594,경기도 성남시 분당구 백현동,378000003720190078,37.3877338,127.1146424
690,2482,판매,바우스토리,031-756-5882,경기도 성남시 수정구 창곡동,378000003720190076,37.4664191,127.1390961
691,2481,판매,퍼피랩,***********,경기도 성남시 분당구 정자동,378000003720190071,37.3694278,127.1055727
692,2480,판매,더독(The독),031-602-7114,경기도 성남시 중원구 성남동,378000003720190070,43.0277594,-89.6478253
693,2479,판매,벨라루시펫살롱,031-786-0784,경기도 성남시 분당구 수내동,378000003720190064,37.3771852,127.112148
694,2478,판매,중앙동물병원,031-755-9429,경기도 성남시 수정구 태평동,378000003720190060,40.7608494,-73.8016876
695,2477,판매,㈜코스모스이펙트,0507-1303-2817,경기도 성남시 분당구 서현동,378000003720190055,37.5050707,127.0519429
696,2476,판매,퍼피블러썸,070-4119-3355,경기도 성남시 분당구 백현동,378000003720190042,37.3729184,127.1205679
697,2475,판매,동물보육원,070-4046-8588,경기도 성남시 중원구 금광동,378000003720190032,33.3627629,-117.2500563
698,2474,판매,다올애견샵,***********,경기도 성남시 수정구 산성동,378000003720180159,37.5224076,127.0576076
699,2473,판매,파라키스,***********,경기도 성남시 분당구 백현동,378000003720180158,37.3874776,127.1137601
700,2472,판매,분당고양이분양 나비캣,-,경기도 성남시 분당구 서현동,378000003720180127,37.3758936,127.141024
701,2471,판매,서울동물병원,031-721-2423,경기도 성남시 수정구 수진동,378000003720180084,37.5012744,127.0536039
702,2470,판매,행복한강아지,031-755-8384,경기도 성남시 수정구 태평동,378000003720180072,37.6559409,127.0309567
703,2469,판매,해피애견타운 강아지고양이 분당판교점,***********,경기도 성남시 분당구 정자동,378000003720180041,37.3719909,127.1149946
704,2468,판매,펫아일럿 본점,070-8193-2835,경기도 성남시 수정구 신흥동,378000003720180026,37.4434839,127.1412814
705,2467,판매,낭만고양이 분당점,031-704-9005,경기도 성남시 분당구 판교동,378000003720180004,37.3911288,127.0894593
706,2466,판매,카페다냥,***********,경기도 성남시 중원구 금광동,378000003720180003,37.4460396,127.1638055
707,2465,판매,러빈펫(lovin pet),070-7756-2986,경기도 성남시 분당구 판교동,378000003720180002,37.3903806,127.0918693
708,2464,판매,프렌치카페,0317421112,경기도 성남시 중원구 금광동,378000003720180001,33.961925,-84.138955
709,2463,판매,키워주시개,***********,-,378000003720170011,40.7620348,-73.9710118
710,2462,판매,한빛,070-8888-9830,경기도 성남시 수정구 신흥동,378000003720170010,32.8276407,-117.1626132
711,2461,판매,(주)펫꼬뺑이,02-6457-8000,-,378000003720170008,37.4542987,127.1055984
712,2460,판매,분당캣,***********,경기도 성남시 분당구 정자동,378000003720170002,37.3706499,127.1130165
713,2459,판매,하이멍,***********,경기도 성남시 분당구 분당동,378000003720170001,34.750535,127.6982428
714,2458,판매,펫 파라다이스,070-8840-8182,경기도 성남시 분당구 정자동,378000003720160014,37.3762406,127.110444
715,2457,판매,분당 강아지 분양 고양이 분양 도그마루,***********,-,378000003720160013,37.0657553,127.0613517
716,2456,판매,강아지분양 애견샵 요미독분당점,***********,경기도 성남시 분당구 정자동,378000003720160011,37.3690434,127.1119561
717,2455,판매,분당강아지분양 프렌즈독,-,-,378000003720160010,37.3690604,127.1136189
718,2454,판매,사랑하시개,***********,-,378000003720160009,36.6220233,127.4814449
719,2453,판매,도그스101,031-701-7942,-,378000003720160007,37.3817115,127.0958876
720,2452,판매,펫코리아7,-,-,378000003720160006,,
721,2451,판매,째즈고양이카페,031-705-9022,경기도 성남시 분당구 이매동,378000003720160001,37.3917787,127.1252887
722,2450,판매,마쵸,031-723-9567,경기도 성남시 중원구 성남동,378000003720150014,35.6747557,-105.6902947
723,2449,판매,이지,***********,경기도 성남시 수정구 신흥동,378000003720150012,35.7579885,-96.64677499999999
724,2448,판매,해피애견타운 분당판교점,031-713-3210,경기도 성남시 분당구 정자동,378000003720150011,37.3719909,127.1149946
725,2447,판매,멍스터,8016-5359,경기도 성남시 분당구 판교동,378000003720150010,37.3900379,127.0908943
726,2446,판매,A. DOG(어독),-,경기도 성남시 분당구 판교동,378000003720150009,,
727,2445,판매,The Mans Dog,***********,경기도 성남시 분당구 서현동,378000003720150008,32.9850631,-96.83932460000001
728,2444,판매,비포유,031-715-2298,경기도 성남시 분당구 정자동,378000003720150006,37.5724433,127.0039242
729,2443,판매,펫하우스,8017-0150,경기도 성남시 분당구 운중동,378000003720150004,37.4985167,127.0522975
730,2442,판매,몽땅 펫？,070-5035-0760,경기도 성남시 수정구 산성동,378000003720150003,37.6142259,126.7255681
731,2441,판매,우정앤독스,070--4202-7788,경기도 성남시 분당구 수내동,378000003720140007,37.3652841,127.1287989
732,2440,판매,아마존,031-714-5530,경기도 성남시 분당구 금곡동,378000003720140006,47.6160479,-122.3398805
733,2439,판매,젠티퍼피(Genty Puppy) 강아지 본점,716-6522,경기도 성남시 분당구 정자동,378000003720140004,,
734,2438,판매,꽃강아지,031-701-2770,경기도 성남시 분당구 이매동,378000003720140003,37.5352735,127.2123345
735,2437,판매,파라다이스독,070-7736-1112,경기도 성남시 중원구 중앙동,378000003720140002,36.9910065,127.1900836
736,2436,판매,펫살롱도그,070-4135-1060,경기도 성남시 분당구 야탑동,378000003720140001,37.4926842,126.7660599
737,2435,판매,퍼펫,070-8777-7960,경기도 성남시 수정구 태평동,378000003720130015,47.7776978,-82.27429149999999
738,2434,판매,스타펫,***********,경기도 성남시 분당구 판교동,378000003720130014,37.8155881,127.2124777
739,2433,판매,러브펫멀티펫샵,031-711-8191,경기도 성남시 분당구 정자동,378000003720130013,37.586609,127.1391542
740,2432,판매,젠동물병원,031-752-0075,경기도 성남시 분당구 야탑동,378000003720130011,45.35993,-85.0233914
741,2431,판매,아름동물병원,070-8972-0485,경기도 성남시 분당구 이매동,378000003720130010,37.3994293,127.1228062
742,2430,판매,달려라 바우,070-4643-1302,경기도 성남시 분당구 서현동,378000003720130005,,
743,2429,판매,사랑해줄개,031-713-1366,경기도 성남시 분당구 정자동,378000003720130004,37.7491923,127.0341867
744,2428,판매,이리온동물병원 아브뉴프랑 판교점,031-8017-6125,경기도 성남시 분당구 삼평동,378000003720130003,37.3979204,127.1138188
745,2427,판매,물고기자리,745-9000,경기도 성남시 수정구 신흥동,378000003720130002,37.3248421,127.0981238
746,2426,판매,낭만고양이,***********,경기도 성남시 분당구 판교동,378000003720130001,37.5738865,127.0161358
747,2425,판매,아쿠아오리지널롯데마트서현점,031-711-7785,경기도 성남시 분당구 서현동,378000003720120011,37.382082,127.1360908
748,2424,판매,이편한도그,756-3353,경기도 성남시 중원구 하대원동,378000003720120010,37.4302883,127.1517087
749,2423,판매,㈜에이플러스 야탑점,031-705-2080,경기도 성남시 분당구 야탑동,378000003720120007,37.4128012,127.1274316
750,2422,판매,㈜에이플러스 분당오리점,031-884-2080,경기도 성남시 분당구 구미동,378000003720120008,37.3408391,127.1066853
751,2421,판매,㈜그린프레밀리,031-8023-1234,경기도 성남시 수정구 태평동,378000003720120006,,
752,2420,판매,가온동물병원,757-0079,경기도 성남시 중원구 성남동,378000003720120005,40.7595321,-73.7734396
753,2419,판매,양순애견,743-6631,경기도 성남시 수정구 신흥동,378000003720120004,,
754,2418,판매,판교 VIP동물병원,031-8017-5558,경기도 성남시 분당구 판교동,378000003720120002,37.3899196,127.0978239
755,2417,판매,프라임 도그,070-8639-2098,경기도 성남시 분당구 백현동,378000003720120001,35.1701402,129.0682317
756,2416,판매,행복한동물병원,031-8017-5575,경기도 성남시 분당구 삼평동,378000003720110009,37.2246718,-95.73800419999999
757,2415,판매,마이 프렌즈,8017-7708,경기도 성남시 분당구 백현동,378000003720110006,43.778917,11.2506221
758,2414,판매,펫토피아 동물병원,714-8391,경기도 성남시 분당구 수내동,378000003720110004,40.7608494,-73.8016876
759,2413,판매,플란다스의 개,031-718-4552,경기도 성남시 분당구 정자동,378000003720100002,37.359396,127.1229335
760,2412,판매,㈜서울동물병원,031-741-8119,경기도 성남시 중원구 금광동,378000003720100001,37.5880051,127.0181872
761,2411,판매,한국동물병원,031-746-8990,경기도 성남시 중원구 상대원동,378000003720080004,32.8465843,-96.94984600000001
762,2410,판매,쿨펫동물병원,031-711-7509,경기도 성남시 분당구 구미동,378000003720080002,36.8264712,127.1406664
763,2409,판매,sugar puppy,***********,경기도 의정부시 의정부동,382000003720200054,26.8565207,-80.0954378
764,2408,판매,빼로독 강아지 의정부점,***********,경기도 의정부시 의정부동,382000003720200052,37.7430908,127.0468242
765,2407,판매,루이스펫샵 의정부 강아지분양 애견샵,***********,경기도 의정부시 민락동,382000003720200049,37.7430908,127.0468242
766,2406,판매,나이스독 강아지,***********,경기도 의정부시 민락동,382000003720200041,37.4688435,126.9201678
767,2405,판매,올독,***********,경기도 의정부시 민락동,382000003720200035,,
768,2404,판매,바른고양이,***********,경기도 의정부시 민락동,382000003720200033,35.8433202,128.7088885
769,2403,판매,올댓독,***********,경기도 의정부시 의정부동,382000003720200014,37.7365946,127.0620048
770,2402,판매,핑크퍼피,031-837-3327,경기도 의정부시 호원동,382000003720200010,37.6709097,127.0407746
771,2401,판매,커피앤퍼피,031-851-2224,경기도 의정부시 민락동,382000003720200009,37.4815035,126.9294782
772,2400,판매,화이트 퍼피 켄넬,***********,경기도 의정부시 의정부동,382000003720200005,37.5005555,127.1121799
773,2399,판매,우리동네 멍이와양이,***********,경기도 의정부시 가능동,382000003720200001,37.7426081,127.0357779
774,2398,판매,사랑해줄 개,031-879-7900,경기도 의정부시 가능동,382000003720190045,37.7491923,127.0341867
775,2397,판매,플래니터리헬스,***********,경기도 의정부시 의정부동,382000003720190040,,
776,2396,판매,(주)코스모스이펙트,***********,경기도 의정부시 의정부동,382000003720190031,37.5050707,127.0519429
777,2395,판매,어반도그(URBAN DOG),***********,경기도 의정부시 장암동,382000003720190028,,
778,2394,판매,데일리독,031-878-6319,경기도 의정부시 의정부동,382000003720190018,37.7418598,127.0395908
779,2393,판매,묘하개,***********,경기도 의정부시 신곡동,382000003720190017,37.7430563,127.0570976
780,2392,판매,영진애견,031-842-0044,경기도 의정부시 신곡동,382000003720180107,36.27569039999999,126.9128722
781,2391,판매,누구개,031-878-6319,경기도 의정부시 신곡동,382000003720180027,35.2018285,129.0650894
782,2390,판매,개미남,***********,경기도 의정부시 낙양동,382000003720180022,35.2264103,128.8806461
783,2389,판매,냥스,031-852-0205,경기도 의정부시 신곡동,382000003720180019,35.3433036,129.1610874
784,2388,판매,까사,***********,경기도 의정부시 의정부동,382000003720180011,23.1360361,-82.3618472
785,2387,판매,it 끌림,***********,경기도 의정부시 민락동,382000003720180004,37.7518421,127.1179362
786,2386,판매,펫앤라이프,***********,경기도 의정부시 민락동,382000003720180003,37.7535859,127.1328349
787,2385,판매,#케이팝스타 펫샵,031-853-2614,경기도 의정부시 민락동,382000003720180001,37.537454,127.0541
788,2384,판매,펫인쥬,858-2500,경기도 의정부시 의정부동,382000003720170007,37.736433,127.047221
789,2383,판매,누구~개,***********,-,382000003720170004,35.2018285,129.0650894
790,2382,판매,팝 아이슬랜드,***********,-,382000003720170002,37.7482252,127.1180575
791,2381,판매,의정부 강아지분양 고양이분양 도그마루,***********,경기도 의정부시 민락동,382000003720160008,37.7410471,127.0500432
792,2380,판매,도그메리트 강아지,***********,경기도 의정부시 의정부동,382000003720160006,37.5489039,127.0708468
793,2379,판매,꼬마강아지,070-5111-5900,경기도 의정부시 의정부동,382000003720160003,37.7371128,127.052004
794,2378,판매,베스트 의정부 애견 미용학원,***********,-,382000003720160001,37.7368764,127.0515408
795,2377,판매,위즈펫,0318530275,-,382000003720150011,37.6733388,126.7553321
796,2376,판매,펫모아,***********,경기도 의정부시 호원동,382000003720150009,37.5570567,126.9540555
797,2375,판매,앨리스펫,***********,경기도 의정부시 가능동,382000003720150008,32.7641067,-117.2262649
798,2374,판매,도그하임 강아지,***********,경기도 의정부시 의정부동,382000003720150004,37.7462912,127.0460467
799,2373,판매,도그엔도그,877-3608,경기도 의정부시 가능동,382000003720150003,37.4789252,126.806113
800,2372,판매,스마트애견,-,경기도 의정부시 의정부동,382000003720150001,43.7687022,-79.4123463
801,2371,판매,현대동물병원,***********,-,382000003720140009,37.8800104,127.7429136
802,2370,판매,요미독 강아지분양 애견샵 의정부점,02-565-5512,-,382000003720140005,37.7430908,127.0468242
803,2369,판매,스타일독,***********,-,382000003720140001,45.6978236,-122.542649
804,2368,판매,(주)그린프레밀리,***********,경기도 의정부시 민락동,382000003720130001,,
805,2367,판매,베스트 독,070-8231-7636,경기도 의정부시 신곡동,382000003720120010,38.8101945,-77.25433199999999
806,2366,판매,아쿠아오리지널 롯데마트장암점,031-711-7785,경기도 의정부시 장암동,382000003720120007,37.7232326,127.0531466
807,2365,판매,아쿠아플러스(주) 의정부점,850-8000,경기도 의정부시 금오동,382000003720120006,37.7521198,127.0709761
808,2364,판매,녹양동물병원,***********,경기도 의정부시 녹양동,382000003720120005,37.75679969999999,127.0333376
809,2363,판매,에이스동물병원 펫샵,-,경기도 의정부시 의정부동,382000003720120004,37.5169054,126.9024559
810,2362,판매,퍼피 앤 더 시티,***********,경기도 의정부시 가능동,382000003720120003,37.7560321,127.0381809
811,2361,판매,퍼피라인,070-7608-6355,경기도 의정부시 가능동,382000003720100001,37.4938331,126.9900644
812,2360,판매,빅토리펫,851-7717,-,382000003720090003,37.7494587,127.0784823
813,2359,판매,강아지,***********,-,382000003720080024,36.1572964,128.3377077
814,2358,판매,이쁜강쥐,837-5558,-,382000003720080021,,
815,2357,판매,스마일애견,841-9993,-,382000003720080019,37.7540035,128.9202271
816,2356,판매,코리아애견샵,853-7424,-,382000003720080016,34.0528953,-118.2982983
817,2355,판매,강아지이야기,872-0840,경기도 의정부시 가능동,382000003720080014,34.8879713,128.6254702
818,2354,판매,예쁜강아지,840-8253,-,382000003720080012,37.8734247,127.7205072
819,2353,판매,애견풀하우스,833-7773,-,382000003720080010,34.945038,127.5176771
820,2352,판매,애견사랑방,871-2450,경기도 의정부시 가능동,382000003720080004,36.7838069,126.9940358
821,2351,판매,용현애견방,844-6709,경기도 의정부시 용현동,382000003720080003,37.730961,127.0845378
822,2350,판매,애견클럽,829-1041,경기도 의정부시 녹양동,382000003720080005,40.8283895,-73.9730395
823,2349,판매,미유펫 강아지고양이 안양점,***********,경기도 안양시 만안구 안양동,383000003720210016,37.4040938,126.9166046
824,2348,판매,캣츠앤몬스터,***********,경기도 안양시 동안구 관양동,383000003720210013,,
825,2347,판매,다줄개,031-348-0099,경기도 안양시 동안구 비산동,383000003720210005,34.7601007,127.6718193
826,2346,판매,도그마루,-,경기도 안양시 동안구 관양동,383000003720210001,37.4940589,126.7259957
827,2345,판매,키즈멍 안양본점,***********,경기도 안양시 만안구 안양동,383000003720200019,37.4014465,126.9212396
828,2344,판매,힐링주,031-340-4411,경기도 안양시 동안구 관양동,383000003720200001,37.3965824,126.9670495
829,2343,판매,(주)코스모스이펙트,-,경기도 안양시 동안구 관양동,383000003720190025,37.5050707,127.0519429
830,2342,판매,로이펫,-,경기도 안양시 동안구 관양동,383000003720190014,37.4044542,126.9698356
831,2341,판매,우리고양이,***********,경기도 안양시 동안구 관양동,383000003720180002,37.3046947,126.859341
832,2340,판매,쿨펫,031-382-0011,경기도 안양시 동안구 관양동,383000003720180001,36.8264712,127.1406664
833,2339,판매,베베캣 고양이,031-387-2080,경기도 안양시 동안구 관양동,383000003720170004,37.5549184,126.9378999
834,2338,판매,개냥이(Kaenyange),031-383-2547,경기도 안양시 동안구 관양동,383000003720170003,,
835,2337,판매,베이비몽 안양점,***********,경기도 안양시 동안구 관양동,383000003720170001,37.393507,126.9642389
836,2336,판매,펫트리,0313817790,경기도 안양시 동안구 비산동,383000003720160004,34.0932462,-118.5884911
837,2335,판매,찰리펫샵 강아지분양,031-381-7716,경기도 안양시 동안구 비산동,383000003720160003,37.391758,126.9517626
838,2334,판매,토토로펫평촌점,***********,경기도 안양시 동안구 평촌동,383000003720150006,37.39481749999999,126.975239
839,2333,판매,오케이독안양점,***********,경기도 안양시 동안구 관양동,383000003720150004,37.4029798,126.9745687
840,2332,판매,러브펫멀티펫샵안양호계점,031-455-1320,경기도 안양시 동안구 호계동,383000003720150003,37.3828651,126.9520264
841,2331,판매,슈퍼바우,1600-3446,경기도 안양시 동안구 평촌동,383000003720140007,36.9538768,127.9397271
842,2330,판매,허니애견,031-473-3232,경기도 안양시 만안구 석수동,383000003720130005,37.4070663,126.8986529
843,2329,판매,스타독,031-465-3188,경기도 안양시 만안구 안양동,383000003720130004,42.3920357,-83.5078693
844,2328,판매,로얄수족관,687-1052,경기도 안양시 동안구 관양동,383000003720120006,39.7518486,-105.0140113
845,2327,판매,가성수족관,0313824429,경기도 안양시 동안구 호계동,383000003720120005,33.763382,-84.3951098
846,2326,판매,주식회사 그린프레밀리,***********,경기도 안양시 동안구 비산동,383000003720120003,,
847,2325,판매,아담스펫 강아지고양이 안양점,031-458-8282,경기도 안양시 만안구 안양동,383000003720110005,37.4040938,126.9166046
848,2324,판매,얼짱펫,-,경기도 안양시 동안구 관양동,383000003720110003,35.8619523,128.5449508
849,2323,판매,럭셔리애견사랑,031-444-0724,경기도 안양시 만안구 안양동,383000003720110002,36.779959,126.4484442
850,2322,판매,안양펫애견용품할인마트,031-381-0011,경기도 안양시 동안구 호계동,383000003720090001,37.3795397,126.9540024
851,2321,판매,안양애견,031-448-9339,경기도 안양시 만안구 안양동,383000003720080001,37.4021361,126.9188996
852,2320,판매,에이프릴펫,0323245107,경기도 부천시 상동,386000003720210046,35.1696203,129.0681009
853,2319,판매,쁘띠독,-,경기도 부천시 중동,386000003720210040,35.1724107,126.8206378
854,2318,판매,등록하개,-,경기도 부천시 중동,386000003720210039,,
855,2317,판매,펫트리,-,경기도 부천시 상동,386000003720210035,34.0932462,-118.5884911
856,2316,판매,부천 강아지 리얼퍼피,-,경기도 부천시 상동,386000003720210031,37.5186426,126.8045846
857,2315,판매,펫데이,***********,경기도 부천시 상동,386000003720210030,37.65766,126.7707768
858,2314,판매,몰리스 부천중동점,***********,경기도 부천시 중동,386000003720210028,37.504044,126.763924
859,2313,판매,니즈더펫,***********,경기도 부천시 중동,386000003720210017,37.5611387,126.6184616
860,2312,판매,허니펫,***********,경기도 부천시 심곡동,386000003720210013,37.6064225,127.078833
861,2311,판매,베이비몽 부천점,***********,경기도 부천시 중동,386000003720210011,37.5012666,126.7708247
862,2310,판매,버드스쿨,-,경기도 부천시 괴안동,386000003720200047,35.3074261,-92.0469151
863,2309,판매,멍블랑 강아지 부천점,032-329-2546,경기도 부천시 상동,386000003720200044,37.4926842,126.7660599
864,2308,판매,미니펫스쿨(Minipet School),***********,경기도 부천시 춘의동,386000003720200036,,
865,2307,판매,부천준펫,032-322-7595,경기도 부천시 중동,386000003720200032,37.5043019,126.7762636
866,2306,판매,주식회사 봄프렌즈,1544-9667,경기도 부천시 춘의동,386000003720200007,37.5060813,127.0521758
867,2305,판매,라네쥬 독(Laneige.dog),***********,경기도 부천시 소사동,386000003720190076,,
868,2304,판매,요미독,***********,경기도 부천시 소사본동,386000003720190075,37.6048476,127.0449555
869,2303,판매,데려가개,***********,경기도 부천시 심곡동,386000003720190070,37.4884372,126.7867162
870,2302,판매,(주)코스모스이펙트,0507-1303-2817,경기도 부천시 중동,386000003720190053,37.5050707,127.0519429
871,2301,판매,커멍커멍,***********,경기도 부천시 상동,386000003720190052,37.4962248,126.953249
872,2300,판매,상아쿠아 주식회사,0326725250,경기도 부천시 원종동,386000003720190043,37.5242653,126.8110121
873,2299,판매,마이펫,0325151777,경기도 부천시 심곡동,386000003720190037,37.4352114,126.7522063
874,2298,판매,더독스,***********,경기도 부천시 중동,386000003720190029,37.4693273,126.8970414
875,2297,판매,뭉개뭉개,***********,경기도 부천시 원미동,386000003720190018,37.2644647,127.0268916
876,2296,판매,망고&체리 애견샵,***********,경기도 부천시 고강동,386000003720190007,37.2656138,127.0214516
877,2295,판매,사바나 코쉬카,-,경기도 부천시 중동,386000003720180139,37.5014644,126.7727746
878,2294,판매,하비펫,032-202-8475,경기도 부천시 옥길동,386000003720180137,37.4666016,126.8247689
879,2293,판매,멋지개 예쁘개,***********,경기도 부천시 원종동,386000003720180035,37.5271824,126.802258
880,2292,판매,하나애견,***********,경기도 부천시 원미동,386000003720180029,36.6356855,127.4756705
881,2291,판매 미용,돌리샵,***********,경기도 부천시 중동,386000003720180022,37.5019317,126.7719204
882,2290,판매,하이주리테일,070-7767-0815,경기도 부천시 상동,386000003720180005,37.5032652,126.769618
883,2289,판매,저스트독,-,경기도 부천시 상동,386000003720180004,37.5060582,126.7568663
884,2288,판매,아담스펫살롱,0326838023,경기도 부천시 삼정동,386000003720180002,38.8899389,-77.0090505
885,2287,판매,베이비몽 부천점,-,경기도 부천시 상동,386000003720180001,37.5012666,126.7708247
886,2286,판매,Idogcare,***********,경기도 부천시 상동,386000003720170014,37.2108001,-95.7609329
887,2285,판매,강아지에 반하다,-,경기도 부천시 송내동,386000003720170011,37.483413,126.762393
888,2284,판매,가족의탄생,***********,경기도 부천시 심곡동,386000003720170010,,
889,2283,판매,패밀리와와,-,-,386000003720170009,35.2198899,128.6806427
890,2282,판매,펫토리,1800-8737,-,386000003720170008,37.4882386,126.7645183
891,2281,판매 미용,혜인펫,0328757979,-,386000003720170006,37.4895241,126.8132695
892,2280,판매,카페 마루리,0323514500,-,386000003720170005,43.37149,-2.86949
893,2279,판매,스타일독앤캣 강아지고양이 부천본점,0323213340,경기도 부천시 상동,386000003720170004,37.5038861,126.7499277
894,2278,판매,하이롤러 코리아,***********,-,386000003720170003,36.1176324,-115.168294
895,2277,판매,Multi pet,***********,경기도 부천시 심곡동,386000003720170001,40.8376041,-74.0668866
896,2276,판매,스마트독,***********,경기도 부천시 심곡동,386000003720160022,37.548268,126.930466
897,2275,판매,아지네,***********,-,386000003720160017,35.5436228,129.3470289
898,2274,판매,오케이독,***********,-,386000003720160013,37.4883709,126.7518547
899,2273,판매,미래애견,***********,경기도 부천시 상동,386000003720160011,35.1381208,129.068374
900,2272,판매,펫케이,***********,경기도 부천시 심곡동,386000003720160010,37.512679,127.055838
901,2271,판매,필독,***********,경기도 부천시 괴안동,386000003720160009,43.6874043,-79.4012338
902,2270,판매,플라워 도그,6555979,경기도 부천시 심곡동,386000003720160001,37.4895855,126.7842134
903,2269,수입 판매,라이프 독,0323452340,경기도 부천시 역곡동,386000003720150021,37.5430064,126.731017
904,2268,판매,이사벨라돌스 말티즈,07086839443,경기도 부천시 심곡동,386000003720150019,,
905,2267,판매,미니펫 강아지고양이 부천점,0323268990,-,386000003720150018,37.5053252,126.7623129
906,2266,판매,오드리 독,327-9219,경기도 부천시 상동,386000003720150017,,
907,2265,판매,아이러브펫츠 애견,07088861289,경기도 부천시 상동,386000003720150010,35.1948598,126.8136846
908,2264,판매,강사모백화점 애견분양(개아범),***********,-,386000003720150009,37.470751,126.7961659
909,2263,판매,러브펫 멀티펫샵(부천고강),070-7353-3230,경기도 부천시 고강동,386000003720150007,37.5169054,126.9024559
910,2262,판매,Boongs Home,***********,-,386000003720150006,44.8908886,-76.2398796
911,2261,판매,Groovy Dooggy,***********,-,386000003720150004,26.2228645,-98.277591
912,2260,판매,도미나펫,032-345-0630,-,386000003720150002,,
913,2259,판매,지중해동물병원,032-321-7603,-,386000003720140023,37.503864,126.7733065
914,2258,판매,이쁘개,032-325-2885,경기도 부천시 상동,386000003720140022,36.9175456,127.1308288
915,2257,판매,강아지영토,032-326-1151,-,386000003720140020,37.5014995,126.7690464
916,2256,판매,펫샵보이즈(아담스펫 부천점),032)611-1319,경기도 부천시 중동,386000003720140019,37.4976957,126.7781933
917,2255,판매,미래애견,346-0067,경기도 부천시 소사본동,386000003720140018,35.1381208,129.068374
918,2254,판매,펫츠고동물병원,032-324-8575,-,386000003720140017,34.0493821,-118.2438524
919,2253,판매,아이러브독 강아지 부천점,***********,-,386000003720140016,37.503938,126.75377
920,2252,판매,작은동물원,032-324-7616,-,386000003720140015,36.786118,127.3232079
921,2251,판매,로얄수족관,***********,경기도 부천시 심곡본동,386000003720140013,39.7518486,-105.0140113
922,2250,판매,24시 아이동물 메디컬센터,677-5262,-,386000003720140010,,
923,2249,판매,사랑해줄개,070-7740-0250,경기도 부천시 상동,386000003720140009,37.7491923,127.0341867
924,2248,판매,러브펫멀티펫샵,321-1979,경기도 부천시 중동,386000003720140002,37.586609,127.1391542
925,2247,판매,월드펫동물병원,032-661-7575,-,386000003720140001,37.5570078,126.9533333
926,2246,판매,말티즈하우스,***********,경기도 동두천시 송내동,386000003720130019,37.49411630000001,126.7212768
927,2245,판매,(주)더위더스,032-328-8788,경기도 부천시 상동,386000003720130018,37.5187255,126.7207348
928,2244,판매,피터독,-,경기도 부천시 상동,386000003720130017,40.7098774,-73.9625052
929,2243,판매,위드펫,***********,경기도 부천시 송내동,386000003720130013,36.3861245,127.31797
930,2242,판매,메이크펫,07088414848,경기도 부천시 심곡동,386000003720130011,37.5247246,127.0437582
931,2241,판매,주식회사 펫뱅크,0326508000,경기도 부천시 상동,386000003720130009,37.3244538,126.7532955
932,2240,판매,수족관(더블루벨),***********,경기도 부천시 심곡본동,386000003720120017,33.7625243,-118.1967038
933,2239,판매,아쿠아플러스(주) 부천상동점,0326508000,경기도 부천시 상동,386000003720120011,37.5041313,126.7551956
934,2238,판매,(주)그린아쿠아펫,0226191285,경기도 부천시 중동,386000003720120013,37.4413047,126.8415617
935,2237,판매,로얄수족관,0327181052,경기도 부천시 중동,386000003720120014,39.7518486,-105.0140113
936,2236,판매,온누리팻샵,***********,경기도 부천시 소사동,386000003720130003,37.4933724,126.7878848
937,2235,판매,트랜드독,-,경기도 부천시 심곡동,386000003720120010,37.4899763,126.7819161
938,2234,판매,엔젤퍼피,678-2766,경기도 부천시 여월동,386000003720120009,37.5761357,127.072357
939,2233,생산 판매,프린세스 말티즈,***********,경기도 부천시 심곡동,386000003720120007,37.4864631,126.7797947
940,2232,수입 판매,갤러리캣,032-610-4523,경기도 부천시 상동,386000003720120008,37.5076417,126.7493922
941,2231,판매,바우스토리,***********,경기도 부천시 상동,386000003720120006,37.4664191,127.1390961
942,2230,판매,준이네집,***********,경기도 부천시 상동,386000003720120005,37.4875483,126.7642402
943,2229,판매,CS PET,***********,경기도 부천시 상동,386000003720120002,34.1590904,-86.3532458
944,2228,판매,큐피트 동물병원,032-666-7975,경기도 부천시 심곡동,386000003720120001,37.4864091,126.7799941
945,2227,판매,도그트랜드,***********,경기도 부천시 상동,386000003720110012,40.7636243,-73.97399279999999
946,2226,판매,초이스펫,***********,경기도 부천시 상동,386000003720110011,37.5212154,126.8416033
947,2225,판매,이지동물올케어센터,-,경기도 부천시 역곡동,386000003720110008,37.4847538,126.8089477
948,2224,판매,애니독4호점,662-0907,경기도 부천시 심곡동,386000003720110009,,
949,2223,판매,부천24시SKY동물병원,323-7579,경기도 부천시 중동,386000003720110006,37.5005707,126.7772274
950,2222,판매,소풍쿨펫 동물병원,3297975,경기도 부천시 상동,386000003720100004,37.3400065,127.1069645
951,2221,판매,도그앤도그,0326688111,경기도 부천시 원미동,386000003720090002,37.5493302,126.9521129
952,2220,판매,둘리애견,0326834524,경기도 부천시 여월동,386000003720080013,35.5645708,126.8572861
953,2219,판매,행복한 강아지,0326510079,경기도 부천시 심곡본동,386000003720080011,37.6559409,127.0309567
954,2218,판매,테오퍼피,0326117909,경기도 부천시 심곡본동,386000003720080010,37.48055069999999,126.7819221
955,2217,판매,쿨펫동물병원,0323238585,경기도 부천시 중동,386000003720080005,36.8264712,127.1406664
956,2216,판매,제일애견,032-683-6510,경기도 부천시 원종동,386000003720080003,36.3267489,127.4275715
957,2215,판매,도당애견,0326840090,경기도 부천시 도당동,386000003720080002,37.5199951,126.7909599
958,2214,판매,도그피아,0326558729,경기도 부천시 송내동,386000003720080001,37.454038,126.820061
959,2213,판매,강아지 요미독 광명,-,경기도 광명시 소하동,390000003720210004,37.479629,126.85272
960,2212,판매,베타봉봉,***********,경기도 광명시 하안동,390000003720210003,,
961,2211,판매,주식회사 밀레펫 광명소하점,02-2104-5002,경기도 광명시 소하동,390000003720210001,37.4466589,126.8845654
962,2210,판매,퍼피뉴,-,경기도 광명시 일직동,390000003720200008,29.6962154,-98.155509
963,2209,판매 전시,마이쥬,***********,경기도 광명시 하안동,390000003720190012,35.2650757,128.6232219
964,2208,판매 전시 위탁관리 미용,멍스테이,02-897-6701,경기도 광명시 소하동,390000003720180027,38.2610854,128.5593059
965,2207,판매,라온캣(광명),***********,경기도 광명시 소하동,390000003720180006,37.448658,126.883959
966,2206,판매,천사애견,02-831-2300,경기도 광명시 소하동,390000003720150003,36.3530635,127.3669237
967,2205,판매,홈펫,2067-7181,경기도 광명시 철산동,390000003720120006,37.5037468,127.1140739
968,2204,판매,데코스,02-2067-8955,경기도 광명시 광명동,390000003720120005,34.6666611,-93.0411749
969,2203,판매,광명 꽃 수족관,02-2625-6004,경기도 광명시 광명동,390000003720120004,37.479404,126.855623
970,2202,판매,가가동물원,***********,경기도 광명시 노온사동,390000003720120002,37.4430876,126.8457158
971,2201,판매,바크바크,070-4642-7579,경기도 광명시 광명동,390000003720120001,36.7426205,-95.9507541
972,2200,판매,이마트 광명소하점,02-6918-1270,경기도 광명시 소하동,390000003720110001,37.4466589,126.8845654
973,2199,판매,야옹아 멍멍해봐 강아지고양이 평택점,***********,경기도 평택시 죽백동,391000003720210032,36.9832265,126.9283923
974,2198,판매,마마스미독,***********,경기도 평택시 비전동,391000003720210028,35.1696203,129.0681009
975,2197,판매,가족이랑개,***********,경기도 평택시 신장동,391000003720210017,43.7766138,-79.41412179999999
976,2196,판매,웃는 멍냥이,***********,경기도 평택시 안중읍 송담리,391000003720210008,,
977,2195,판매,왓썹독,***********,경기도 평택시 독곡동,391000003720210005,37.0855798,127.0723392
978,2194,판매,스타펫,***********,경기도 평택시 고덕면 여염리,391000003720210003,37.8155881,127.2124777
979,2193,판매,우리집 강아지,***********,경기도 평택시 신장동,391000003720200052,37.5474953,127.0549957
980,2192,판매,쿤이 수염을 쫓아,***********,경기도 평택시 안중읍 현화리,391000003720200049,,
981,2191,판매,멍멍이와 야옹이,***********,경기도 평택시 비전동,391000003720200043,37.2150191,127.0387904
982,2190,판매,평택 평안 월드캣,-,경기도 평택시 동삭동,391000003720200035,36.9921075,127.1129451
983,2189,판매,컴투펫 강아지 평택점,-,경기도 평택시 비전동,391000003720200033,37.5327963,127.0854067
984,2188,판매,베테랑 동물병원,031-682-5552,경기도 평택시 청북읍 옥길리,391000003720200030,29.9656882,-95.4820821
985,2187,판매,도그마루 강아지고양이 평택점,***********,경기도 평택시 비전동,391000003720200029,37.0657553,127.0613517
986,2186,판매,퍼스트 펫,-,경기도 평택시 이충동,391000003720200019,37.533307,126.651138
987,2185,판매,캣？ 고양이전문,***********,경기도 평택시 비전동,391000003720200017,37.5026796,127.0990332
988,2184,판매,달루나캣츠 고양이전문 평택점,***********,경기도 평택시 비전동,391000003720200007,37.0052371,127.1017765
989,2183,판매,팜스펫,***********,경기도 평택시 모곡동,391000003720190094,37.7729074,126.7771516
