,Unnamed: 0,구분,업체명,전화번호,소재지,인허가번호,위도,경도
0,0,운송,공병호펫택시,***********,서울특별시 종로구 명륜3가,300000003720200001,37.5700388,127.0153769
1,1,운송,GECOS(개코스),***********,서울특별시 종로구 평창동,300000003720190007,37.5342545,126.9937488
2,2,운송,멍이요,***********,서울특별시 중구 중림동,301000003720200004,,
3,3,운송,엔젤펫택시,1577-0423,서울특별시 중구 신당동,301000003720190005,37.5683595,126.8277962
4,4,운송,엔젤,-,서울특별시 중구 신당동,301000003720190003,37.181939,-93.30998799999999
5,5,운송,꼬리살랑,02-1670-1612,서울특별시 용산구 원효로3가,302000003720210004,37.5342733,126.9596974
6,6,운송,조은주펫택시,***********,서울특별시 용산구 보광동,302000003720210003,37.5330472,126.9939859
7,7,운송,유임정펫택시,***********,서울특별시 용산구 이촌동,302000003720200008,,
8,8,운송,이예슬펫택시,-,서울특별시 용산구 한강로2가,302000003720200001,37.5240629,126.9593157
9,9,운송,해피펫드라이버,***********,서울특별시 용산구 이촌동,302000003720190009,,
10,10,운송,타다펫,***********,서울특별시 용산구 보광동,302000003720180050,,
11,11,운송,(주)하율투어 펫피스 드라이버,02-6218-1318,서울특별시 성동구 성수동2가,303000003720210008,,
12,12,운송,정민영 펫택시,***********,서울특별시 성동구 성수동1가,303000003720210001,37.537454,127.0541
13,13,운송,수호펫,***********,서울특별시 성동구 성수동2가,303000003720200013,37.7513546,127.0759884
14,14,운송,이재원,***********,서울특별시 성동구 금호동2가,303000003720190021,37.50021,126.9996637
15,15,운송,펫뜨락,***********,서울특별시 광진구 화양동,304000003720210005,37.4917064,126.7426335
16,16,운송,우기부기샵,070-8874-0564,서울특별시 광진구 구의동,304000003720210004,,
17,17,운송,디어독,02-499-6678,서울특별시 광진구 자양동,304000003720210003,36.6321453,127.4990575
18,18,운송,댕댕이 전용차,***********,서울특별시 광진구 중곡동,304000003720200010,,
19,19,운송,윤패션,***********,서울특별시 광진구 중곡동,304000003720180075,36.5653715,128.7282858
20,20,운송,주식회사 한국화물연합,1688-2424,서울특별시 동대문구 장안동,305000003720190008,37.46957039999999,127.0410303
21,21,운송,PET me up(최윤희),***********,서울특별시 동대문구 장안동,305000003720180067,,
22,22,운송,프리펫택시(FREE PET TAXI),-,서울특별시 중랑구 상봉동,306000003720210005,40.7607986,-73.97176220000001
23,23,운송,반려동물 이동서비스,***********,서울특별시 중랑구 묵동,306000003720210003,37.495505,127.0375434
24,24,운송,멍이요,***********,서울특별시 중랑구 신내동,306000003720210002,,
25,25,운송,황현준 펫택시,***********,서울특별시 중랑구 중화동,306000003720200013,,
26,26,운송,ABMALL,***********,서울특별시 중랑구 묵동,306000003720180076,34.605189,-118.1530202
27,27,운송,프렌즈 펫택시,-,서울특별시 성북구 길음동,307000003720210004,43.090392,-79.08536699999999
28,28,운송,박대희 펫택시,***********,서울특별시 성북구 석관동,307000003720200011,37.6135303,127.0479336
29,29,운송,타자,***********,서울특별시 성북구 동선동5가,307000003720200008,34.1777056,-118.5364504
30,30,운송,행복하개키울고양,***********,서울특별시 성북구 안암동2가,307000003720190030,37.5873143,127.0218412
31,31,운송,호펫 강아지 고양이 성신여대본점,0507-1306-9216,서울특별시 성북구 동선동3가,307000003720190027,37.5945128,127.0201163
32,32,운송,장은정펫택시,***********,서울특별시 성북구 동소문동4가,307000003720190023,,
33,33,운송,김지용펫택시,***********,서울특별시 성북구 돈암동,307000003720190019,,
34,34,운송,행복하개키울고양,***********,서울특별시 성북구 안암동2가,307000003720190016,37.5873143,127.0218412
35,35,운송,안전한 펫택시,***********,서울특별시 성북구 하월곡동,307000003720190013,37.6636836,126.7645491
36,36,운송,삼미리 펫 모범택시,***********,서울특별시 강북구 미아동,308000003720210007,,
37,37,운송,은종민 펫택시,***********,서울특별시 강북구 미아동,308000003720200012,37.624054,127.0322283
38,38,운송,타요펫 모빌리티,1522-9534,서울특별시 강북구 미아동,308000003720200008,,
39,39,운송,댕댕카,-,서울특별시 강북구 미아동,308000003720190017,34.9447973,127.4881534
40,40,운송,펫미업,-,서울특별시 강북구 수유동,308000003720190016,,
41,41,운송,스트로젤리컴퍼니,***********,서울특별시 강북구 번동,308000003720190004,37.6377547,127.0294401
42,42,운송,반려동물 이동서비스,***********,서울특별시 강북구 수유동,308000003720180038,37.495505,127.0375434
43,43,운송,펫을 부탁해,***********,서울특별시 강북구 미아동,308000003720180036,37.64879639999999,127.035656
44,44,운송,아트워크,-,서울특별시 도봉구 창동,309000003720210007,36.370801,-94.21654799999999
45,45,운송,멍이요 펫택시,***********,서울특별시 도봉구 쌍문동,309000003720210004,36.802639,127.1206708
46,46,운송,반려동물 이동서비스,***********,서울특별시 도봉구 쌍문동,309000003720210003,37.495505,127.0375434
47,47,운송,TAXI BENEPET(택시벤이펫),***********,서울특별시 도봉구 창동,309000003720190007,37.4543309,126.6452212
48,48,운송,펫아찌펫아씨,***********,서울특별시 도봉구 창동,309000003720180054,,
49,49,운송,MOMO,***********,서울특별시 도봉구 창동,309000003720180004,33.1545182,-96.8495099
50,50,운송,멍타냥,02-6080-0920,서울특별시 노원구 상계동,310000003720210012,37.518119,127.0206671
51,51,운송,멍타펫택시,***********,서울특별시 노원구 월계동,310000003720200007,,
52,52,운송,펫픽스,***********,서울특별시 노원구 상계동,310000003720190025,37.5113105,127.0498419
53,53,운송,주식회사 날라주,1668-1250,서울특별시 노원구 공릉동,310000003720190019,27.6648274,-81.5157535
54,54,운송,임선아 펫택시,***********,서울특별시 노원구 공릉동,310000003720180069,36.3234946,127.3808831
55,55,운송,임제혁 펫택시,***********,서울특별시 노원구 공릉동,310000003720180067,36.3234946,127.3808831
56,56,운송,반려하다,***********,서울특별시 은평구 갈현동,311000003720210006,,
57,57,운송,마카롱티1 서울33자8309,029182131,서울특별시 은평구 진관동,311000003720200012,37.566535,126.9779692
58,58,운송,마카롱티1 서울37바2445,029182131,서울특별시 은평구 진관동,311000003720200011,37.566535,126.9779692
59,59,운송,마카롱티1 서울37바2441,029182131,서울특별시 은평구 진관동,311000003720200010,37.566535,126.9779692
60,60,운송,마카롱티1 서울33자8323,029182131,서울특별시 은평구 진관동,311000003720200009,37.566535,126.9779692
61,61,운송,스마트독까페,***********,서울특별시 은평구 증산동,311000003720190019,37.5651376,126.9308739
62,62,운송,김동일 펫택시,***********,서울특별시 서대문구 홍제동,312000003720210001,,
63,63,위탁관리 미용 운송,BOSS PUPPY,***********,서울특별시 서대문구 연희동,312000003720200014,26.2869625,-80.2771301
64,64,운송,정태선 펫택시,***********,서울특별시 서대문구 홍은동,312000003720200010,37.588594,126.9375128
65,65,운송,펫배달,***********,서울특별시 서대문구 연희동,312000003720200007,37.5113105,127.0498419
66,66,운송,퍼플캣,027432459,서울특별시 서대문구 홍제동,312000003720190011,37.5157197,127.1322328
67,67,운송,멍이요,-,서울특별시 마포구 성산동,313000003720210012,,
68,68,운송,멍고,***********,서울특별시 마포구 동교동,313000003720200021,37.3263202,-117.774532
69,69,운송,덕구야 가자,***********,서울특별시 마포구 도화동,313000003720200015,,
70,70,운송,반려동물이동서비스,***********,서울특별시 마포구 망원동,313000003720200012,37.495505,127.0375434
71,71,운송,민족상사,***********,서울특별시 마포구 창전동,313000003720190034,37.560998,127.0633267
72,72,운송,(주)건영환경물류,***********,서울특별시 마포구 성산동,313000003720180022,35.1068619,129.0380273
73,73,운송,에바랩,***********,서울특별시 양천구 신정동,314000003720210007,,
74,74,운송,멍이 펫택시,***********,서울특별시 양천구 신정동,314000003720210006,,
75,75,운송,박성기 펫택시,***********,서울특별시 양천구 신월동,314000003720200025,,
76,76,운송,댕댕이타요(10소 8163),-,서울특별시 양천구 신월동,314000003720200013,37.5226084,126.8396756
77,77,운송,댕댕이타요(22고 0713),***********,서울특별시 양천구 신월동,314000003720200014,37.5226084,126.8396756
78,78,운송,펫타고,***********,서울특별시 양천구 목동,314000003720180016,35.1884347,129.2060785
79,79,운송,멍마르뜨,***********,서울특별시 강서구 방화동,315000003720210020,36.2614686,128.3141538
80,80,운송,어디가개 택시,***********,서울특별시 강서구 화곡동,315000003720210013,37.7619622,127.0381359
81,81,운송,우리콜닷컴,***********,서울특별시 강서구 화곡동,315000003720210009,37.5916645,126.9134654
82,82,운송,지디파크,02-2663-9003,서울특별시 강서구 방화동,315000003720210003,37.5803576,126.8194609
83,83,운송,매호,070-4517-8299,서울특별시 강서구 화곡동,315000003720200037,41.372316,-73.733465
84,84,운송,이승우 펫택시,***********,서울특별시 강서구 공항동,315000003720200032,,
85,85,운송,요미 펫택시,***********,서울특별시 강서구 가양동,315000003720200026,37.6636836,126.7645491
86,86,운송,펫타요 펫택시,***********,서울특별시 강서구 화곡동,315000003720200025,37.5348011,127.1413307
87,87,운송,묘한호텔,0226013123,서울특별시 강서구 화곡동,315000003720200022,37.5299712,126.8493933
88,88,운송,이수환 펫택시,***********,서울특별시 강서구 방화동,315000003720200020,,
89,89,운송,알까네 펫드라이브,***********,서울특별시 강서구 화곡동,315000003720200013,,
90,90,운송,외박해도 괜찮아,***********,서울특별시 강서구 화곡동,315000003720190053,37.5472054,126.8433871
91,91,운송,펫고고,***********,서울특별시 강서구 화곡동,315000003720190043,37.5286173,127.1322283
92,92,운송,펫업,***********,서울특별시 강서구 방화동,315000003720190039,,
93,93,운송,바스독,***********,서울특별시 강서구 화곡동,315000003720190037,37.5443556,126.8373786
94,94,운송,꿈꾸는 고양이,***********,서울특별시 강서구 등촌동,315000003720190016,37.7532825,128.8941628
95,95,운송,개아범콜,-,서울특별시 강서구 가양동,315000003720180095,,
96,96,운송,빈 펫택시,***********,서울특별시 강서구 방화동,315000003720180093,37.6636836,126.7645491
97,97,운송,엉클펫,***********,서울특별시 강서구 등촌동,315000003720180089,36.4449629,127.4245227
98,98,운송,말순이네,***********,서울특별시 강서구 화곡동,315000003720180019,35.2595158,128.6126279
99,99,운송,카우보이펫택시,***********,서울특별시 구로구 구로동,316000003720210015,,
100,100,운송,스타일홀릭 펫택시,***********,서울특별시 구로구 구로동,316000003720210010,36.3234946,127.3808831
101,101,운송,박은성펫택시,***********,서울특별시 구로구 구로동,316000003720210005,,
102,102,운송,김가연펫택시,***********,서울특별시 구로구 오류동,316000003720210006,37.4949624,126.8307614
103,103,운송,멍이요,***********,서울특별시 구로구 구로동,316000003720200008,,
104,104,운송,(주)잇펫,***********,서울특별시 구로구 구로동,316000003720190019,37.4820569,126.895277
105,105,운송,제이에스콜밴,***********,서울특별시 구로구 개봉동,316000003720190006,37.535997,126.7083886
106,106,운송,플라이플라잉,028729666,서울특별시 구로구 오류동,316000003720190005,37.4984707,126.9993694
107,107,운송,송대현펫택시,***********,서울특별시 구로구 온수동,316000003720180044,37.4949624,126.8307614
108,108,운송,PET TAXI(TP),***********,서울특별시 구로구 고척동,316000003720180042,,
109,109,운송,런투독(RUN TO DOG),***********,서울특별시 구로구 구로동,316000003720180003,37.4883204,126.8960849
110,110,운송,순덕이네,***********,서울특별시 금천구 시흥동,317000003720180001,33.4129315,126.8963417
111,111,운송,냥이야 가자,***********,서울특별시 영등포구 양평동6가,318000003720190016,,
112,112,운송,다온 펫택시,***********,서울특별시 영등포구 당산동5가,318000003720190007,37.4913221,127.0384611
113,113,운송,바다 팻택시,***********,서울특별시 동작구 상도동,319000003720210007,34.7400346,127.7382044
114,114,운송,멍이요,***********,서울특별시 동작구 노량진동,319000003720210005,,
115,115,운송,두젠틀,***********,서울특별시 동작구 상도동,319000003720210003,37.5040863,127.0358013
116,116,운송,도윤 펫택시,***********,서울특별시 동작구 대방동,319000003720210002,,
117,117,운송,앤드퍼피팻택시,***********,서울특별시 동작구 사당동,319000003720200009,37.6636836,126.7645491
118,118,운송,반려동물 이동서비스,***********,서울특별시 동작구 사당동,319000003720200005,37.495505,127.0375434
119,119,운송,임동현 펫택시,***********,서울특별시 동작구 신대방동,319000003720190003,49.2585709,-122.8925857
120,120,운송,알펫드라이버,***********,서울특별시 관악구 봉천동,320000003720210006,40.6367516,-75.4605856
121,121,운송,가미네,***********,서울특별시 관악구 봉천동,320000003720210005,34.054555,-118.3220675
122,122,운송,펫택시 (멍이요),***********,경기도 수원시 권선구 권선동,320000003720210003,,
123,123,운송,돌봐줄개,***********,서울특별시 관악구 신림동,320000003720200004,37.5093688,126.8943577
124,124,운송,여기훈 펫택시,-,서울특별시 관악구 봉천동,320000003720190013,36.3234946,127.3808831
125,125,운송,천리펫시(1002PT),***********,서울특별시 관악구 신림동,320000003720180096,,
126,126,운송,투퍼피,070-5154-5505,서울특별시 관악구 신림동,320000003720180086,37.488577,126.928096
127,127,운송,고양이호텔 냥이아지트,070-4127-5616,서울특별시 관악구 봉천동,320000003720180076,37.50198100000001,127.098596
128,128,운송,콤피 펫 쇼퍼 서비스,***********,서울특별시 관악구 신림동,320000003720180004,,
129,129,운송,위코어,1522-9659,서울특별시 서초구 방배동,321000003720200018,37.5207676,127.0261564
130,130,운송,주식회사 하울팟,070-7776-1105,서울특별시 서초구 서초동,321000003720200016,37.4931134,127.0178692
131,131,운송,반려동물 이동서비스,***********,서울특별시 서초구 서초동,321000003720200009,37.495505,127.0375434
132,132,운송,고고댕댕,-,서울특별시 강남구 논현동,321000003720190035,37.5099512,127.0282085
133,133,운송,Im,02-593-6700,서울특별시 서초구 반포동,321000003720190033,42.73190839999999,-84.4857277
134,134,운송,브이케어,02-6949-3023,서울특별시 서초구 반포동,321000003720190022,37.5089909,127.0403621
135,135,운송,지정한 펫택시,***********,서울특별시 서초구 반포동,321000003720180090,36.7986319,127.1777771
136,136,운송,아롱다롱 펫택시,***********,서울특별시 강남구 논현동,322000003720210025,,
137,137,운송,코코스퀘어,02-6245-0001,서울특별시 강남구 논현동,322000003720210003,37.6360028,127.2165279
138,138,운송,24개스트하우스,***********,서울특별시 강남구 역삼동,322000003720200035,34.0447283,-118.3072826
139,139,운송,최민주 펫택시,***********,서울특별시 강남구 일원동,322000003720200031,,
140,140,운송,윤명원 펫택시,***********,서울특별시 강남구 율현동,322000003720200027,,
141,141,운송,알라딘펫택시,02-2135-9958,서울특별시 강남구 역삼동,322000003720200021,,
142,142,운송,펫이동서비스,02-566-1143,서울특별시 강남구 역삼동,322000003720190090,37.3083871,126.847426
143,143,운송,아지원,02-540-1955,서울특별시 강남구 청담동,322000003720190077,37.5236374,127.0509536
144,144,운송,간다하개,***********,서울특별시 강남구 수서동,322000003720190006,,
145,145,운송,이안동물의학센터,02-574-7533,서울특별시 강남구 청담동,322000003720190005,37.5238585,127.039623
146,146,운송,주식회사 펫플라이,02-6956-8988,서울특별시 강남구 논현동,322000003720180155,36.4298403,127.406946
147,147,운송,봉브라더스,02-548-0888,서울특별시 강남구 논현동,322000003720180105,37.5202946,127.0359457
148,148,운송,캣틀리에,***********,서울특별시 강남구 대치동,322000003720180013,37.5050478,127.059389
149,149,운송,댕댕이타요,***********,서울특별시 송파구 문정동,323000003720210023,37.5226084,126.8396756
150,150,운송,이준 펫택시,-,서울특별시 송파구 가락동,323000003720210013,35.136927,129.0983551
151,151,운송,반려동물 이동서비스,***********,서울특별시 송파구 송파동,323000003720200027,37.495505,127.0375434
152,152,운송,멍이요,***********,서울특별시 송파구 잠실동,323000003720200018,,
153,153,운송,펫토,02-6368-1028,서울특별시 송파구 송파동,323000003720180141,37.6400797,126.8348755
154,154,운송,오세욱 펫택시,***********,서울특별시 송파구 오금동,323000003720180138,37.5094959,127.1271901
155,155,운송,김영중 펫택시,***********,서울특별시 송파구 송파동,323000003720180137,37.550153,127.1461512
156,156,운송,우다닥고양이호텔,***********,서울특별시 송파구 석촌동,323000003720180132,37.50198100000001,127.098596
157,157,운송,빨리펫,***********,서울특별시 송파구 잠실동,323000003720180058,37.5094919,127.0819642
158,158,운송,펫드라이브,02-6264-8288,서울특별시 송파구 장지동,323000003720180034,37.51454400000001,127.106597
159,159,운송,펫도그 애견스쿨,***********,서울특별시 송파구 문정동,323000003720180033,37.4837192,127.129973
160,160,운송,멍이요,***********,서울특별시 강동구 강일동,324000003720210011,,
161,161,운송,제제네 멍치원,***********,서울특별시 강동구 천호동,324000003720210004,37.5463194,127.1346938
162,162,운송,리치형아,***********,서울특별시 강동구 명일동,324000003720200019,,
163,163,운송,펫캡,***********,서울특별시 강동구 천호동,324000003720200004,,
164,164,운송,신상호 펫택시,***********,서울특별시 강동구 천호동,324000003720190008,32.8954834,-96.8931556
165,165,운송,비케이 인터내셔날,***********,서울특별시 강동구 암사동,324000003720180005,37.3661077,127.1053796
166,166,운송,시나몬,***********,부산광역시 중구 남포동5가,325000003720200002,37.1886923,-93.2212883
167,167,운송,뚱보네펫택시,***********,부산광역시 서구 남부민동,326000003720190001,35.0845175,129.0212097
168,168,운송,펫미업,***********,부산광역시 영도구 봉래동4가,328000003720190002,,
169,169,운송,486펫콜,***********,부산광역시 부산진구 당감동,329000003720210001,35.16376899999999,129.0687609
170,170,운송,애견펫택시 펫밴,1600-9432,부산광역시 부산진구 부전동,329000003720180039,37.6636836,126.7645491
171,171,위탁관리 운송,486,***********,부산광역시 부산진구 부전동,329000003720180006,29.864017,-95.72123590000001
172,172,운송,개폼,***********,부산광역시 남구 문현동,330000003720180036,35.142663,129.0662046
173,173,운송,런닝펫,***********,부산광역시 동래구 온천동,330000003720180010,35.2059413,129.0756587
174,174,운송,묘한호텔,***********,부산광역시 남구 용호동,331000003720200009,37.5299712,126.8493933
175,175,운송,486펫콜 2호점,***********,부산광역시 남구 우암동,331000003720190005,35.16376899999999,129.0687609
176,176,운송,부산펫(주),051-604-7522,부산광역시 남구 대연동,331000003720180022,35.1663684,129.133442
177,177,운송,파란 해운대,***********,부산광역시 해운대구 좌동,333000003720210030,35.165169,129.1639948
178,178,운송,파파 펫택시,***********,부산광역시 해운대구 재송동,333000003720210017,37.4447113,126.6785291
179,179,운송,일구팔이 독 하우스,051-746-1982,부산광역시 해운대구 우동,333000003720200019,,
180,180,운송,해운대 펫택시,***********,부산광역시 해운대구 우동,333000003720200003,35.136927,129.0983551
181,181,운송,tak 타요 개린이,***********,부산광역시 해운대구 재송동,333000003720200001,,
182,182,운송,펫타고,***********,부산광역시 해운대구 송정동,333000003720190021,35.1884347,129.2060785
183,183,운송,쪼꼬네 펫콜,***********,부산광역시 해운대구 재송동,333000003720180013,,
184,184,운송,펫시(petsee),***********,부산광역시 해운대구 반여동,333000003720180003,,
185,185,위탁관리 미용 운송,스파보드레,***********,부산광역시 사하구 다대동,334000003720210002,37.6596981,126.7665749
186,186,운송,펫콜486(사하점),***********,부산광역시 사하구 하단동,334000003720200005,,
187,187,판매 위탁관리 미용 운송,도그라이프,051-266-3268,부산광역시 사하구 다대동,334000003720180019,35.8650633,128.5967672
188,188,위탁관리 미용 운송,해피멍,051-265-8454,부산광역시 사하구 장림동,334000003720180016,37.8427182,127.712773
189,189,운송,Petsco,***********,부산광역시 사하구 다대동,334000003720180008,36.7406464,-95.9479223
190,190,운송,최철식,***********,부산광역시 사하구 하단동,334000003720180001,,
191,191,운송,HC global,***********,부산광역시 남구 대연동,335000003720200003,37.78987000000001,-122.4053382
192,192,운송,파트라슈 펫 택시,***********,부산광역시 금정구 남산동,335000003720190015,,
193,193,운송,아껴줄개,***********,부산광역시 연제구 연산동,337000003720200003,35.192039,129.100007
194,194,위탁관리 운송,러블리펫텔,***********,부산광역시 연제구 거제동,337000003720190005,,
195,195,위탁관리 운송,오구오구퍼피 광안점,***********,부산광역시 수영구 남천동,338000003720210009,35.1668417,129.162725
196,196,운송,486 펫택시(수영망미점),-,부산광역시 수영구 광안동,338000003720210002,35.145615,129.1130831
197,197,운송,야옹아놀자 부산 광안리점,051-757-9993,부산광역시 수영구 광안동,338000003720190010,35.2668905,129.0873475
198,198,운송,486펫콜 사상점,***********,부산광역시 사상구 모라동,339000003720210003,35.16376899999999,129.0687609
199,199,위탁관리 운송,고양이는 외계인,***********,부산광역시 사상구 감전동,339000003720200002,,
200,200,위탁관리 미용 운송,희야네 애견미용실,***********,부산광역시 사상구 모라동,339000003720200001,35.1884762,128.9884578
201,201,운송,밤벨 펫택시,***********,부산광역시 기장군 장안읍 좌천리,340000003720200007,,
202,202,운송,하울팟 부산케어센터,051-604-7268,부산광역시 기장군 기장읍 시랑리,340000003720180052,35.1974219,129.2280627
203,203,운송,신독스에어(Shindogs Air),***********,부산광역시 기장군 기장읍 석산리,340000003720180050,,
204,204,운송,어라운드펫,***********,부산광역시 기장군 장안읍 좌천리,340000003720180043,35.3205036,129.2352401
205,205,운송,도그스테이,***********,대구광역시 중구 남산동,341000003720180018,35.8376408,128.5672765
206,206,운송,이재룡의 뭉개뭉개 유치원,0539650854,대구광역시 동구 각산동,342000003720210007,35.878398,128.712347
207,207,운송,간지나개,***********,대구광역시 동구 신천동,342000003720200008,36.6206292,127.4273329
208,208,운송,펫콜,***********,대구광역시 동구 신암동,342000003720190016,35.16376899999999,129.0687609
209,209,운송,젠틀펫,053-586-3512,대구광역시 서구 중리동,343000003720200002,33.8184525,-118.0698131
210,210,운송,고고펫,***********,대구광역시 서구 평리동,343000003720190005,37.5286173,127.1322283
211,211,운송,핑크강아지,-,대구광역시 남구 대명동,344000003720210008,35.8377985,128.5695029
212,212,운송,로이펫택시,-,대구광역시 남구 봉덕동,344000003720210002,37.4044542,126.9698356
213,213,운송,도그앤브루,***********,대구광역시 남구 봉덕동,344000003720190007,35.833221,128.6221582
214,214,위탁관리 운송,모모댕댕,***********,대구광역시 북구 태전동,345000003720210010,,
215,215,운송,알로몽,***********,대구광역시 수성구 두산동,346000003720210005,46.2139274,-74.58574709999999
216,216,운송,펫911,***********,대구광역시 수성구 중동,346000003720210002,,
217,217,운송,체리 퍼피앤캣,***********,대구광역시 수성구 만촌동,346000003720200044,35.8501854,128.6521176
218,218,운송,원쿡,***********,대구광역시 수성구 대흥동,346000003720200018,35.831882,128.6852301
219,219,운송,모모댕댕,***********,대구광역시 달서구 대곡동,347000003720210002,,
220,220,운송,486 펫콜,***********,대구광역시 달서구 이곡동,347000003720200012,35.16376899999999,129.0687609
221,221,운송,원쿡 펫택시,***********,대구광역시 달서구 이곡동,347000003720180097,35.8560435,128.4960012
222,222,운송,부르멍 펫택시,***********,대구광역시 달성군 다사읍 세천리,348000003720210011,36.3234946,127.3808831
223,223,운송,모시개냥,***********,대구광역시 달성군 유가읍 봉리,348000003720200017,,
224,224,운송,PET CALL,***********,대구광역시 달성군 화원읍 구라리,348000003720200005,26.571047,-80.147286
225,225,운송,예뻐지냥,***********,대구광역시 달성군 화원읍 구라리,348000003720180014,35.8097724,128.509146
226,226,운송,AMI PET CONSULT,-,인천광역시 중구 중산동,349000003720210018,,
227,227,운송,똥꼬발랄 아람네,***********,인천광역시 중구 송월동2가,349000003720180009,,
228,228,운송,펫이즈,1522-0769,인천광역시 연수구 송도동,350000003720200002,37.5355914,127.2028813
229,229,운송,드라이브 위드 조이,***********,인천광역시 중구 송학동3가,350000003720190004,,
230,230,운송,홍익인용펫,***********,인천광역시 미추홀구 용현동,351050003720210011,37.5515814,126.9249751
231,231,수입 판매 전시 위탁관리 미용 운송,개떼라떼,***********,인천광역시 미추홀구 도화동,351050003720210010,,
232,232,운송,펫이즈,-,인천광역시 미추홀구 주안동,351050003720200024,37.5355914,127.2028813
233,233,운송,정성카,-,인천광역시 미추홀구 도화동,351050003720200019,35.2525304,129.2142872
234,234,운송,펫이즈,-,인천광역시 미추홀구 문학동,351050003720200014,37.5355914,127.2028813
235,235,판매 위탁관리 미용 운송,펫커트랜드,***********,인천광역시 미추홀구 주안동,351050003720200011,28.0645233,-82.4280445
236,236,운송,유혜원 펫택시,***********,인천광역시 미추홀구 주안동,351050003720200008,36.3234946,127.3808831
237,237,운송,아지냥이콜,***********,인천광역시 미추홀구 학익동,351050003720180023,,
238,238,운송,불티나 펫,***********,인천광역시 미추홀구 숭의동,351050003720180002,36.8094444,127.1613889
239,239,운송,하이포우(hipaw),032-278-6138,인천광역시 연수구 송도동,352000003720210025,,
240,240,운송,놀러들오개,***********,인천광역시 연수구 옥련동,352000003720210004,37.86605590000001,127.718887
241,241,운송,"아름다운동물병원(이쁘개, 아름답게)",***********,인천광역시 연수구 송도동,352000003720200016,,
242,242,운송,포미네,***********,인천광역시 연수구 송도동,352000003720200011,35.1878188,126.9020125
243,243,운송,지엔밸류홀딩스 주식회사,032-831-8943,인천광역시 연수구 송도동,352000003720190031,37.4780439,126.8815648
244,244,운송,(주)펫잇,***********,인천광역시 연수구 송도동,352000003720190028,37.7418432,128.9833
245,245,운송,반려동물 이동서비스,***********,인천광역시 연수구 연수동,352000003720190026,37.495505,127.0375434
246,246,운송,Pet Van Uncle JOO(펫 택시),***********,인천광역시 연수구 선학동,352000003720190016,40.7948672,-74.21613470000001
247,247,판매 위탁관리 미용 운송,블루큐브,***********,인천광역시 연수구 연수동,352000003720180026,35.821809,-78.629102
248,248,판매 위탁관리 미용 운송,멍쮸,032-812-9009,인천광역시 연수구 연수동,352000003720180025,37.4252849,126.6824798
249,249,운송,가이아의 정원,032-462-0312,인천광역시 남동구 논현동,353000003720210026,41.1431037,-8.6158052
250,250,운송,펫이즈,-,인천광역시 남동구 만수동,353000003720210021,37.5355914,127.2028813
251,251,운송,탱크,***********,인천광역시 남동구 구월동,353000003720210010,37.3216472,-94.8211216
252,252,운송,베스트프렌 독,032-466-3171,인천광역시 남동구 구월동,353000003720210009,28.4578755,-81.4635378
253,253,운송,펫이즈,1522-0769,인천광역시 남동구 만수동,353000003720210003,37.5355914,127.2028813
254,254,운송,김영찬,***********,인천광역시 남동구 만수동,353000003720200029,37.4964279,126.9525823
255,255,운송,댕댕카,***********,인천광역시 남동구 구월동,353000003720200027,34.9447973,127.4881534
256,256,운송,예스 애니멀,***********,인천광역시 남동구 만수동,353000003720190052,,
257,257,운송,뚱이네 애견택시,***********,인천광역시 남동구 서창동,353000003720190030,35.95843,129.4064824
258,258,운송,댕고카,***********,인천광역시 남동구 논현동,353000003720180156,,
259,259,운송,컴투펫 인천점,***********,인천광역시 남동구 간석동,353000003720180092,37.5327963,127.0854067
260,260,운송,애견미용샵,***********,인천광역시 남동구 만수동,353000003720180086,40.8525419,-73.9862627
261,261,운송,펫 플러스 pet plus,-,인천광역시 남동구 만수동,353000003720180077,35.627814,139.7731896
262,262,운송,너티독하우스,032-469-0118,인천광역시 남동구 수산동,353000003720180054,37.4372493,126.722583
263,263,운송,아셀이네펫콜,***********,인천광역시 남동구 만수동,353000003720180037,37.451842,126.7040845
264,264,운송,펫밀리,070-4306-6902,인천광역시 남동구 간석동,353000003720180036,37.4678024,126.6985758
265,265,운송,두산이네 애견샵,***********,인천광역시 남동구 구월동,353000003720180021,37.4470488,126.70625
266,266,운송,개편한세상,032-469-2223,인천광역시 남동구 구월동,353000003720180014,37.4628323,126.7089045
267,267,운송,행복하개,070-7777-5584,인천광역시 남동구 만수동,353000003720180012,37.4894528,127.4759203
268,268,운송,펫이즈,1522-0769,인천광역시 부평구 갈산동,354000003720210014,37.5355914,127.2028813
269,269,운송,펫프렌즈,***********,인천광역시 부평구 부평동,354000003720210009,37.5113105,127.0498419
270,270,운송,든든,***********,인천광역시 부평구 산곡동,354000003720200036,37.548961,126.917566
271,271,운송,24시 펫미업,***********,인천광역시 부평구 산곡동,354000003720200025,,
272,272,운송,반려동물 이동서비스,***********,인천광역시 부평구 부평동,354000003720200017,37.495505,127.0375434
273,273,운송,빛나라 퍼피,070-8770-8333,인천광역시 부평구 갈산동,354000003720200016,35.1878852,129.1043158
274,274,운송,유영민펫택시,***********,인천광역시 부평구 구산동,354000003720190019,,
275,275,운송,위드펫택시,-,인천광역시 부평구 갈산동,354000003720180082,35.2128085,126.883376
276,276,운송,멍카,***********,인천광역시 계양구 효성동,355000003720210002,35.8755154,128.6281931
277,277,운송,지방이삼촌펫택시,***********,인천광역시 계양구 계산동,355000003720200016,36.3234946,127.3808831
278,278,운송,모시개냥,***********,인천광역시 계양구 효성동,355000003720200011,,
279,279,운송,재호운송,***********,인천광역시 계양구 효성동,355000003720190012,37.62034,127.0470739
280,280,위탁관리 미용 운송,돌봐줄개,***********,인천광역시 서구 심곡동,356000003720210001,37.5093688,126.8943577
281,281,운송,멍`S,0325657988,인천광역시 서구 청라동,356000003720200037,37.4865615,126.9864659
282,282,운송,이너크 펫택시,***********,인천광역시 서구 청라동,356000003720200031,36.3234946,127.3808831
283,283,위탁관리 운송,호텔펫코리아,0325644984,인천광역시 서구 마전동,356000003720200028,37.50198100000001,127.098596
284,284,운송,이우열,***********,인천광역시 서구 마전동,356000003720200026,37.5467555,127.0452422
285,285,수입 판매 운송,앤 펫,***********,인천광역시 서구 청라동,356000003720200023,37.4025983,126.7210955
286,286,운송,(주)나투스핀 펫 미업,***********,서울특별시 서초구 양재동,356000003720190038,,
287,287,운송,GodoT,***********,인천광역시 서구 석남동,356000003720190032,33.9144036,-84.34208579999999
288,288,운송,강윤펫택시,***********,인천광역시 서구 청라동,356000003720190026,,
289,289,운송,도그(DOGUE),***********,인천광역시 서구 석남동,356000003720190021,38.2320734,-77.2158117
290,290,운송,메시네,***********,인천광역시 서구 검암동,356000003720190006,35.0411572,-106.9339214
291,291,운송,헬로펫,***********,인천광역시 서구 원당동,356000003720180018,35.8080152,127.1163008
292,292,수입 판매 전시 위탁관리 미용 운송,스퀘어독스,0325681063,인천광역시 서구 연희동,356000003720180004,40.7307044,-73.9986304
293,293,운송,애견가족,062-225-0303,광주광역시 동구 불로동,359000003720180020,35.1440761,126.9151789
294,294,운송,다온펫택시,***********,광주광역시 서구 금호동,360000003720190034,37.4913221,127.0384611
295,295,운송,달리개,***********,광주광역시 서구 풍암동,360000003720180029,44.427963,-110.588455
296,296,운송,dbdb 펫 운송,***********,광주광역시 서구 쌍촌동,361000003720210004,,
297,297,운송,개린이보호구역,062-654-7001,광주광역시 남구 방림동,361000003720200005,35.124134,126.9179847
298,298,운송,에브리데이 펫,***********,광주광역시 남구 봉선동,361000003720200001,37.340008,-121.907691
299,299,운송,공감애견미용실,***********,광주광역시 남구 주월동,361000003720190026,35.1904816,126.8180462
300,300,운송,도도네 개집,062-676-1872,광주광역시 남구 월산동,361000003720190003,35.1288392,126.9144749
301,301,운송,설이네 펫택시,***********,광주광역시 북구 양산동,362000003720210001,36.802639,127.1206708
302,302,운송,멈무유치원,***********,광주광역시 북구 중흥동,362000003720200014,37.5744396,127.0212115
303,303,운송,베이비멍,062)268-2362,광주광역시 북구 연제동,362000003720180071,37.5184221,126.9053485
304,304,운송,펫어디가,***********,광주광역시 북구 연제동,362000003720180066,35.2024056,126.8702482
305,305,운송,개맑음,***********,광주광역시 북구 오치동,362000003720180028,35.1905932,126.9051956
306,306,운송,앙팡이네,***********,광주광역시 광산구 월계동,363000003720210026,,
307,307,운송,The 사랑해줄개,***********,광주광역시 광산구 우산동,363000003720210011,37.7491923,127.0341867
308,308,운송,위드펫,***********,광주광역시 광산구 산정동,363000003720200009,36.3861245,127.31797
309,309,운송,하늘이동,-,광주광역시 광산구 장덕동,363000003720190014,37.32123989999999,127.4134051
310,310,운송,펀앤독,062-953-7743,광주광역시 광산구 신가동,363000003720190011,35.1793293,126.8364254
311,311,운송,도그스쿨존,***********,광주광역시 광산구 우산동,363000003720180006,35.1594312,126.803001
312,312,운송,홈펫 택시,***********,대전광역시 중구 선화동,364000003720200012,,
313,313,운송,한국 전견국 연맹 2,***********,대전광역시 동구 가오동,364000003720200002,37.66399759999999,127.9784585
314,314,운송,펫월드,***********,대전광역시 동구 가오동,364000003720190022,39.1724791,-96.6021162
315,315,운송,전국야생생몰보호관리협회 대전지부,***********,대전광역시 동구 인동,364000003720190007,36.3259498,127.4203246
316,316,운송,펫레디,***********,대전광역시 동구 가오동,364000003720180004,18.4145961,78.42261119999999
317,317,운송,한국전견국연맹,***********,대전광역시 동구 가오동,364000003720180005,38.8985658,-77.04428419999999
318,318,운송,대전펫택시,***********,대전광역시 동구 낭월동,364000003720180002,36.2853718,127.4647376
319,319,운송,펫 레스규,***********,대전광역시 중구 중촌동,365000003720180049,37.5225281,127.0212452
320,320,운송,퍼펙트 마이펫,***********,대전광역시 서구 갈마동,366000003720210025,,
321,321,운송,리나펫택시,-,대전광역시 서구 내동,366000003720200016,38.8985658,-77.04428419999999
322,322,운송,태우러갈개(서구점),-,대전광역시 서구 관저동,366000003720200011,36.3545224,127.3836025
323,323,운송,태우러갈개,***********,대전광역시 서구 도마동,366000003720200009,,
324,324,운송,멍택시,***********,대전광역시 서구 갈마동,366000003720200008,37.518119,127.0206671
325,325,운송,대전 댕댕택시,***********,대전광역시 서구 변동,366000003720200002,36.3234946,127.3808831
326,326,운송,댕댕택시,***********,대전광역시 서구 변동,366000003720180068,36.3234946,127.3808831
327,327,운송,하얀강아지,042-534-9393,대전광역시 서구 갈마동,366000003720180044,36.9714777,127.9153894
328,328,운송,브리더독,***********,대전광역시 유성구 죽동,367000003720200028,36.3802441,127.3252938
329,329,운송,펫데이트,***********,대전광역시 유성구 전민동,367000003720180064,37.743393,127.0436377
330,330,운송,타요펫,***********,대전광역시 대덕구 오정동,368000003720200005,37.5348011,127.1413307
331,331,운송,댕댕이 유치원,***********,울산광역시 중구 옥교동,369000003720210009,33.5071848,126.536065
332,332,운송,개인공간,***********,울산광역시 중구 약사동,369000003720210004,37.59986809999999,127.0956868
333,333,운송,도그파우 애견카페,***********,울산광역시 중구 성안동,369000003720200018,35.5743598,129.3110529
334,334,운송,멍멍왕자 야옹공주,***********,울산광역시 중구 성남동,369000003720200011,,
335,335,운송,개편한 미용#,***********,울산광역시 중구 복산동,369000003720190026,37.5096293,126.6726899
336,336,운송,썸바디독스,0522113164,울산광역시 남구 삼산동,370000003720210019,37.7232646,126.7736091
337,337,운송,휴도기,***********,울산광역시 남구 신정동,370000003720210016,37.5095402,127.026774
338,338,운송,CAREMATE PET TAXI,***********,울산광역시 남구 삼산동,370000003720210004,44.9481267,-93.19456389999999
339,339,운송,개냥콜,***********,울산광역시 남구 무거동,370000003720200029,,
340,340,운송,카페미밍코,0529605966,울산광역시 남구 삼산동,370000003720200025,37.4247135,126.8841582
341,341,운송,졸리쇼,07047991136,울산광역시 남구 신정동,370000003720200017,41.5445138,-88.2004759
342,342,운송,MK CLUB,***********,울산광역시 남구 신정동,370000003720190025,29.5350771,-98.487034
343,343,운송,울산 퀵 서비스,052-257-9113,울산광역시 남구 신정동,370000003720180082,35.5510418,129.260725
344,344,운송,펫120,-,울산광역시 남구 달동,370000003720180005,35.5348814,129.3149246
345,345,운송,멍데이펫택시,***********,울산광역시 동구 동부동,371000003720210004,36.3234946,127.3808831
346,346,운송,DLDL,***********,울산광역시 동구 전하동,371000003720200007,39.0027771,-77.10445969999999
347,347,위탁관리 운송,댕즈,***********,울산광역시 북구 호계동,372000003720210004,33.1415085,77.2132106
348,348,위탁관리 운송,코코마또 플레이그라운드,***********,울산광역시 북구 무룡동,372000003720200005,35.608093,129.4366437
349,349,위탁관리 미용 운송,상희독스 아카데미,***********,울산광역시 북구 연암동,372000003720190015,35.5868026,129.3714576
350,350,위탁관리 운송,멍클린,***********,울산광역시 북구 산하동,372000003720190013,35.875618,128.6689563
351,351,운송,너와함께할개,052-716-9052,울산광역시 울주군 삼남읍 교동리,373000003720210004,35.5498137,129.1120364
352,352,운송,오브다해,***********,울산광역시 울주군 두동면 구미리,373000003720210001,,
353,353,운송,레스트펫,0522380033,울산광역시 울주군 서생면 위양리,373000003720200022,35.3529816,129.3031672
354,354,운송,CAFE THE DOG,***********,울산광역시 울주군 범서읍 구영리,373000003720200015,36.054136,-94.1248213
355,355,운송,도기하우스,***********,울산광역시 울주군 두동면 월평리,373000003720200008,37.5921095,126.9455437
356,356,운송,야후독,***********,울산광역시 울주군 온양읍 남창리,373000003720200006,35.4123535,129.2806809
357,357,운송,필애견훈련학교(특수목적견교육센터),052-239-9424,울산광역시 울주군 서생면 명산리,373000003720180037,,
358,358,운송,아리엘언니,031-222-0610,경기도 수원시 권선구 곡반정동,374000003720210060,37.2392616,127.0303398
359,359,운송,펫사랑,***********,경기도 수원시 팔달구 우만동,374000003720210038,37.5006201,126.7031163
360,360,운송,펫 투게더,***********,경기도 수원시 장안구 송죽동,374000003720210036,37.4977158,126.9435012
361,361,운송,멍택시,***********,경기도 수원시 권선구 구운동,374000003720210028,37.518119,127.0206671
362,362,운송,반려동물 이동서비스,***********,경기도 수원시 권선구 호매실동,374000003720210009,37.495505,127.0375434
363,363,운송,김소연 펫택시,***********,경기도 수원시 팔달구 우만동,374000003720210006,,
364,364,운송,한성동물병원,031-232-5831,경기도 수원시 팔달구 우만동,374000003720200077,37.4782212,126.9318251
365,365,운송,칠보 펫택시,***********,경기도 수원시 권선구 당수동,374000003720200076,,
366,366,운송,에코독,031-206-7070,경기도 수원시 영통구 신동,374000003720200070,37.85960559999999,127.3439364
367,367,운송,인계독,***********,경기도 수원시 팔달구 인계동,374000003720190032,37.2649588,127.0346408
368,368,운송,펫 친구,1877-6580,경기도 수원시 팔달구 인계동,374000003720180119,37.2666451,127.0302729
369,369,운송,고잉펫(Going-pet),***********,경기도 수원시 영통구 영통동,374000003720180053,,
370,370,운송,멍투게더,***********,경기도 성남시 중원구 중앙동,378000003720210014,,
371,371,운송,강냥이의 집사,***********,경기도 성남시 수정구 수진동,378000003720200050,,
372,372,운송,GOM 펫택시,-,경기도 성남시 분당구 정자동,378000003720200048,35.2059413,129.0756587
373,373,운송,도그365,031-701-3650,경기도 성남시 분당구 서현동,378000003720200038,37.38376,127.1366895
374,374,운송,㈜미키펫코리아,031-605-9788,경기도 성남시 분당구 수내동,378000003720190091,37.3766474,127.113131
375,375,운송,더독,***********,경기도 성남시 분당구 석운동,378000003720190022,43.0277594,-89.6478253
376,376,운송,고양이를 부탁해,***********,경기도 성남시 분당구 야탑동,378000003720180130,37.5985151,127.0676089
377,377,운송,(주)위드독,***********,경기도 의정부시 민락동,382000003720210017,37.3513928,126.7418342
378,378,운송,독플래닛,***********,경기도 의정부시 가능동,382000003720210009,37.7548339,127.0173384
379,379,운송,DOGGY BUS,***********,경기도 의정부시 의정부동,382000003720200021,45.37633160000001,-122.6325592
380,380,운송,김수현 펫택시,***********,경기도 의정부시 금오동,382000003720200022,,
381,381,운송,반려동물이동서비스,***********,경기도 의정부시 가능동,382000003720190038,37.495505,127.0375434
382,382,운송,펫투펫,***********,경기도 의정부시 신곡동,382000003720180127,37.729762,127.0576928
383,383,운송,몽e 펫택시,***********,경기도 안양시 동안구 관양동,383000003720210004,36.3234946,127.3808831
384,384,운송,반려동물 이동 서비스 펫미업,-,경기도 안양시 동안구 호계동,383000003720200013,,
385,385,운송,펫미업 안양점,-,경기도 안양시 동안구 비산동,383000003720190027,37.404548,126.9634511
386,386,운송,드라이빙펫 안심하개,***********,경기도 안양시 동안구 관양동,383000003720180112,37.4063446,126.9637505
387,387,운송,펫택시 써니호,-,경기도 안양시 만안구 석수동,383000003720180037,37.4110088,126.910561
388,388,운송,펫이즈,***********,경기도 부천시 중동,386000003720210024,37.5355914,127.2028813
389,389,운송,모두의 댕댕,-,경기도 부천시 고강동,386000003720200034,,
390,390,운송,펫택시,***********,경기도 부천시 소사본동,386000003720200028,37.6636836,126.7645491
391,391,운송,(주)펫잇,070-4130-9680,경기도 부천시 원미동,386000003720200012,37.7418432,128.9833
392,392,운송,라봉 펫택시,***********,경기도 부천시 작동,386000003720200004,,
393,393,운송,빵망이 펫택시,***********,경기도 부천시 상동,386000003720200003,36.3234946,127.3808831
394,394,운송,반려동물 이동서비스,***********,경기도 부천시 중동,386000003720190068,37.495505,127.0375434
395,395,운송,잇츠브루노,***********,경기도 부천시 상동,386000003720190038,,
396,396,운송,쓰담케어,***********,경기도 부천시 중동,386000003720190028,37.2712116,127.1074665
397,397,운송,부루펫,***********,경기도 부천시 송내동,386000003720180149,35.1738394,129.1723226
398,398,운송,반려동물 이동서비스,***********,경기도 부천시 오정동,386000003720180144,37.495505,127.0375434
399,399,운송,몽자네,-,경기도 부천시 원종동,386000003720180047,37.50316979999999,127.0234988
400,400,위탁관리 운송,롯데아울렛 광명지점(카페 미밍코),02-6226-2790,경기도 광명시 일직동,390000003720200006,37.4247135,126.8841582
401,401,운송,독카펫택시,***********,경기도 광명시 광명동,390000003720200004,36.3234946,127.3808831
402,402,위탁관리 운송,체크인독,***********,경기도 광명시 소하동,390000003720190005,,
403,403,운송,(주)올크린,02-807-7890,경기도 광명시 일직동,390000003720190004,37.4188644,126.8885265
404,404,운송,화니케어,***********,경기도 광명시 소하동,390000003720180001,37.4517316,126.8873303
405,405,운송,똥강아지 미장원,***********,경기도 평택시 안중읍 안중리,391000003720210018,35.4854032,129.4225103
406,406,운송,라이프,***********,경기도 평택시 포승읍 원정리,391000003720210011,36.3575691,-94.1891491
407,407,운송,댕댕구루마,***********,경기도 평택시 장안동,391000003720210012,,
408,408,운송,우리 펫 택시(woori pet taxi),***********,경기도 평택시 서정동,391000003720210004,,
409,409,운송,우리집 강아지,***********,경기도 평택시 신장동,391000003720200053,37.5474953,127.0549957
410,410,운송,멍이요,***********,경기도 평택시 비전동,391000003720200032,,
411,411,운송,라프네 애견미용실,***********,경기도 평택시 고덕면 두릉리,391000003720190058,40.8401516,-73.9808348
412,412,운송,쁨 쁨,***********,경기도 평택시 서정동,391000003720190053,37.5043161,127.0250435
413,413,운송,더 퍼스트 클래스 펫,***********,경기도 평택시 팽성읍 대사리,391000003720180054,37.5278465,126.8457795
414,414,운송,김 셔틀,***********,경기도 평택시 고덕면 당현리,391000003720180017,,
415,415,운송,위드독,***********,경기도 안산시 상록구 성포동,393000003720210023,40.3471777,-111.2946195
416,416,운송,멍멍아 준비땅,***********,경기도 안산시 단원구 고잔동,393000003720210018,,
417,417,위탁관리 미용 운송,우리똥강아지,***********,경기도 안산시 단원구 초지동,393000003720210010,37.6396511,126.7899683
418,418,운송,러브독펫살롱,***********,경기도 안산시 단원구 선부동,393000003720210002,37.3371455,126.8118811
419,419,운송,헤르펫츠,***********,경기도 안산시 단원구 초지동,393000003720190035,37.5335556,126.8687051
420,420,운송,댕댕이버스,***********,경기도 안산시 단원구 선부동,393000003720190034,37.33675119999999,126.8135581
421,421,운송,무지개다리,***********,경기도 안산시 상록구 월피동,393000003720190033,34.9359169,127.7132984
422,422,운송,스핑크스몽,***********,경기도 안산시 상록구 이동,393000003720190007,,
423,423,미용 운송,샤워하개,***********,경기도 안산시 단원구 고잔동,393000003720190002,37.2933531,126.8618807
424,424,운송,펫친구,-,경기도 안산시 상록구 사동,393000003720180046,37.2666451,127.0302729
425,425,운송,멍Mother,***********,경기도 안산시 상록구 사동,393000003720180014,37.9543378,128.772911
426,426,운송,펫택시 타요펫 일산점,***********,경기도 고양시 일산동구 정발산동,396010003720210014,37.6636836,126.7645491
427,427,운송,펫택시 이수지,***********,경기도 고양시 덕양구 행신동,395000003720210020,33.9743384,-84.1604097
428,428,운송,댕댕이 타요,***********,경기도 고양시 일산서구 탄현동,410010003720210008,37.5226084,126.8396756
429,429,운송,독스하트,02-371-2313,경기도 고양시 덕양구 삼송동,395000003720210010,37.6168513,127.138155
430,430,운송,황요한 펫택시,***********,경기도 고양시 일산동구 정발산동,396010003720210003,36.3234946,127.3808831
431,431,운송,위드온,***********,경기도 고양시 일산서구 덕이동,394000003720200106,38.5874799,-90.4934318
432,432,운송,(주)하울팟케어클럽,031-908-8999,경기도 고양시 일산동구 마두동,394000003720200088,37.4931134,127.0178692
433,433,운송,텐시퍼피,031-922-1098,경기도 고양시 일산서구 덕이동,394000003720200074,37.6966259,126.7564734
434,434,운송,(주)엑스포라인,02-2667-0112,경기도 고양시 일산동구 장항동,394000003720200052,37.6541637,126.7727511
435,435,운송,(주)펫에어라인,02-2667-0112,경기도 고양시 일산동구 장항동,394000003720200053,37.655242,126.772293
436,436,운송,반려동물 이동서비스,***********,경기도 고양시 일산동구 장항동,394000003720190107,37.495505,127.0375434
437,437,운송,이삭애견스쿨,0319616450,경기도 고양시 일산서구 대화동,394000003720190104,37.6641787,126.7541715
438,438,운송,어서오시개,***********,경기도 고양시 일산서구 탄현동,394000003720190097,37.5957301,127.022398
439,439,운송,아이엠어 굿독,031-908-8999,경기도 고양시 일산동구 마두동,394000003720190090,37.6646298,126.786378
440,440,운송,MANS PET(맨즈펫),***********,경기도 고양시 덕양구 삼송동,394000003720190016,38.808758,-94.512092
441,441,운송,개와 고양이의 시간,-,경기도 고양시 일산동구 풍동,394000003720190011,37.66726999999999,126.8007572
442,442,운송,펫택시 전재우,***********,경기도 고양시 일산동구 장항동,394000003720190007,,
443,443,운송,My Cat(마이캣),031-965-5533,경기도 고양시 덕양구 성사동,394000003720180157,37.51030799999999,127.053391
444,444,운송,Paw&Me(포앤미),031-911-0229,경기도 고양시 일산동구 정발산동,394000003720180136,37.669921,126.7746644
445,445,운송,펫 브라더스,1877-0885,경기도 고양시 일산동구 중산동,394000003720180115,37.6636836,126.7645491
446,446,운송,일산펫,***********,경기도 고양시 일산동구 풍동,394000003720180086,37.65766,126.7707768
447,447,운송,보배펫,***********,경기도 고양시 덕양구 벽제동,394000003720180082,37.6142259,126.7255681
448,448,운송,경기화물,***********,경기도 고양시 덕양구 화정동,394000003720180056,37.4155227,126.8582949
449,449,운송,독스하트 구리,031-551-5353,경기도 구리시 인창동,398000003720210010,37.6168513,127.138155
450,450,위탁관리 운송,독스하트 구리,031-551-5353,경기도 구리시 인창동,398000003720190009,37.6168513,127.138155
451,451,운송,Paxi(팩시),1899-3379,경기도 구리시 갈매동,398000003720180043,,
452,452,운송,멍멍이와 야옹이,***********,경기도 남양주시 화도읍 묵현리,399000003720210007,37.2150191,127.0387904
453,453,운송,베이비독강아지,***********,경기도 남양주시 화도읍 마석우리,399000003720210010,33.9743384,-84.1604097
454,454,운송,멍블랑,***********,경기도 남양주시 화도읍 묵현리,399000003720200061,37.5476462,126.8642269
455,455,위탁관리 미용 운송,나라라펫,***********,경기도 남양주시 화도읍 월산리,399000003720200059,37.661272,126.7672821
456,456,운송,펫브리지 주식회사,***********,경기도 남양주시 평내동,399000003720190049,35.8350947,128.7247982
457,457,운송,탑펫,***********,경기도 남양주시 오남읍 오남리,399000003720180113,37.6817986,127.2088174
458,458,운송,멍멍택시1,0315216218,경기도 남양주시 삼패동,399000003720180070,,
459,459,운송,멍멍택시,0315216218,경기도 남양주시 삼패동,399000003720180071,37.6636836,126.7645491
460,460,운송,멍멍택시2,***********,경기도 남양주시 진접읍 내각리,399000003720180068,,
461,461,운송,캣스테이,***********,경기도 남양주시 다산동,399000003720180052,37.5021861,126.8642268
462,462,운송,페릿,***********,경기도 남양주시 오남읍 오남리,399000003720180017,45.7158727,-107.687977
463,463,운송,멍이요 오산점,***********,경기도 오산시 원동,400000003720200019,37.1434201,127.0740871
464,464,운송,스마일도그,***********,경기도 오산시 갈곶동,400000003720200012,36.9805669,127.9457903
465,465,운송,애견택시,***********,경기도 오산시 궐동,400000003720200001,32.8944061,-96.903222
466,466,운송,조정훈 펫택시,***********,경기도 오산시 외삼미동,400000003720190004,37.4893223,126.8789743
467,467,운송,오늘은그루밍 펫택시,-,경기도 시흥시 죽율동,401000003720210015,36.3234946,127.3808831
468,468,운송,(주)위드독,***********,경기도 시흥시 정왕동,401000003720210006,37.3513928,126.7418342
469,469,운송,봉쥬르멍멍,***********,경기도 시흥시 은행동,401000003720210001,,
470,470,운송,모시개냥,***********,경기도 시흥시 신천동,401000003720200045,,
471,471,운송,펫이즈,-,경기도 시흥시 장곡동,401000003720200034,37.5355914,127.2028813
472,472,운송,김인철 펫택시,***********,경기도 시흥시 신천동,401000003720200002,,
473,473,운송,다타펫,***********,경기도 시흥시 능곡동,401000003720190034,37.3647962,126.8097639
474,474,운송,김해른 펫택시,***********,경기도 시흥시 정왕동,401000003720190025,35.2270211,128.8863186
475,475,운송,냥냥이 꿈마차(드림캣),***********,경기도 시흥시 정왕동,401000003720190015,,
476,476,운송,멍택시,***********,경기도 시흥시 장현동,401000003720180026,37.518119,127.0206671
477,477,운송,레드카펫,***********,경기도 시흥시 은행동,401000003720180011,39.6968472,-104.865583
478,478,운송,멍때리는강아지(산본점),07040427783,경기도 군포시 산본동,402000003720200005,37.3594144,126.9207863
479,479,운송,타요펫 강남점,***********,경기도 의왕시 학의동,403000003720210006,37.5348011,127.1413307
480,480,운송,멍타펫택시,***********,경기도 의왕시 내손동,403000003720200003,,
481,481,운송,반려동물 이동서비스,***********,경기도 의왕시 내손동,403000003720190007,37.495505,127.0375434
482,482,수입 전시 운송,퍼피앤유,***********,경기도 하남시 망월동,404000003720210027,37.1368937,127.0729365
483,483,위탁관리 미용 운송,BADUGI,***********,경기도 하남시 감일동,404000003720210024,37.5616541,127.0838984
484,484,판매 위탁관리 운송,댕토피아,***********,경기도 하남시 신장동,404000003720210004,36.352856,127.3788255
485,485,운송,나무애견유치원,031-793-0031,경기도 하남시 덕풍동,404000003720200022,37.5431091,127.1989443
486,486,운송,쓰담쓰담,***********,경기도 하남시 망월동,404000003720190027,35.8763771,128.6292177
487,487,운송,펫 헤이븐,***********,경기도 하남시 신장동,404000003720190025,37.5427216,127.2147695
488,488,운송,루트 231,1577-9291,경기도 하남시 신장동,404000003720190020,,
489,489,운송,뻬로 애견샵,031-794-7124,경기도 하남시 덕풍동,404000003720190022,37.54054199999999,127.2022817
490,490,운송,별빛개냥,031-8027-0025,경기도 하남시 망월동,404000003720190010,37.5559345,127.1936687
491,491,운송,서은혜펫택시,-,경기도 하남시 덕풍동,404000003720180039,37.54054199999999,127.2022817
492,492,운송,엔조이펫택시,***********,경기도 용인시 기흥구 마북동,563000003720210020,,
493,493,운송,로얄펫(Royal Pet),***********,경기도 용인시 기흥구 구갈동,563000003720210006,33.9333391,-118.2051288
494,494,운송,독고카,***********,경기도 용인시 처인구 양지면 주북리,562000003720210001,,
495,495,운송,김혜연 펫택시,***********,경기도 용인시 수지구 상현동,564000003720210001,37.2738875,127.0727172
496,496,운송,학교종이 댕댕댕(24거3849),***********,충청남도 아산시 법곡동,562000003720200021,,
497,497,운송,멍타 펫택시 용인·분당점,***********,경기도 용인시 처인구 모현읍 동림리,562000003720200014,37.3766474,127.113131
498,498,운송,댕댕이타요(104수8169),***********,경기도 용인시 기흥구 영덕동,563000003720200023,,
499,499,운송,Animal Grab,031-265-3277,경기도 용인시 수지구 상현동,564000003720200013,36.12485590000001,-95.9408783
500,500,운송,타로몽,031-336-8502,경기도 용인시 처인구 고림동,562000003720190043,37.2362451,127.2169226
501,501,운송,에버똑독,031-320-8352,경기도 용인시 처인구 포곡읍 유운리,562000003720190025,37.48428370000001,127.0281895
502,502,운송,트립펫,***********,경기도 용인시 수지구 죽전동,564000003720190004,37.5023345,127.0430972
503,503,운송,금탑,***********,경기도 용인시 처인구 김량장동,562000003720190011,37.5164548,126.7820005
504,504,운송,펫미업,***********,경기도 용인시 처인구 김량장동,562000003720190006,,
505,505,운송,펫친구(48고4456),***********,경기도 용인시 기흥구 중동,563000003720180079,,
506,506,운송,루이 패밀리 펫택시(37부6594),***********,경기도 용인시 수지구 신봉동,564000003720180064,,
507,507,운송,개가사는그집,031-937-8222,경기도 파주시 목동동,406000003720210051,37.739204,127.5040605
508,508,운송,파주고양이미용실,***********,경기도 파주시 동패동,406000003720210028,37.7152195,126.7413627
509,509,운송,이노펫모빌리티,***********,경기도 파주시 와동동,406000003720210004,,
510,510,운송,진교성 펫택시,031-941-8833,경기도 파주시 금촌동,406000003720200059,37.7542157,126.7774321
511,511,운송,멍이요,-,경기도 파주시 동패동,406000003720200060,,
512,512,운송,핑크펫,-,경기도 파주시 조리읍 대원리,406000003720200041,37.4467148,129.1641838
513,513,운송,멍앤멍스,-,경기도 파주시 서패동,406000003720200011,37.7157573,126.6991609
514,514,운송,반려동물 이동서비스,-,경기도 파주시 상지석동,406000003720190049,37.495505,127.0375434
515,515,운송,COCOPET(코코펫),-,경기도 파주시 동패동,406000003720190048,37.6388915,127.0380921
516,516,운송,썸바디 독스,-,경기도 파주시 상지석동,406000003720190043,37.7232646,126.7736091
517,517,운송,펫택시,***********,경기도 파주시 목동동,406000003720190030,37.6636836,126.7645491
518,518,운송,애니멀다타,***********,경기도 파주시 야당동,406000003720190029,37.5264257,126.8639152
519,519,운송,지켜줄개,-,경기도 파주시 금촌동,406000003720190028,37.7595244,126.768789
520,520,운송,W-Pet힐링테마파크,***********,경기도 파주시 탄현면 만우리,406000003720190010,,
521,521,운송,놀러오개,031-944-6520,경기도 파주시 야당동,406000003720180096,37.5426897,126.843902
522,522,운송,베베네 개스트하우스,***********,경기도 파주시 상지석동,406000003720180078,34.8960711,128.6899478
523,523,운송,펫브라더스,***********,경기도 파주시 조리읍 대원리,406000003720180024,37.6636836,126.7645491
524,524,운송,JI 커뮤니케이션,031-943-3132,경기도 파주시 산남동,406000003720180014,,
525,525,운송,펫이즈,***********,경기도 이천시 부발읍 무촌리,407000003720210002,37.5355914,127.2028813
526,526,운송,펫버스,***********,경기도 김포시 풍무동,409000003720210019,37.5559837,126.8978139
527,527,운송,머스캣 애견미용,031-981-4466,경기도 김포시 양촌읍 석모리,409000003720210015,,
528,528,운송,행복펫택시,***********,경기도 김포시 양촌읍 구래리,409000003720210004,36.3234946,127.3808831
529,529,운송,펫이즈,***********,경기도 김포시 북변동,409000003720200085,37.5355914,127.2028813
530,530,운송,퍼피앤유 김포점,***********,경기도 김포시 장기동,409000003720200069,37.6412564,126.6793343
531,531,운송,개랑 놀려고 차린 집,***********,경기도 김포시 양촌읍 석모리,409000003720200055,37.6355138,126.5487365
532,532,운송,왕희윤 펫택시,***********,경기도 김포시 장기동,409000003720190028,,
533,533,운송,(주)펫가,***********,경기도 김포시 고촌읍 전호리,409000003720190017,37.1968562,126.9915798
534,534,운송,천승우펫택시,***********,경기도 김포시 구래동,409000003720180088,37.6493578,126.625647
535,535,운송,장고하우스,***********,경기도 가평군 상면 임초리,416000003720200005,,
536,536,운송,알로하도그,***********,경기도 양평군 강상면 병산리,417000003720190040,38.7152015,-75.08716679999999
537,537,운송,멍블리하우스,033-264-0282,강원도 춘천시 석사동,418000003720210013,,
538,538,운송,초코칩클래스,***********,강원도 춘천시 우두동,418000003720210006,37.4718033,126.8969395
539,539,운송,개묘한 스토리,***********,강원도 춘천시 교동,418000003720200019,,
540,540,운송,눈맞춤반려동물교감,***********,강원도 춘천시 온의동,418000003720200007,,
541,541,운송,펫츠카,***********,강원도 춘천시 동내면 거두리,418000003720180030,37.8803451,127.7136092
542,542,운송,애견호텔 맥시,033-262-4003,강원도 춘천시 동내면 학곡리,418000003720180026,37.83305259999999,127.7642443
543,543,운송,펫츠월드,***********,강원도 춘천시 동면 장학리,418000003720180018,35.3161,129.1755366
544,544,운송,윤스펫,***********,강원도 원주시 단구동,419000003720210022,35.124385,129.1117197
545,545,운송,멍이요 원주점,***********,강원도 원주시 무실동,419000003720210017,37.3629193,127.9138207
546,546,운송,PET TERRY 펫 테리,033-765-7707,강원도 원주시 판부면 서곡리,419000003720210013,,
547,547,운송,멍이요 중부점,***********,강원도 원주시 단계동,419000003720210012,,
548,548,운송,주주(ZOO ZOO),***********,강원도 원주시 명륜동,419000003720210011,43.8206623,-79.1815077
549,549,운송,김구백이,***********,강원도 원주시 단계동,419000003720200026,,
550,550,운송,픽업펫,***********,강원도 원주시 학성동,419000003720200013,37.6636836,126.7645491
551,551,운송,오빠가 데리러 갈 개,***********,강원도 원주시 관설동,419000003720190001,,
552,552,판매 위탁관리 미용 운송,퀸펫살롱,033-904-7979,강원도 원주시 단구동,419000003720180018,37.3218766,127.949694
553,553,전시 위탁관리 운송,파인독(pine dog),***********,강원도 강릉시 사천면 노동리,420000003720210009,45.6144171,-94.2263246
554,554,운송,갬성DOG,***********,강원도 강릉시 내곡동,420000003720210005,,
555,555,전시 위탁관리 운송,댕댕클럽,647-7000,강원도 강릉시 홍제동,420000003720180040,37.757471,128.8648534
556,556,전시 위탁관리 운송,개들의왕국,***********,강원도 강릉시 구정면 학산리,420000003720180028,37.7047183,128.889397
557,557,위탁관리 미용 운송,하얀강아지,6435352,강원도 강릉시 옥천동,420000003720180027,36.9714777,127.9153894
558,558,운송,멍뭉이,***********,강원도 강릉시 내곡동,420000003720180024,37.7411767,128.8961291
559,559,전시 위탁관리 운송,개버랜드,646-2375,강원도 강릉시 구정면 여찬리,420000003720180023,37.2341889,127.2318563
560,560,판매 미용 운송,퍼피랜드,642-2865,강원도 강릉시 옥천동,420000003720180010,37.8080363,-122.2592475
561,561,운송,애견콜,***********,강원도 강릉시 임당동,420000003720180001,36.0375911,129.3626243
562,562,운송,펫 택시 몽실,***********,강원도 속초시 교동,423000003720210003,35.2652119,129.092679
563,563,위탁관리 미용 운송,너에개 나에개,***********,강원도 속초시 조양동,423000003720190003,40.6892494,-74.04450039999999
564,564,운송,다올콜밴,***********,강원도 속초시 청호동,423000003720180031,37.4624614,126.4741534
565,565,운송,설악애견,0336352623,강원도 속초시 금호동,423000003720180011,38.2061255,128.585016
566,566,수입 판매 전시 위탁관리 미용 운송,검단켄빌,***********,강원도 평창군 대화면 하안미리,428000003720180005,,
567,567,운송,멍이요,***********,강원도 양양군 현남면 광진리,435000003720210001,,
568,568,운송,더 퍼피즈 블루오션,***********,강원도 양양군 강현면 정암리,435000003720200002,38.1419341,128.6124886
569,569,운송,애독펫,-,충청북도 충주시 교현동,439000003720190008,34.7520539,127.7049176
570,570,운송,서당개,***********,충청북도 제천시 영천동,440000003720200006,,
571,571,운송,바우와우,***********,충청북도 옥천군 옥천읍 문정리,443000003720190001,30.4285058,-97.67232539999999
572,572,운송,양글멍글,***********,충청북도 음성군 감곡면 오향리,447000003720210007,,
573,573,운송,개편한 펫택시,***********,충청북도 음성군 금왕읍 오선리,447000003720200004,37.4628323,126.7089045
574,574,운송,쪼래펫 택시,***********,충청남도 아산시 배방읍 장재리,566000003720210026,,
575,575,운송,어서타개,***********,충청남도 천안시 동남구 신방동,565000003720210009,,
576,576,운송,멍이요 천안지점,***********,충청남도 천안시 서북구 성정동,566000003720210014,36.815129,127.1138939
577,577,운송,아리네개치원,***********,충청남도 천안시 동남구 신방동,565000003720210007,,
578,578,운송,VIP 애견,***********,충청남도 천안시 동남구 청당동,565000003720210003,36.7850708,127.1450176
579,579,운송,더세일,***********,충청남도 천안시 동남구 신방동,565000003720210001,42.94381509999999,-76.4128346
580,580,운송,포레스트 캣호텔,***********,충청남도 천안시 동남구 다가동,565000003720200020,36.799112,127.144915
581,581,운송,멍천사,***********,충청남도 천안시 서북구 백석동,566000003720200036,,
582,582,운송,무무유치원,041-907-7200,충청남도 천안시 서북구 성정동,566000003720200027,37.3726111,126.8116023
583,583,운송,맘보독,***********,충청남도 천안시 서북구 두정동,566000003720200024,,
584,584,운송,주식회사 굿피플즈,1811-7009,충청남도 천안시 동남구 구룡동,565000003720200007,36.7673518,127.1438557
585,585,운송,하이댕,***********,충청남도 천안시 동남구 신방동,565000003720190023,37.3167968,127.8281755
586,586,운송,넘버원트리머,041-4892-1243,충청남도 천안시 서북구 두정동,566000003720180087,36.8375222,127.1378184
587,587,운송,개 태우는 오빠,***********,충청남도 천안시 동남구 신부동,565000003720180067,35.1500678,129.0128542
588,588,운송,도그헤어,***********,충청남도 천안시 동남구 용곡동,565000003720180054,36.792661,127.1399741
589,589,운송,Pick-Pct(픽-펫),***********,충청남도 천안시 동남구 목천읍 신계리,565000003720180026,,
590,590,운송,로베르토폼,***********,충청남도 천안시 동남구 구성동,565000003720180013,36.7976264,127.1553126
591,591,운송,몽쁘띠끄,***********,충청남도 아산시 득산동,452000003720210010,36.7862784,126.9658296
592,592,운송,쪼래펫택시,***********,충청남도 아산시 배방읍 장재리,452000003720210001,,
593,593,운송,마이펫택시,***********,충청남도 아산시 음봉면 덕지리,452000003720200026,36.3234946,127.3808831
594,594,운송,슈가팸팸,***********,충청남도 아산시 둔포면 석곡리,452000003720180013,,
595,595,운송,완두콩 펫택시,***********,충청남도 서산시 동문동,453000003720210002,,
596,596,운송,스퀘어독스 서산점,***********,충청남도 서산시 예천동,453000003720200013,36.7610015,126.4616536
597,597,운송,문애견택시 (09가8041),***********,충청남도 논산시 대교동,454000003720200003,,
598,598,운송,야옹아멍멍해봐 황산애견점,732-9195,충청남도 논산시 취암동,454000003720180032,36.6341572,127.4456282
599,599,판매 위탁관리 미용 운송,show dog,041-633-6631,충청남도 홍성군 홍북읍 신경리,460000003720200004,38.5937263,-95.27006779999999
600,600,판매 전시 위탁관리 미용 운송,야옹아 멍멍 해바,***********,충청남도 홍성군 홍성읍 오관리,460000003720180015,36.6341572,127.4456282
601,601,판매 위탁관리 미용 운송,야옹아 멍멍해봐,332-8660,충청남도 예산군 예산읍 산성리,461000003720200004,36.6341572,127.4456282
602,602,운송,펫이리온,***********,충청남도 예산군 예산읍 예산리,461000003720180005,37.5242841,127.0447752
603,603,운송,댕댕카(전주점),***********,전라북도 전주시 덕진구 반월동,464000003720210010,,
604,604,운송,한국동물복지협동조합,***********,전라북도 전주시 덕진구 우아동2가,464000003720200024,35.7903909,127.137136
605,605,전시 위탁관리 미용 운송,오픈더독,***********,전라북도 전주시 덕진구 덕진동2가,464000003720200016,,
606,606,위탁관리 미용 운송,전주에코펫,***********,전라북도 전주시 덕진구 송천동2가,464000003720200009,35.869485,127.121937
607,607,판매 위탁관리 미용 운송,DOG 똑똑,***********,전라북도 전주시 완산구 중화산동2가,464000003720200006,,
608,608,운송,펫택시 최서현,***********,전라북도 전주시 완산구 중화산동2가,464000003720200004,35.2024056,126.8702482
609,609,운송,타개,***********,전라북도 전주시 덕진구 인후동1가,464000003720190027,33.1883333,-6.0741667
610,610,운송,간식을 부탁해 신시가지점,***********,전라북도 전주시 완산구 효자동2가,464000003720180065,35.8155483,127.1039907
611,611,위탁관리 미용 운송,야옹아 멍멍해봐,***********,전라북도 전주시 덕진구 우아동3가,464000003720180061,36.6341572,127.4456282
612,612,미용 운송,헬로펫 효자점,0632237044,전라북도 전주시 완산구 효자동1가,464000003720180039,35.8080152,127.1163008
613,613,위탁관리 미용 운송,더펫,***********,전라북도 전주시 완산구 효자동2가,464000003720180038,37.5519484,126.916256
614,614,위탁관리 미용 운송,PET365,0632366355,전라북도 전주시 완산구 효자동3가,464000003720180031,,
615,615,위탁관리 미용 운송,개스트하우스,***********,전라북도 전주시 완산구 삼천동3가,464000003720180018,34.1971265,-84.78829619999999
616,616,운송,코봉이 팻기사,***********,전라북도 전주시 완산구 효자동3가,464000003720180005,,
617,617,위탁관리 미용 운송,멍멍스쿨,***********,전라북도 군산시 나운동,467000003720210009,35.2294709,128.8728231
618,618,전시 위탁관리 미용 운송,반달,0634681333,전라북도 군산시 수송동,467000003720210008,39.3108745,-91.48848869999999
619,619,운송,개모임,063-466-0229,전라북도 군산시 나운동,467000003720210006,40.7812199,-73.9665138
620,620,전시 위탁관리 미용 운송,나와놀개,***********,전라북도 군산시 미룡동,467000003720200012,,
621,621,운송,세이프애니펫,***********,전라북도 군산시 나운동,467000003720180027,,
622,622,운송,군산펫택시뚱이네콜,***********,전라북도 군산시 산북동,467000003720180001,35.9439713,126.6930885
623,623,위탁관리 미용 운송,BG독케어센터,***********,전라북도 익산시 신동,468000003720210002,,
624,624,위탁관리 미용 운송,애견보육센터 하늘개린이집,***********,전라북도 익산시 함열읍 남당리,468000003720180001,36.0767478,126.9679318
625,625,판매 위탁관리 미용 운송,귀엽개,063-832-2345,전라북도 익산시 영등동,468000003720190003,35.5901814,129.3672638
626,626,위탁관리 미용 운송,파트라슈,063-857-1356,전라북도 익산시 동산동,468000003720180026,35.329766,129.243442
627,627,위탁관리 미용 운송,애견코리아,***********,전라북도 익산시 창인동1가,468000003720180024,34.0614325,-118.2989286
628,628,운송,페르시안캣,***********,전라북도 익산시 남중동,468000003720180020,35.9510915,126.9592099
629,629,위탁관리 미용 운송,도그프렌즈,063-835-5566,전라북도 익산시 어양동,468000003720180012,37.246736,127.0308751
630,630,판매 위탁관리 미용 운송,야옹아멍멍해봐(전북 익산점),063-835-9080,전라북도 익산시 갈산동,468000003720180011,35.9389291,126.9534681
631,631,운송,펫기사,***********,전라북도 익산시 어양동,468000003720180005,37.6015488,127.0285959
632,632,미용 운송,DaDogDaDog 애견카페,063-539-3339,전라북도 정읍시 수성동,469000003720190002,35.5669937,126.8554932
633,633,판매 미용 운송,강아지나라,-,전라북도 김제시 요촌동,471000003720180006,34.0528676,-118.2981448
634,634,판매 미용 운송,골드스타 애견백화점,0635420262,전라북도 김제시 요촌동,471000003720180005,35.8001126,126.888908
635,635,미용 운송,강아지는내친구,063-547-3999,전라북도 김제시 요촌동,471000003720140001,35.8036999,126.8893172
636,636,운송,해피펫(81도4900),-,전라북도 완주군 이서면 은교리,472000003720200004,,
637,637,미용 운송,애견백화점,***********,전라북도 부안군 부안읍 서외리,479000003720180005,37.2858475,127.015196
638,638,미용 운송,똥꼬발랄,***********,전라남도 목포시 용해동,480000003720210001,34.7995694,126.4085617
639,639,운송,개의꿈,061-281-5140,전라남도 목포시 석현동,480000003720200013,34.8222958,126.4199184
640,640,운송,펫택시탈개,***********,전라남도 목포시 산정동,480000003720200007,34.8018562,126.400179
641,641,운송,펫 어디가시개,***********,전라남도 목포시 산정동,480000003720200005,35.2024056,126.8702482
642,642,운송,펫 어디가,0612824982,전라남도 목포시 용해동,480000003720180015,35.2024056,126.8702482
643,643,운송,펫 어디가,***********,전라남도 목포시 옥암동,480000003720180016,35.2024056,126.8702482
644,644,운송,개뭉치 반려견 센터 (동물운송업),***********,전라남도 여수시 충무동,481000003720210005,37.4990946,126.9971831
645,645,위탁관리 미용 운송,땡큐멍냥,***********,전라남도 여수시 소호동,481000003720210004,,
646,646,운송,여수애견하우스,***********,전라남도 여수시 둔덕동,481000003720190001,34.7676878,127.6908581
647,647,운송,둘리애견 동물운송업,***********,전라남도 여수시 화장동,481000003720180041,34.9616965,127.4848499
648,648,미용 운송,(주)댕댕컴퍼니,***********,전라남도 순천시 금곡동,482000003720190005,34.9408723,127.487315
649,649,판매 전시 위탁관리 미용 운송,주식회사 개밥컴퍼니,***********,전라남도 순천시 가곡동,482000003720180015,34.9408723,127.487315
650,650,전시 위탁관리 미용 운송,독앤트리,726-0451,전라남도 순천시 신대리,482000003720180013,34.0955472,-116.164816
651,651,위탁관리 운송,도그비앤비,***********,전라남도 나주시 빛가람동,483000003720210004,46.0572554,-116.3445642
652,652,전시 위탁관리 운송,러브인도그,***********,전라남도 나주시 남평읍 동사리,483000003720210001,,
653,653,위탁관리 운송,휴식(HUSIK) 댕댕이 유치원,***********,전라남도 담양군 가사문학면 연천리,485000003720210001,35.9688125,126.7048179
654,654,운송,딩가댕댕,***********,전라남도 담양군 월산면 중월리,485000003720200002,35.1877644,126.9255955
655,655,전시 위탁관리 미용 운송,스퀘어독스 롯데남악점,***********,전라남도 무안군 삼향읍 남악리,495000003720200002,34.8024715,126.4646111
656,656,운송,드림펫택시,***********,전라남도 장성군 장성읍 영천리,498000003720210001,,
657,657,운송,붕가붕가 펫택시,***********,전라남도 장성군 장성읍 영천리,498000003720190001,,
658,658,운송,보배섬 진도개 영농조합법인,***********,전라남도 진도군 진도읍 쌍정리,500000003720190001,34.4782692,126.2653857
659,659,판매 운송,도꾸애견,054-293-3239,경상북도 포항시 남구 오천읍 세계리,502000003720210017,37.5023042,127.1076081
660,660,운송,마마독스 애견호텔,***********,경상북도 포항시 남구 해도동,502000003720210007,36.0287375,129.3710038
661,661,운송,어디가개,***********,경상북도 경주시 도지동,505000003720200005,36.117171,-95.922062
662,662,전시 위탁관리 미용 운송,네모강아지,***********,경상북도 경주시 강동면 단구리,505000003720190004,36.0568045,129.2441686
663,663,운송,달려라 붕붕펫,***********,경상북도 김천시 어모면 구례리,506000003720210006,,
664,664,전시 위탁관리 미용 운송,놀다가시개,054-434-2389,경상북도 김천시 신음동,506000003720210001,36.129927,128.1176799
665,665,위탁관리 미용 운송,동양크린(노리카페),054-854-1421,경상북도 안동시 풍산읍 노리,507000003720200001,35.3877833,128.6217086
666,666,운송,뚱택시,***********,경상북도 안동시 용상동,507000003720190006,37.6553136,126.8365168
667,667,위탁관리 미용 운송,주주애견,054-858-9080,경상북도 안동시 평화동,507000003720180008,37.4467679,126.6727165
668,668,운송,펫타런,***********,경상북도 구미시 산동읍 신당리,508000003720210018,,
669,669,운송,OuiOui(위위),***********,경상북도 구미시 선기동,508000003720210009,37.8749942,127.7430057
670,670,운송,펫가마,***********,경상북도 구미시 원평동,508000003720210007,35.1815246,128.0895704
671,671,위탁관리 미용 운송,다녀오개,***********,경상북도 구미시 봉곡동,508000003720200036,,
672,672,운송,금돌이네펫(펫택시),***********,경상북도 구미시 신평동,508000003720200035,37.6636836,126.7645491
673,673,전시 위탁관리 운송,개놀자까페,***********,경상북도 구미시 구평동,508000003720200032,36.0890788,128.4426036
674,674,운송,뽀도독 애견 카페,054-441-5577,경상북도 구미시 고아읍 문성리,508000003720200020,37.8897377,127.09413
675,675,운송,최주옥 펫택시,***********,경상북도 구미시 도개면 궁기리,508000003720190024,38.8985658,-77.04428419999999
676,676,수입 판매 위탁관리 미용 운송,오도꾸 애견샵,054-608-8500,경상북도 구미시 원평동,508000003720190008,40.8935156,-73.9729407
677,677,운송,멍마르뜨,***********,경상북도 구미시 선산읍 교리,508000003720190006,36.2614686,128.3141538
678,678,운송,비바도기,***********,경상북도 구미시 산동읍 신당리,508000003720180050,36.1558385,128.4286694
679,679,운송,주식회사 도그휴,***********,경상북도 영천시 괴연동,510000003720190008,37.6516129,127.0818233
680,680,위탁관리 미용 운송,문경새재반려동물힐링센터(젠틀펫파라다이스),***********,경상북도 문경시 문경읍 진안리,512000003720200009,36.7590374,128.0729759
681,681,운송,펫뛰뛰,***********,경상북도 경산시 임당동,513000003720200011,,
682,682,운송,펫브릿지,0537165279,경상북도 경산시 중산동,513000003720190021,35.8350947,128.7247982
683,683,운송,강아지와고양이,0538181088,경상북도 경산시 압량읍 부적리,513000003720190015,37.4990601,127.0678941
684,684,운송,펫시,***********,경상북도 경산시 사동,513000003720180051,37.4451722,-122.1632667
685,685,운송,포카,***********,경상북도 경산시 사동,513000003720180028,37.5011609,-89.6389863
686,686,운송,펫드라이버,***********,경상북도 경산시 정평동,513000003720180012,35.8356045,128.72844
687,687,운송,펫바퀴,-,경상북도 경산시 자인면 북사리,513000003720180007,37.3129461,126.8275331
688,688,운송,왕짱 애견 유치원,***********,경상북도 칠곡군 석적읍 중리,522000003720200007,35.146157,129.1133864
689,689,운송,모모랜드,0549745545,경상북도 칠곡군 북삼읍 인평리,522000003720190006,37.4879711,126.9826306
690,690,운송,베스트독스,***********,경상북도 칠곡군 북삼읍 보손리,522000003720180037,36.0547279,128.3116214
691,691,운송,MS. & DOG,0546541233,경상북도 예천군 호명면 산합리,523000003720180002,34.2358489,-89.04410790000001
692,692,운송,똑독독 펫택시,***********,경상북도 봉화군 소천면 현동리,524000003720200002,37.557943,126.9204927
693,693,운송,진주 펫 택시,***********,경상남도 진주시 상평동,531000003720210006,35.170288,128.113954
694,694,위탁관리 운송,개와고양이,***********,경상남도 진주시 강남동,531000003720200007,37.3284697,127.9430951
695,695,위탁관리 미용 운송,반려동물과함께하는#설렘,***********,경상남도 진주시 상대동,531000003720180008,35.1861884,128.11912
696,696,미용 운송,통영반려견 셀프목욕탕,***********,경상남도 통영시 광도면 죽림리,533000003720210003,34.8783578,128.4149271
697,697,운송,도그앤펫택시,***********,경상남도 통영시 광도면 죽림리,533000003720200005,,
698,698,위탁관리 미용 운송,별에서 온 뿌꾸,055-649-3111,경상남도 통영시 봉평동,533000003720190009,34.8306483,128.4194743
699,699,위탁관리 미용 운송,댕쿤,***********,경상남도 통영시 북신동,533000003720190008,34.8577174,128.4253215
700,700,위탁관리 미용 운송,개스트하우스,055-646-9595,경상남도 통영시 북신동,533000003720190001,34.1971265,-84.78829619999999
701,701,운송,러블리 펫택시,***********,경상남도 사천시 향촌동,534000003720210003,37.0589501,127.0589893
702,702,운송,삼천포 반려동물 펫택시,***********,경상남도 사천시 벌리동,534000003720210002,36.2853718,127.4647376
703,703,운송,용광,***********,부산광역시 해운대구 중동,534000003720200007,37.6248571,126.6043124
704,704,생산 판매 운송,블루랙돌,***********,경상남도 사천시 사천읍 두량리,534000003720180001,35.2821329,128.9798133
705,705,운송,댕포유,-,경상남도 김해시 내동,535000003720210020,,
706,706,운송,땡큐멍멍,***********,경상남도 김해시 관동동,535000003720210011,,
707,707,운송,ZZOROMI(쪼로미),***********,경상남도 김해시 어방동,535000003720200053,,
708,708,운송,마이리틀메이트,***********,경상남도 김해시 관동동,535000003720200049,35.1771186,128.8133713
709,709,운송,486펫콜 경남 김해점,055-322-5180,경상남도 김해시 삼계동,535000003720200045,35.16376899999999,129.0687609
710,710,운송,펫드라이버,***********,경상남도 김해시 부곡동,535000003720180113,35.8356045,128.72844
711,711,운송,어여쁘개,***********,경상남도 김해시 어방동,535000003720180011,37.3304542,127.1220268
712,712,운송,멍이요,***********,경상남도 밀양시 내이동,536000003720200002,,
713,713,운송,멍택시(mung taxi),***********,경상남도 거제시 사등면 사등리,537000003720210014,,
714,714,운송,멍아일랜드,***********,경상남도 거제시 사등면 사등리,537000003720210001,,
715,715,운송,개편한세상,***********,경상남도 거제시 옥포동,537000003720200022,37.4628323,126.7089045
716,716,운송,퍼피랜드,***********,경상남도 거제시 거제면 옥산리,537000003720190028,37.8080363,-122.2592475
717,717,운송,위드미 다타 펫(WITH ME DATA PET),***********,경상남도 거제시 사등면 사곡리,537000003720190020,,
718,718,운송,햄찌놀찌,***********,경상남도 양산시 동면 금산리,538000003720210020,,
719,719,운송,픽펫(차량번호 36버 0843),***********,경상남도 양산시 남부동,538000003720210017,,
720,720,판매 운송,올리스,***********,경상남도 양산시 동면 금산리,538000003720210009,32.7335047,-96.53147709999999
721,721,운송,486펫콜,***********,경상남도 양산시 물금읍 범어리,538000003720200019,35.16376899999999,129.0687609
722,722,수입 판매 위탁관리 운송,원-헬스,***********,경상남도 의령군 가례면 가례리,539000003720190001,33.8499363,-117.9413302
723,723,운송,(주)아크오토모티브,031-354-9611,경기도 화성시 남양읍 활초리,553000003720210083,37.2165361,126.846517
724,724,운송,(주)아크오토모티브,031-354-9611,경기도 화성시 남양읍 활초리,553000003720210084,37.2165361,126.846517
725,725,운송,(주)아크오토모티브,031-354-9611,경기도 화성시 남양읍 활초리,553000003720210085,37.2165361,126.846517
726,726,운송,(주)아크오토모티브,031-354-9611,경기도 화성시 남양읍 활초리,553000003720210086,37.2165361,126.846517
727,727,운송,(주)아크오토모티브,031-5189-3229,경기도 화성시 남양읍 활초리,553000003720210087,37.2165361,126.846517
728,728,운송,이편한개세상,***********,경기도 화성시 장지동,553000003720210074,37.3511895,127.9271057
729,729,운송,위드랜드,031-8036-2277,경기도 화성시 오산동,553000003720210073,37.509977,127.0205348
730,730,운송,도그스마일,031-377-5937,경기도 화성시 영천동,553000003720210065,36.9805669,127.9457903
731,731,운송,덕스궁,***********,경기도 화성시 송산면 삼존리,553000003720210040,37.5658049,126.9751461
732,732,운송,블루플래닛,070-7207-6344,경기도 화성시 향남읍 길성리,553000003720210024,37.18304,126.793631
733,733,운송,플레이어,070-8258-1531,경기도 화성시 봉담읍 왕림리,553000003720210019,40.7511298,-73.9835998
734,734,운송,아리댕댕 애견카페,***********,경기도 화성시 향남읍 발안리,553000003720210007,37.1314347,126.9028044
735,735,운송,담임,***********,경기도 화성시 비봉면 유포리,553000003720210003,38.8150037,-77.2730584
736,736,운송,슈룹독,***********,경기도 화성시 향남읍 상신리,553000003720200029,37.099225,126.9118335
737,737,운송,반려동물 이동서비스,***********,경기도 화성시 장지동,553000003720200026,37.495505,127.0375434
738,738,운송,Home 119,***********,경기도 화성시 안녕동,553000003720200018,32.6873672,-84.74038680000001
739,739,운송,고양이호텔코자냥,***********,경기도 화성시 오산동,553000003720200006,37.1726046,127.1036319
740,740,운송,애견카페 예뜰,***********,경기도 화성시 팔탄면 덕천리,553000003720190085,37.1450148,126.8717638
741,741,운송,펫 드라이브,***********,경기도 화성시 봉담읍 분천리,553000003720190054,37.51454400000001,127.106597
742,742,운송,펫 드라이브 2,***********,경기도 화성시 병점동,553000003720190055,,
743,743,운송,하이펫,***********,경기도 화성시 봉담읍 왕림리,553000003720190029,37.6076461,126.7476369
744,744,운송,동탄펫택시,***********,경기도 화성시 송동,553000003720190023,37.2094912,127.0595912
745,745,운송,썸바디독스 경기광주점,***********,경기도 광주시 오포읍 추자리,554000003720210025,37.7232646,126.7736091
746,746,운송,내가 더,***********,경기도 광주시 목현동,554000003720210020,37.4333685,127.211772
747,747,운송,한기정,***********,경기도 광주시 목현동,554000003720200023,37.13599870000001,128.2098347
748,748,운송,강진규펫택시,***********,경기도 광주시 회덕동,554000003720200010,,
749,749,운송,정기우펫택시,***********,경기도 광주시 목현동,554000003720190046,,
750,750,운송,장미원펫택시,***********,경기도 광주시 오포읍 신현리,554000003720190032,,
751,751,운송,펫위드미 경기광주지사,***********,경기도 광주시 회덕동,554000003720180039,37.4171413,127.2561413
752,752,운송,펫위드미(pet with me),***********,경기도 광주시 오포읍 신현리,554000003720180009,37.4229396,-122.0960711
753,753,운송,김도은 펫택시,***********,경기도 양주시 장흥면 일영리,559000003720200028,43.8067196,-79.4212922
754,754,운송,개 친절 펫택시,***********,경기도 양주시 덕계동,559000003720200006,36.3234946,127.3808831
755,755,운송,쿠망이네,***********,경기도 양주시 회정동,559000003720190001,37.8283347,127.0551638
756,756,운송,굿초이스애견운동장,031-8290301,경기도 양주시 백석읍 기산리,559000003720180034,37.7769558,126.9442551
757,757,운송,배준호 애견아카데미,***********,경기도 포천시 군내면 직두리,560000003720180033,37.2006307,126.9583884
758,758,운송,하이펫스(hipets),***********,경상남도 창원시 마산회원구 구암동,567000003720210012,48.6966411,-113.71817
759,759,운송,모시개냥,-,경상남도 창원시 성산구 대방동,567000003720200055,,
760,760,운송,별이네 펫택시,***********,경상남도 창원시 마산합포구 현동,567000003720200035,,
761,761,운송,무빙펫,***********,경상남도 창원시 진해구 용원동,567000003720200006,40.7620348,-73.9710118
762,762,운송,알로하 플레이 그라운드,-,경상남도 창원시 의창구 도계동,567000003720190036,39.8994522,-75.01743309999999
763,763,운송,개만세,***********,경상남도 창원시 마산합포구 월영동,567000003720190034,35.1490745,128.5561886
764,764,운송,486펫콜,***********,경상남도 창원시 진해구 용원동,567000003720180109,35.16376899999999,129.0687609
765,765,운송,"창원애독(02너0334,26무1470)",***********,경상남도 창원시 의창구 동읍 금산리,567000003720180029,,
766,766,전시 위탁관리 미용 운송,댕댕이 애견카페,***********,경상남도 창원시 의창구 북면 화천리,567000003720180017,35.3000022,128.605864
767,767,운송,펫브라더스,***********,경상남도 창원시 진해구 자은동,567000003720180012,37.6636836,126.7645491
768,768,운송,마창 펫택시,***********,경상남도 창원시 마산합포구 남성동,567000003720180006,35.1154119,128.4572844
769,769,판매 전시 위탁관리 운송,레인보우 불스,***********,경상남도 창원시 의창구 서상동,567000003720170016,,
770,770,운송,펫씨씨(펫택시),***********,충청남도 당진시 송산면 금암리,568000003720200011,37.6636836,126.7645491
771,771,위탁관리 미용 운송,도그샵,***********,충청남도 당진시 수청동,568000003720180021,34.0654181,-118.3093365
772,772,운송,멍이요(세종),***********,세종특별자치시 도담동,569000003720210009,,
773,773,운송,카택시,***********,세종특별자치시 보람동,569000003720210007,40.4397565,-74.4809797
774,774,운송,캉캉스 랜드,0448673939,세종특별자치시 장군면 봉안리,569000003720200028,37.5121064,127.0492541
775,775,운송,엠브릿지 세종지점(카페미밍코),***********,세종특별자치시 어진동,569000003720200021,,
776,776,위탁관리 미용 운송,핫 독(HOT DOG),043-291-6565,충청북도 청주시 서원구 수곡동,571000003720210012,33.5176787,-84.19199139999999
777,777,전시 위탁관리 미용 운송,멍냥이 스토리,***********,충청북도 청주시 흥덕구 봉명동,571000003720210008,37.2568372,127.1679406
778,778,미용 운송,행복한 강아지,043-283-6511,충청북도 청주시 상당구 용암동,571000003720210002,37.6559409,127.0309567
779,779,운송,댕댕이연구소,043-212-8264,충청북도 청주시 청원구 율량동,571000003720200070,36.6652676,127.4929611
780,780,운송,주식회사 멍이마켓,043-267-0847,충청북도 청주시 흥덕구 송정동,571000003720200066,,
781,781,운송,펫케어존(8064),043-267-0847,충청북도 청주시 흥덕구 송정동,571000003720200032,,
782,782,운송,(주)애니멀공화국,070-4325-2552,충청북도 청주시 청원구 내덕동,571000003720200028,36.6449673,127.4765538
783,783,전시 위탁관리 미용 운송,어테일,***********,충청북도 청주시 흥덕구 강서동,571000003720200017,34.7794654,-112.7379564
784,784,전시 위탁관리 미용 운송,호텔멍,***********,충청북도 청주시 흥덕구 가경동,571000003720200014,40.691674,-73.98448499999999
785,785,전시 위탁관리 미용 운송,헤이독청주,043-221-7380,충청북도 청주시 상당구 남문로2가,571000003720200009,36.6324449,127.4889663
786,786,위탁관리 미용 운송,블링블링펫미용,043-211-6881,충청북도 청주시 청원구 율량동,571000003720200001,36.668656,127.488944
787,787,위탁관리 미용 운송,오마이멍멍,***********,충청북도 청주시 흥덕구 강서동,571000003720190061,36.6249344,127.4287509
788,788,위탁관리 미용 운송,야옹아 멍멍해봐,***********,충청북도 청주시 흥덕구 비하동,571000003720190052,36.6341572,127.4456282
789,789,판매 전시 위탁관리 운송,돌봄,043-212-7516,충청북도 청주시 청원구 율량동,571000003720190034,34.0977664,-118.1117992
790,790,운송,펫맘,043-297-3004,충청북도 청주시 흥덕구 복대동,571000003720180065,37.4820569,126.895277
791,791,전시 위탁관리 운송,돌봄,***********,충청북도 청주시 청원구 오창읍 양청리,571000003720180050,34.0977664,-118.1117992
792,792,운송,팻가마,***********,충청북도 청주시 서원구 분평동,571000003720180056,,
793,793,전시 위탁관리 미용 운송,청주유기동물입양지원센터 개가 꿈꾸는 세상,043-288-7515,충청북도 청주시 서원구 산남동,571000003720180042,36.6108651,127.4664676
794,794,운송,케이엠 상사,***********,충청북도 청주시 청원구 오창읍 복현리,571000003720180036,37.788267,127.1354214
795,795,판매 전시 위탁관리 미용 운송,그루밍,043-295-3377,충청북도 청주시 상당구 용정동,571000003720180025,39.1798266,-94.5012256
796,796,운송,뽀시래기,***********,제주특별자치도 제주시 오라삼동,651000003720210037,34.91017650000001,128.6989945
797,797,운송,코기절미,***********,제주특별자치도 제주시 노형동,651000003720210023,33.4728742,126.4857617
798,798,운송,멍더랜드,***********,제주특별자치도 제주시 노형동,651000003720210016,33.5071848,126.536065
799,799,운송,이태리너랑같이제주,064-724-7335,제주특별자치도 제주시 삼도일동,651000003720200021,33.4992495,126.5227235
800,800,운송,곱닥한개,***********,제주특별자치도 제주시 삼양이동,651000003720200019,33.523848,126.582799
801,801,운송,영쓰독,064-711-6451,제주특별자치도 제주시 도두일동,651000003720200009,,
802,802,운송,디어마이퍼피,064-900-3073,제주특별자치도 제주시 노형동,651000003720200003,43.6525069,-79.38980169999999
803,803,운송,달중이네 펫호텔,***********,제주특별자치도 제주시 노형동,651000003720190054,35.1733469,129.1727316
804,804,운송,도그파파,***********,제주특별자치도 제주시 노형동,651000003720180039,33.485967,126.4748942
805,805,운송,오구오구,***********,제주특별자치도 제주시 화북이동,651000003720180023,36.0932967,128.432574
806,806,운송,제주펫스쿨,-,제주특별자치도 서귀포시 대정읍 신도리,652000003720210005,33.4846753,126.8178628
807,807,위탁관리 미용 운송,주식회사애니멀고,***********,제주특별자치도 서귀포시 안덕면 서광리,652000003720210003,33.8120918,-117.9189742
808,808,위탁관리 운송,펫소풍,064-792-4877,제주특별자치도 서귀포시 안덕면 서광리,652000003720200009,33.2828193,126.3047879
809,809,운송,제주애견카페왈 사계점,***********,제주특별자치도 서귀포시 안덕면 사계리,652000003720200006,33.2310969,126.2975318
810,810,위탁관리 미용 운송,제주애견카페왈,***********,제주특별자치도 서귀포시 남원읍 태흥리,652000003720180011,33.4701824,126.380856
