,개방자치단체코드,관리번호,인허가일자,인허가취소일자,영업상태코드,영업상태명,상세영업상태코드,상세영업상태명,폐업일자,휴업시작일자,휴업종료일자,재개업일자,전화번호,소재지면적,소재지우편번호,지번주소,도로명주소,도로명우편번호,사업장명,최종수정일자,데이터갱신구분,데이터갱신일자,업태구분명,좌표정보(X),좌표정보(Y),축산업무구분명,축산물가공업구분명,축산일련번호,권리주체일련번호,총인원,주소,위도,경도
0,3130000,313000001320210002,20210120,,1,영업/정상,0,정상,,,,,,,,서울특별시 마포구 망원동 394-118,서울특별시 마포구 희우정로10길 28 (망원동),4017.0,네오스마트바이,20210120095625,I,2020-11-30 22:02:00.0,,191578.189539451,450099.587238227,,,,,,서울특별시 마포구 망원동 394-118,37.5530941,126.9054686
1,3200000,320000001320210002,20210120,,1,영업/정상,0,정상,,,,,,,,서울특별시 관악구 신림동 1730 신림푸르지오아파트 상가동,서울특별시 관악구 남부순환로 1430 상가동 지층 비101-4호 (신림동 신림푸르지오아파트),8770.0,나스티스,20210120093431,I,2020-11-30 22:02:00.0,,192012.500669524,441885.529640794,,,,,,서울특별시 관악구 신림동 1730 신림푸르지오아파트 상가동,37.4792665,126.9103675
2,3210000,321000001320130001,20130409,,1,영업/정상,0,정상,,,,,,,,서울특별시 서초구 잠원동 46-9번지 303호,서울특별시 서초구 신반포로43길 11-11 303호 (잠원동),6532.0,(주)유유엠,20130409175349,I,2018-08-31 23:59:59.0,,201458.787242306,445354.452726228,동물용의료용구판매업,,,L00,,서울특별시 서초구 잠원동 46-9번지 303호,37.5103689,127.0172721
3,3210000,321000001320140002,20140729,,1,영업/정상,0,정상,,,,,,,,서울특별시 서초구 서초동 1556-2번지 ,서울특별시 서초구 반포대로28길 43 (서초동),6646.0,(주)아이센스,20140729104716,I,2018-08-31 23:59:59.0,,200870.864125104,443255.166862297,동물용의료용구판매업,,,L00,,서울특별시 서초구 서초동 1556-2번지 ,37.4913243,127.0106859
4,3210000,321000001320020002,20021204,,1,영업/정상,0,정상,,,,,595-6030,76.0,,서울특별시 서초구 양재동 275-2   번지 윈드스톤호피스텔 702호,,,(주)렉스팩인터내셔널,20030226164442,I,2018-08-31 23:59:59.0,,,,동물용의료용구판매업,,,L00,,서울특별시 서초구 양재동 275-2   번지 윈드스톤호피스텔 702호,37.4768789,127.0447741
5,3210000,321000001320090001,20090226,,1,영업/정상,0,정상,,,,,525-1981,56.0,,서울특별시 서초구 서초동 1588-3번지 로젠빌딩 1203호 ,서울특별시 서초구 효령로55길 27 (서초동로젠빌딩 1203호),,(주)씨엘에이인터내셔날,20100716170232,I,2018-08-31 23:59:59.0,,201181.222272927,442647.574925514,동물용의료용구판매업,,,L00,,서울특별시 서초구 서초동 1588-3번지 로젠빌딩 1203호 ,37.4856842,127.0141905
6,3210000,321000001320100001,20100312,,1,영업/정상,0,정상,,,,,,0.0,,서울특별시 서초구 방배동 752-36 B108호호,,,데니스테크,20100312144759,I,2018-08-31 23:59:59.0,,,,동물용의료용구판매업,,,000,,서울특별시 서초구 방배동 752-36 B108호호,37.49779850000001,126.9844786
7,3210000,321000001320110001,20111103,,1,영업/정상,0,정상,,,,,572-7896,,,서울특별시 서초구 서초동 1445-13번지 쌍용프래티넘 417호 ,서울특별시 서초구 서초중앙로 18 (서초동),6720.0,(주)둘리정보통신,20111103142556,I,2018-08-31 23:59:59.0,,201463.690299789,442429.147525901,동물용의료용구판매업,,,000,,서울특별시 서초구 서초동 1445-13번지 쌍용프래티넘 417호 ,37.4840138,127.0173415
8,3210000,321000001319880001,19881105,,1,영업/정상,0,정상,,,,,588-9371,0.0,,서울특별시 서초구 서초동 1516-4번지 3층 ,서울특별시 서초구 명달로 90 3층 (서초동),6668.0,세중무역상사,20111030145814,I,2018-08-31 23:59:59.0,,200300.406596622,442570.120309754,동물용의료용구판매업,,,000,,서울특별시 서초구 서초동 1516-4번지 3층 ,37.4852841,127.0041972
9,3210000,321000001319980001,19980612,,1,영업/정상,0,정상,,,,,547-0672,0.0,,서울특별시 서초구 잠원동 26-4   번지 5층 ,,,한국 IMV,20021217105628,I,2018-08-31 23:59:59.0,,,,동물용의료용구판매업,,,000,,서울특별시 서초구 잠원동 26-4   번지 5층 ,37.5143705,127.0182626
10,3040000,304000001320210003,20210906,,1,영업/정상,0,정상,,,,,02-469-7300,,,서울특별시 광진구 화양동 **-* 동신빌딩,서울특별시 광진구 아차산로 *** 동신빌딩 지하 *층 (화양동),5020.0,태산약품,20210906095742,I,2020-12-09 00:08:00.0,,205687.675941036,448867.440516076,,,,,,서울특별시 광진구 화양동 **-* 동신빌딩,37.5420116,127.0650728
11,3210000,321000001320160001,20160531,,1,영업/정상,0,정상,,,,,02-573-9669,,,서울특별시 서초구 양재동 358-6번지 광산빌딩 ,서울특별시 서초구 강남대로6길 66-18 (양재동 광산빌딩),6789.0,베트컴코리아(주),20160531143021,I,2018-08-31 23:59:59.0,,203899.648568982,440629.337291334,동물용의료용구판매업,,,L00,,서울특별시 서초구 양재동 358-6번지 광산빌딩 ,37.467779,127.0448605
12,3210000,321000001320160002,20160531,,1,영업/정상,0,정상,,,,,02-573-9669,,,서울특별시 서초구 양재동 358-6번지 광산빌딩 ,서울특별시 서초구 강남대로6길 66-18 (양재동 광산빌딩),6789.0,베트컴코리아(주),20160531152442,I,2018-08-31 23:59:59.0,,203899.648568982,440629.337291334,동물용의료용구판매업,,,L00,,서울특별시 서초구 양재동 358-6번지 광산빌딩 ,37.467779,127.0448605
13,3210000,321000001320200002,20200511,,1,영업/정상,0,정상,,,,,02-6949-3038,,,서울특별시 서초구 반포동 739-32번지 제이디 빌딩 ,서울특별시 서초구 강남대로79길 32 제이디 빌딩 1층 (반포동),6542.0,브이케어동물병원,20200511165516,I,2020-05-13 00:23:20.0,,201907.192235434,444731.440860365,동물용의료용구판매업,,,000,,서울특별시 서초구 반포동 739-32번지 제이디 빌딩 ,37.5047478,127.0223359
14,3210000,321000001319950001,19951027,,1,영업/정상,0,정상,,,,,587-1388,0.0,,서울특별시 서초구 원지동 312-3 솔향빌딩 2층 1호,,,(주)중앙진테크,20210623130402,U,2020-12-05 22:05:00.0,,,,,,,,,서울특별시 서초구 원지동 312-3 솔향빌딩 2층 1호,37.44886520000001,127.0498116
15,3160000,316000001320210003,20210120,,1,영업/정상,0,정상,,,,,,0.0,,서울특별시 구로구 구로동 222-7 코오롱디지털타워빌란트 607호,서울특별시 구로구 디지털로32길 30 코오롱디지털타워빌란트 607호 (구로동),8390.0,더가가,20210120165240,I,2020-11-30 22:02:00.0,,190776.468544178,442370.143700207,,,,,,서울특별시 구로구 구로동 222-7 코오롱디지털타워빌란트 607호,37.4833536,126.8965156
16,3230000,323000001320210005,20210120,,1,영업/정상,0,정상,,,,,,,,서울특별시 송파구 문정동 642 송파 테라타워2,서울특별시 송파구 송파대로 201 송파 테라타워2 B동 1515-2호 (문정동),5854.0,굿파인더,20210120141602,I,2020-11-30 22:02:00.0,,210627.0,442875.0,,,,,,서울특별시 송파구 문정동 642 송파 테라타워2,37.4875939,127.1191731
17,3220000,322000001320190008,20191128,,1,영업/정상,0,정상,,,,,02-3484-9723,,,서울특별시 강남구 삼성동 159번지 코엑스인터콘티넨탈서울 ,서울특별시 강남구 봉은사로 524 코엑스인터콘티넨탈서울 지하2층 (삼성동),6164.0,(주)호텔롯데 롯데면세점 코엑스점,20191128100253,I,2019-11-30 00:23:27.0,,205130.591678902,445590.096837802,동물용의료용구판매업,,,L00,,서울특별시 강남구 삼성동 159번지 코엑스인터콘티넨탈서울 ,37.5126188,127.0574169
18,3220000,322000001320200001,20200107,,1,영업/정상,0,정상,,,,,070-4239-3077,,,서울특별시 강남구 도곡동 909-3번지 한독빌딩 4001호,서울특별시 강남구 남부순환로 2645 한독빌딩 4층 4001호 (도곡동),6271.0,비욘드월드 주식회사,20200107131938,I,2020-01-09 00:23:25.0,,203390.902472016,442601.789760193,동물용의료용구판매업,,,L00,,서울특별시 강남구 도곡동 909-3번지 한독빌딩 4001호,37.4855458,127.0391047
19,3220000,322000001320190009,20191216,,1,영업/정상,0,정상,,,,,,,,서울특별시 강남구 역삼동 809번지 비제바노 ,서울특별시 강남구 강남대로 464 비제바노 525호 (역삼동),6123.0,HnCmedical,20191216154546,I,2019-12-18 00:23:26.0,,202161.020617773,444633.499865115,동물용의료용구판매업,,,000,,서울특별시 강남구 역삼동 809번지 비제바노 ,37.5036695,127.0253109
20,3220000,322000001320190007,20190723,,1,영업/정상,0,정상,,,,,02-557-2535,,,서울특별시 강남구 삼성동 143-28번지 동원빌딩 ,서울특별시 강남구 테헤란로77길 7 동원빌딩 1층 (삼성동),6159.0,GS25 강남동원점,20190723094345,I,2019-07-25 02:21:44.0,,204746.52560931,444968.02756788,동물용의료용구판매업,,,L00,,서울특별시 강남구 삼성동 143-28번지 동원빌딩 ,37.50796,127.0568524
21,3220000,322000001320190006,20190719,,1,영업/정상,0,정상,,,,,070-4870-4477,,,서울특별시 강남구 논현동 16-3번지 ,서울특별시 강남구 도산대로4길 12 장원빌딩 203호 (논현동),6038.0,주식회사 봄프렌즈,20190719155656,I,2019-07-21 02:21:42.0,,201788.631995716,445940.200333341,동물용의료용구판매업,,,L00,,서울특별시 강남구 논현동 16-3번지 ,37.5156314,127.0210152
22,3230000,323000001320210002,20210120,,1,영업/정상,0,정상,,,,,070-4792-3150,,,서울특별시 송파구 방이동 110 송암빌딩,서울특별시 송파구 백제고분로 446 송암빌딩 342호 (방이동),5641.0,이현코리아,20210120100048,I,2020-11-30 22:02:00.0,,209896.270852095,445366.660997995,,,,,,서울특별시 송파구 방이동 110 송암빌딩,37.5104281,127.1127462
23,3220000,322000001320190005,20190718,,1,영업/정상,0,정상,,,,,02-557-2535,,,서울특별시 강남구 삼성동 143-28번지 동원빌딩 ,서울특별시 강남구 테헤란로77길 7 동원빌딩 (삼성동),6159.0,GS25강남동원점,20190718133200,I,2019-07-20 02:21:41.0,,204746.52560931,444968.02756788,동물용의료용구판매업,,,L00,,서울특별시 강남구 삼성동 143-28번지 동원빌딩 ,37.50796,127.0568524
24,3220000,322000001320190002,20190424,,1,영업/정상,0,정상,,,,,02-2052-9900,,,서울특별시 강남구 역삼동 822-7번지 목화밀라트 ,서울특별시 강남구 테헤란로 113 목화밀라트 2층 (역삼동),6134.0,(주)엘에스텍,20190424154919,I,2019-04-26 02:20:49.0,,202541.936344486,444085.407169519,동물용의료용구판매업,,,000,,서울특별시 강남구 역삼동 822-7번지 목화밀라트 ,37.4989329,127.029522
25,3220000,322000001320190003,20190501,,1,영업/정상,0,정상,,,,,02-6378-8777,,,서울특별시 강남구 세곡동 433-2번지 ,서울특별시 강남구 헌릉로569길 52-23 지하1층 (세곡동),6376.0,메디레이,20190501164620,I,2019-05-03 02:20:36.0,,208530.352121062,440701.115748256,동물용의료용구판매업,,,000,,서울특별시 강남구 세곡동 433-2번지 ,37.4684149,127.097215
26,3220000,322000001320190004,20190515,,1,영업/정상,0,정상,,,,,02-2088-4866,,,서울특별시 강남구 신사동 608-10번지 ,서울특별시 강남구 압구정로34길 26 4층 (신사동),6022.0,(주)펫슬랩(PETXLAB),20190515133831,I,2019-05-17 02:20:47.0,,202628.795701559,447126.299238418,동물용의료용구판매업,,,L00,,서울특별시 강남구 신사동 608-10번지 ,37.5263575,127.0305221
27,3220000,322000001320190001,20190114,,1,영업/정상,0,정상,,,,,02-558-0002,,,서울특별시 강남구 역삼동 605-12번지 대암빌딩 202호,서울특별시 강남구 봉은사로24길 9 대암빌딩 202호 (역삼동),6125.0,주식회사 마벨파트너스,20190114133935,I,2019-01-16 02:20:50.0,,202824.919218223,444890.826939181,동물용의료용구판매업,,,L00,,서울특별시 강남구 역삼동 605-12번지 대암빌딩 202호,37.5069875,127.0319104
28,3220000,322000001320010002,20010427,,1,영업/정상,0,정상,,,,,,0.0,,서울특별시 강남구 삼성동 142-6번지 ,,,(주)에이취브라더스,20100617115756,I,2018-08-31 23:59:59.0,,204411.774291613,444853.967272591,동물용의료용구판매업,,,L00,,서울특별시 강남구 삼성동 142-6번지 ,37.5058628,127.0506595
29,3220000,322000001320010003,20010514,,1,영업/정상,0,정상,,,,,3453-2600,0.0,,서울특별시 강남구 삼성동 166-4번지 준성빌딩 12 층 ,서울특별시 강남구 봉은사로108길 39 (삼성동),6172.0,히타치아로카메디칼한국 주식회사,20150422112120,I,2018-08-31 23:59:59.0,,205686.697494217,445592.032748014,동물용의료용구판매업,,,L00,,서울특별시 강남구 삼성동 166-4번지 준성빌딩 12 층 ,37.5124721,127.0651404
30,3220000,322000001320120001,20120625,,1,영업/정상,0,정상,,,,,317-2725,,,서울특별시 강남구 대치동 890번지 T412 ,서울특별시 강남구 테헤란로 412 T412 13층 (대치동),6193.0,한국조에티스 주식회사,20200327161040,U,2020-03-29 02:40:00.0,,202722.53183055,444055.07069569,동물용의료용구판매업,,,L00,,서울특별시 강남구 대치동 890번지 T412 ,37.5047927,127.0511267
31,3220000,322000001320130001,20130401,,1,영업/정상,0,정상,,,,,5424499,39.78,,,서울특별시 강남구 압구정로 461 지하1층 B111호 (청담동),6011.0,(주)디트리커뮤니케이션즈,20130401142458,I,2018-08-31 23:59:59.0,,204106.015311916,447005.981863766,동물용의료용구판매업,,,L00,,서울특별시 강남구 압구정로 461 지하1층 B111호 (청담동),37.5252175,127.0472183
32,3220000,322000001320140001,20140602,,1,영업/정상,0,정상,,,,,02-6201-3341,,,서울특별시 강남구 논현동 119번지 POBA강남타워 7층 8층 ,서울특별시 강남구 학동로 343 (논현동 POBA강남타워 7층 8층),6060.0,지이헬스케어코리아(주),20171123145413,I,2018-08-31 23:59:59.0,,203522.611749323,446136.224971923,동물용의료용구판매업,,,L00,,서울특별시 강남구 논현동 119번지 POBA강남타워 7층 8층 ,37.5316223,126.9706657
33,3220000,322000001320140002,20140611,,1,영업/정상,0,정상,,,,,6201-3341,,,경기도 성남시 중원구 상대원동 119번지 POBA 강남타워 7층 8층 ,서울특별시 강남구 학동로 343 (논현동 POBA 강남타워 7층 8층),6060.0,지이헬스케어코리아(주),20170808092610,I,2018-08-31 23:59:59.0,,215809.975356468,438371.11105825,동물용의료용구판매업,,,L00,,경기도 성남시 중원구 상대원동 119번지 POBA 강남타워 7층 8층 ,37.4473106,127.1794486
34,3220000,322000001320160001,20161109,,1,영업/정상,0,정상,,,,,,,,서울특별시 강남구 수서동 724번지 로즈데일오피스텔 1612호,서울특별시 강남구 광평로 280 1612호 (수서동 로즈데일오피스텔),6367.0,강화메디테크,20161108222923,I,2018-08-31 23:59:59.0,,209052.072465426,442797.138150563,동물용의료용구판매업,,,000,,서울특별시 강남구 수서동 724번지 로즈데일오피스텔 1612호,37.4873425,127.1030015
35,3220000,322000001320170001,20170817,,1,영업/정상,0,정상,,,,,02-527-5358,,,서울특별시 강남구 역삼동 735번지 15층 ,서울특별시 강남구 테헤란로 132 15층 (역삼동 한독약품빌딩),6235.0,(주)한독,20170817094903,I,2018-08-31 23:59:59.0,,202852.091533547,444118.060464957,동물용의료용구판매업,,,L00,,서울특별시 강남구 역삼동 735번지 15층 ,37.499285,127.0332008
36,3220000,322000001320180001,20180427,,1,영업/정상,0,정상,,,,,,146.88,,서울특별시 강남구 세곡동 433-2번지 ,서울특별시 강남구 헌릉로569길 52-23 (세곡동),6376.0,주식회사 레이투테크,20180427162156,I,2018-08-31 23:59:59.0,,208530.352121062,440701.115748256,동물용의료용구판매업,,,000,,서울특별시 강남구 세곡동 433-2번지 ,37.4684149,127.097215
37,3220000,322000001320180002,20180508,,1,영업/정상,0,정상,,,,,070-8871-8877,,,서울특별시 강남구 역삼동 824-29번지 225호,서울특별시 강남구 테헤란로8길 22 화인빌딩 225호 (역삼동),6233.0,클라이네독,20180508162649,I,2018-08-31 23:59:59.0,,202721.213833334,443912.486403479,동물용의료용구판매업,,,000,,서울특별시 강남구 역삼동 824-29번지 225호,37.4973823,127.0315957
38,3220000,322000001320180003,20180508,,1,영업/정상,0,정상,,,,,02-6339-1800,,,서울특별시 강남구 역삼동 683-34번지 새롬빌딩 2층 ,서울특별시 강남구 선릉로 551 새롬빌딩 2층 (역삼동),6145.0,주식회사 핏펫,20180508165119,I,2018-08-31 23:59:59.0,,203923.219525223,445068.877036978,동물용의료용구판매업,,,000,,서울특별시 강남구 역삼동 683-34번지 새롬빌딩 2층 ,37.5079381,127.0450967
39,3150000,315000001320200001,20200612,,1,영업/정상,0,정상,,,,,,,,서울특별시 강서구 화곡동 799-10번지 2-3호,서울특별시 강서구 곰달래로 245 (화곡동),7741.0,한스테크,20200612183301,I,2019-12-05 23:04:00.0,,187579.647224357,447775.786483583,,,,,,서울특별시 강서구 화곡동 799-10번지 2-3호,37.5320974,126.860238
40,3220000,322000001320210011,20210906,,1,영업/정상,0,정상,,,,,02-1544-9667,,,서울특별시 강남구 삼성동 ***-**,서울특별시 강남구 선릉로**길 ** *층 (삼성동),6160.0,주식회사 봄프렌즈,20210906092223,I,2020-12-09 00:08:00.0,,204543.308089275,444882.509077664,,,,,,서울특별시 강남구 삼성동 ***-**,37.5139848,127.0565207
41,3230000,323000001320210003,20210120,,1,영업/정상,0,정상,,,,,,,,서울특별시 송파구 방이동 110 송암빌딩,서울특별시 송파구 백제고분로 446 송암빌딩 306호 (방이동),5641.0,강윤글로벌,20210120111729,I,2020-11-30 22:02:00.0,,209896.270852095,445366.660997995,,,,,,서울특별시 송파구 방이동 110 송암빌딩,37.5104281,127.1127462
42,3220000,322000001320180004,20180608,,1,영업/정상,0,정상,,,,,02-569-4620,,,서울특별시 강남구 역삼동 789-4번지 영빌딩 ,서울특별시 강남구 역삼로 150 영빌딩 (역삼동),6249.0,폴리파크 역삼점,20180608135330,I,2018-08-31 23:59:59.0,,203094.426937191,443599.244517715,동물용의료용구판매업,,,000,,서울특별시 강남구 역삼동 789-4번지 영빌딩 ,37.4945588,127.0357472
43,3220000,322000001320200002,20200328,,1,영업/정상,0,정상,,,,,,,,서울특별시 강남구 청담동 84-14번지 ,서울특별시 강남구 도산대로55길 37 피지에스빌딩 3층 (청담동),6014.0,주식회사 키베이직,20200330135609,I,2020-04-01 00:23:21.0,,203530.921803555,447093.065729941,동물용의료용구판매업,,,L00,,서울특별시 강남구 청담동 84-14번지 ,37.5260757,127.0407033
44,3060000,306000001320210001,20210118,,1,영업/정상,0,정상,,,,,,,,서울특별시 중랑구 면목동 91-36 202호,서울특별시 중랑구 봉우재로36길 12 202호 (면목동),2155.0,이번쭈,20210118163625,I,2020-11-30 22:00:00.0,,207709.452051737,454455.551533311,,,,,,서울특별시 중랑구 면목동 91-36 202호,37.5923452,127.0880574
45,3230000,323000001320210004,20210120,,1,영업/정상,0,정상,,,,,,,,서울특별시 송파구 잠실동 35 트리지움,서울특별시 송파구 잠실로 62 310동 901호 (잠실동 트리지움),5555.0,마일드마켓,20210120113509,I,2020-11-30 22:02:00.0,,207849.576769863,445299.913591118,,,,,,서울특별시 송파구 잠실동 35 트리지움,37.508668,127.0893312
46,3230000,323000001320190012,20191209,,1,영업/정상,0,정상,,,,,02-3400-0950,,,서울특별시 송파구 문정동 644번지 문정현대지식산업센터1-1 ,서울특별시 송파구 법원로11길 11 문정현대지식산업센터1-1 A동 410호 (문정동),5836.0,(주)알에스피글로벌,20191209130245,I,2019-12-11 00:23:26.0,,210398.0,442553.0,동물용의료용구판매업,,,000,,서울특별시 송파구 문정동 644번지 문정현대지식산업센터1-1 ,37.4856938,127.1185101
47,3230000,323000001320190013,20191212,,1,영업/정상,0,정상,,,,,02-471-0773,,,서울특별시 송파구 방이동 144-10번지 두레빌딩 ,서울특별시 송파구 위례성대로6길 40 두레빌딩 102호 (방이동),5632.0,잠실의료기,20191212091907,I,2019-12-14 00:23:26.0,,210227.044813177,445537.010145723,동물용의료용구판매업,,,000,,서울특별시 송파구 방이동 144-10번지 두레빌딩 ,37.5119579,127.1164461
48,3230000,323000001320190011,20191001,,1,영업/정상,0,정상,,,,,02-2240-5259,,,서울특별시 송파구 잠실동 250-8번지 유니메드빌딩 ,서울특별시 송파구 삼전로 69 유니메드빌딩 5층 (잠실동),5567.0,유니메드제약(주),20191001132058,I,2019-10-03 02:22:41.0,,207734.58283021,444762.720149972,동물용의료용구판매업,,,000,,서울특별시 송파구 잠실동 250-8번지 유니메드빌딩 ,37.5050005,127.0882544
49,3230000,323000001320190008,20190823,,1,영업/정상,0,정상,,,,,,,,서울특별시 송파구 문정동 642-3번지 문정에스케이브이원지엘메트로시티 ,서울특별시 송파구 법원로 128 문정에스케이브이원지엘메트로시티 (문정동),5854.0,상정상사(주),20190823173537,I,2019-08-25 02:22:10.0,,,,동물용의료용구판매업,,,000,,서울특별시 송파구 문정동 642-3번지 문정에스케이브이원지엘메트로시티 ,37.4846835,127.1259659
50,3230000,323000001320190009,20190918,,1,영업/정상,0,정상,,,,,,,,서울특별시 송파구 가락동 79-5번지 밀리아나2차오피스텔 ,서울특별시 송파구 송파대로28길 24 밀리아나2차오피스텔 408호 (가락동),5718.0,주식회사 경쓰,20191209112616,U,2019-12-11 02:40:00.0,,210863.691123684,445473.005139359,동물용의료용구판매업,,,000,,서울특별시 송파구 가락동 79-5번지 밀리아나2차오피스텔 ,37.4942962,127.120541
51,3230000,323000001320190010,20190918,,1,영업/정상,0,정상,,,,,02-555-0444,,,서울특별시 송파구 방이동 193-17번지 광진빌딩 ,서울특별시 송파구 양재대로71길 30-1 광진빌딩 201호 (방이동),5637.0,엠케이(MK)물류,20190918180222,I,2019-09-20 02:22:31.0,,210863.691123684,445473.005139359,동물용의료용구판매업,,,000,,서울특별시 송파구 방이동 193-17번지 광진빌딩 ,37.5113497,127.1236513
52,3230000,323000001320190007,20190527,,1,영업/정상,0,정상,,,,,,,,서울특별시 송파구 풍납동 142-42번지 101호,서울특별시 송파구 바람드리16길 5 (풍납동),5518.0,제이페이버,20190527164144,I,2019-05-29 02:20:57.0,,210499.134043032,448332.458688085,동물용의료용구판매업,,,000,,서울특별시 송파구 풍납동 142-42번지 101호,37.537144,127.1195673
53,3230000,323000001320190006,20190422,,1,영업/정상,0,정상,,,,,02-485-2727,,,서울특별시 송파구 오금동 5-5번지 혜암빌딩 ,서울특별시 송파구 중대로 317-10 혜암빌딩 (오금동),5654.0,워크앤런,20190422111415,I,2019-04-24 02:20:29.0,,211687.683744262,445186.083801679,동물용의료용구판매업,,,000,,서울특별시 송파구 오금동 5-5번지 혜암빌딩 ,37.497407,127.1270681
54,3230000,323000001320190005,20190315,,1,영업/정상,0,정상,,,,,02-466-2526,,,서울특별시 송파구 삼전동 28-22번지 두레빌딩 ,서울특별시 송파구 백제고분로 202 두레빌딩 1층 101호 (삼전동),5581.0,애견용품할인매장 도그버디 삼전점,20190320100029,U,2019-03-22 02:40:00.0,,207801.420107817,444625.035727762,동물용의료용구판매업,,,L00,,서울특별시 송파구 삼전동 28-22번지 두레빌딩 ,37.5037805,127.0889944
55,3230000,323000001320190001,20190314,,1,영업/정상,0,정상,,,,,02-3432-0909,,,서울특별시 송파구 잠실동 210-47번지 ,서울특별시 송파구 석촌호수로12길 1-18 1층 (잠실동),5564.0,애완용품할인매장 도그버디-잠실점,20190320093501,U,2019-03-22 02:40:00.0,,207552.96722862,445137.378559191,동물용의료용구판매업,,,L00,,서울특별시 송파구 잠실동 210-47번지 ,37.508384,127.086199
56,3230000,323000001320190002,20190314,,1,영업/정상,0,정상,,,,,02-466-2526,,,서울특별시 송파구 삼전동 28-22번지 두레빌딩 ,서울특별시 송파구 백제고분로 202 두레빌딩 1층 101호 (삼전동),5581.0,애완용품할인매장 도그버디-삼전점,20190320094233,U,2019-03-22 02:40:00.0,,207801.420107817,444625.035727762,동물용의료용구판매업,,,L00,,서울특별시 송파구 삼전동 28-22번지 두레빌딩 ,37.5037805,127.0889944
57,3230000,323000001320190003,20190314,,1,영업/정상,0,정상,,,,,02-408-8684,,,서울특별시 송파구 방이동 123번지 ,서울특별시 송파구 백제고분로48길 40 (방이동),5643.0,애완용품할인매장 도그버디-방이점,20190314134529,I,2019-03-16 02:21:52.0,,210295.726837349,445339.871097084,동물용의료용구판매업,,,L00,,서울특별시 송파구 방이동 123번지 ,37.5102112,127.1172268
58,3230000,323000001320190004,20190314,,1,영업/정상,0,정상,,,,,02-408-8684,,,서울특별시 송파구 방이동 123번지 ,서울특별시 송파구 백제고분로48길 40 (방이동),5643.0,애완용품할인매장 도그버디-방이점,20190314134538,I,2019-03-16 02:21:52.0,,210295.726837349,445339.871097084,동물용의료용구판매업,,,000,,서울특별시 송파구 방이동 123번지 ,37.5102112,127.1172268
59,3160000,316000001320210004,20210121,,1,영업/정상,0,정상,,,,,028320310,0.0,,서울특별시 구로구 고척동 172-35 리케이빌딩,서울특별시 구로구 경서로 81 리케이빌딩 (고척동),8228.0,(주)리케이,20210121170456,I,2020-11-30 22:03:00.0,,187610.051722457,444664.801825366,,,,,,서울특별시 구로구 고척동 172-35 리케이빌딩,37.5040891,126.8606459
60,3230000,323000001319980001,19980114,,1,영업/정상,0,정상,,,,,420-9983,0.0,,,서울특별시 송파구 오금로 523 339동 28층 1호 (거여동 트리지움),5768.0,(주)서광라보텍,20150731132719,I,2018-08-31 23:59:59.0,,212923.58984334,443444.653125726,동물용의료용구판매업,,,000,,서울특별시 송파구 오금로 523 339동 28층 1호 (거여동 트리지움),37.5093771,127.089127
61,3230000,323000001320180003,20180629,,1,영업/정상,0,정상,,,,,02-400-9961,,,서울특별시 송파구 마천동 40-9번지 대우빌딩 3층 ,서울특별시 송파구 거마로 89 대우빌딩 3층 (마천동),5734.0,주식회사 헬로,20180629092306,I,2018-08-31 23:59:59.0,,212978.137709539,444300.917646975,동물용의료용구판매업,,,L00,,서울특별시 송파구 마천동 40-9번지 대우빌딩 3층 ,37.5007959,127.147566
62,3230000,323000001320180001,20180604,,1,영업/정상,0,정상,,,,,02-400-0500,54.97,,서울특별시 송파구 장지동 894번지 위례아이파크 1층 상가-3동 C-113호,서울특별시 송파구 위례광장로 136 상가-3동 1층 C-113호 (장지동 위례아이파크),5852.0,기프트 펫,20180604092521,I,2018-08-31 23:59:59.0,,212469.0,441602.0,동물용의료용구판매업,,,000,,서울특별시 송파구 장지동 894번지 위례아이파크 1층 상가-3동 C-113호,37.4773867,127.1285282
63,3230000,323000001320040001,20040219,,1,영업/정상,0,정상,,,,,424-6516,0.0,,,서울특별시 송파구 가락로 41 403호 (석촌동 우암빌딩),5691.0,세진교역,20150731131210,I,2018-08-31 23:59:59.0,,208852.416104238,444117.977127278,동물용의료용구판매업,,,000,,서울특별시 송파구 가락로 41 403호 (석촌동 우암빌딩),37.499159,127.1008847
64,3230000,323000001320110001,20110105,,1,영업/정상,0,정상,,,,,0221576667,45.36,,서울특별시 송파구 문정동 634번지 ,서울특별시 송파구 충민로 66 에프-80098010호 (문정동 가든파이브라이프),5838.0,주식회사 명인메디텍,20170508172801,I,2018-08-31 23:59:59.0,,210986.460698452,441725.293491662,동물용의료용구판매업,,,L00,,서울특별시 송파구 문정동 634번지 ,37.4851331,127.1238462
65,3230000,323000001320010001,20010814,,1,영업/정상,0,정상,,,,,421-6120,0.0,,서울특별시 송파구 삼전동 116-16번지 3층 ,서울특별시 송파구 백제고분로31길 19 (삼전동3층),,(주)동광메디텍,20150731133040,I,2018-08-31 23:59:59.0,,208366.297102118,444687.690015661,동물용의료용구판매업,,,000,,서울특별시 송파구 삼전동 116-16번지 3층 ,37.5043252,127.0953916
66,3230000,323000001320130001,20130110,,1,영업/정상,0,정상,,,,,02-451-7575,,,,서울특별시 송파구 충민로 66 T7141호 (문정동 가든파이브라이프테크노관),5838.0,(주)바이오라이트,20150731132321,I,2018-08-31 23:59:59.0,,211053.119518,442026.988783,동물용의료용구판매업,,,L00,,서울특별시 송파구 충민로 66 T7141호 (문정동 가든파이브라이프테크노관),37.4775761,127.125043
67,3230000,323000001320130002,20130225,,1,영업/정상,0,정상,,,,,418-3632,56.19,,,서울특별시 송파구 풍성로5길 6 2층 1호 (풍납동),5523.0,대한의료인메디컬지원센터,20150731131315,I,2018-08-31 23:59:59.0,,210120.508452892,448116.949621187,동물용의료용구판매업,,,000,,서울특별시 송파구 풍성로5길 6 2층 1호 (풍납동),37.5352071,127.1152746
68,3230000,323000001320130003,20130404,,1,영업/정상,0,정상,,,,,2157-6667,,,,서울특별시 송파구 충민로 66 T동 8층 8020호 (문정동 가든파이브라이프테크노관),5838.0,씨앤지,20150731131839,I,2018-08-31 23:59:59.0,,211053.119518,442026.988783,동물용의료용구판매업,,,000,,서울특별시 송파구 충민로 66 T동 8층 8020호 (문정동 가든파이브라이프테크노관),37.4775761,127.125043
69,3220000,322000001320210012,20210906,,1,영업/정상,0,정상,,,,,070-4652-5396,,,서울특별시 강남구 역삼동 ***-** 역삼하이츠빌딩,서울특별시 강남구 테헤란로 *** 역삼하이츠빌딩 지하*층 (역삼동),6132.0,주식회사 어바웃펫,20210906094015,I,2020-12-09 00:08:00.0,,203120.866692148,444313.008610517,,,,,,서울특별시 강남구 역삼동 ***-** 역삼하이츠빌딩,37.5009452,127.0361278
70,3230000,323000001320150003,20151120,,1,영업/정상,0,정상,,,,,02-532-5526,,,서울특별시 송파구 문정동 645번지 에이치비지니스파크 ,서울특별시 송파구 법원로11길 25 에이치비지니스파크 A동 지하층 122호 (문정동),5836.0,히포사이언스,20190501105700,U,2019-05-03 02:40:00.0,,211053.119518,442026.988783,동물용의료용구판매업,,,000,,서울특별시 송파구 문정동 645번지 에이치비지니스파크 ,37.4848588,127.1165211
71,3230000,323000001320170002,20170227,,1,영업/정상,0,정상,,,,,0234000203,22.64,,서울특별시 송파구 문정동 634번지 ,서울특별시 송파구 충민로 66 제지2층 FB2073호 (문정동 가든파이브라이프),5838.0,주식회사 코리아젠,20170228135815,I,2018-08-31 23:59:59.0,,210986.460698452,441725.293491662,동물용의료용구판매업,,,L00,,서울특별시 송파구 문정동 634번지 ,37.4851331,127.1238462
72,3230000,323000001320180002,20180604,,1,영업/정상,0,정상,,,,,02-2145-8000,,,서울특별시 송파구 신천동 7-18번지 롯데캐슬골드 6층 ,서울특별시 송파구 올림픽로 269 6층 (신천동 롯데캐슬골드),5510.0,롯데쇼핑(주) 롯데마트사업본부,20180604171641,I,2018-08-31 23:59:59.0,,208836.192051204,445807.727388799,동물용의료용구판매업,,,L00,,서울특별시 송파구 신천동 7-18번지 롯데캐슬골드 6층 ,37.5142656,127.1004868
73,3210000,321000001320200001,20200421,,1,영업/정상,0,정상,,,,,,,,서울특별시 서초구 방배동 871-6번지 대경빌딩,서울특별시 서초구 서초대로15길 8-22 대경빌딩 3층 (방배동),6571.0,작은형아 코퍼레이션,20200603161752,U,2019-12-06 00:05:00.0,,199156.18106379,442799.922975901,,,,,,서울특별시 서초구 방배동 871-6번지 대경빌딩,37.4873412,126.9912396
74,3240000,324000001320160001,20161027,,1,영업/정상,0,정상,,,,,0234318040,47.0,,서울특별시 강동구 둔촌동 617-4,서울특별시 강동구 동남로49길 46-17 (둔촌동),5366.0,기가메디칼,20200625111232,U,2019-12-05 22:07:00.0,,212882.257399963,447729.841653015,,,,,,서울특별시 강동구 둔촌동 617-4,37.5329614,127.1474639
75,3230000,323000001320200001,20200519,,1,영업/정상,0,정상,,,,,,,,서울특별시 송파구 문정동 634번지 가든파이브라이프,서울특별시 송파구 충민로 66 가든파이브라이프 T동 8089호 (문정동),5838.0,(주)다우진유전자 연구소,20200605143812,U,2019-12-06 00:07:00.0,,210986.460698452,441725.293491662,,,,,,서울특별시 송파구 문정동 634번지 가든파이브라이프,37.4775761,127.125043
76,3210000,321000001320170002,20170906,,1,영업/정상,0,정상,,,,,02-417-3002,,,서울특별시 서초구 반포동 739-32번지 제이디 빌딩,서울특별시 서초구 강남대로79길 32 제이디 빌딩 3층 (반포동),6542.0,(주)펫닥,20200605101954,U,2019-12-06 00:07:00.0,,202398.383583498,442494.50016424,,,,,,서울특별시 서초구 반포동 739-32번지 제이디 빌딩,37.5047478,127.0223359
77,3100000,310000001320210003,20210907,,1,영업/정상,0,정상,,,,,02-952-3051,,,서울특별시 노원구 상계동 ***-*** 상계역 ***- ***호,서울특별시 노원구 상계로 *** 상계역 ***-***호 (상계동),1663.0,펫클럽 상계역사점,20210907141932,I,2020-12-09 00:09:00.0,,206427.388543145,462077.014141535,,,,,,서울특별시 노원구 상계동 ***-*** 상계역 ***- ***호,37.660566,127.073202
78,3240000,324000001320190001,20190514,,1,영업/정상,0,정상,,,,,02-418-3632,,,서울특별시 강동구 성내동 455-8번지 우창빌딩 ,서울특별시 강동구 성내로6길 34-24 우창빌딩 2층 202호 (성내동),5398.0,대한의료인메디컬지원센터,20190514102220,I,2019-05-16 02:20:47.0,,210626.58631048,447414.913780837,동물용의료용구판매업,,,000,,서울특별시 강동구 성내동 455-8번지 우창빌딩 ,37.52799650000001,127.1274542
79,3240000,324000001320080001,20080303,,1,영업/정상,0,정상,,,,,2225-2344,0.0,,서울특별시 강동구 성내동 ,서울특별시 강동구 올림픽로48길 7 1층 (성내동 축협),5398.0,주식회사 엔에이치농협무역,20170724103026,I,2018-08-31 23:59:59.0,,210613.801723814,447486.690482767,동물용의료용구판매업,,,L00,,서울특별시 강동구 성내동 ,37.5302922,127.1287651
80,3160000,316000001320210005,20210122,,1,영업/정상,0,정상,,,,,,,,서울특별시 구로구 구로동 222-7 코오롱디지털타워빌란트 607호,서울특별시 구로구 디지털로32길 30 코오롱디지털타워빌란트 607호 (구로동),8390.0,더가가,20210122173946,I,2020-11-30 22:04:00.0,,190776.468544178,442370.143700207,,,,,,서울특별시 구로구 구로동 222-7 코오롱디지털타워빌란트 607호,37.4833536,126.8965156
81,3160000,316000001320210006,20210122,,1,영업/정상,0,정상,,,,,028320310,,,서울특별시 구로구 고척동 172-35 리케이빌딩,서울특별시 구로구 경서로 81 리케이빌딩 (고척동),8228.0,(주)리케이,20210122174530,I,2020-11-30 22:04:00.0,,187610.051722457,444664.801825366,,,,,,서울특별시 구로구 고척동 172-35 리케이빌딩,37.5040891,126.8606459
82,3000000,300000001320040001,20040226,,1,영업/정상,0,정상,,,,,2232-3514,40.2,,서울특별시 종로구 숭인동 1404번지 타임빌딩202호 ,,,(주)메드로코리아,20041213140035,I,2018-08-31 23:59:59.0,,201911.136750205,452395.946444233,동물용의료용구판매업,,,L00,,서울특별시 종로구 숭인동 1404번지 타임빌딩202호 ,37.5738403,127.0224372
83,3000000,300000001320100001,20100624,,1,영업/정상,0,정상,,,,,762-7611,0.0,,서울특별시 종로구 숭인동 178-142 3층 ,,,바다르산스(주),20100624165340,I,2018-08-31 23:59:59.0,,,,동물용의료용구판매업,,,000,,서울특별시 종로구 숭인동 178-142 3층 ,37.5744509,127.0198608
84,3000000,300000001320100002,20100727,,1,영업/정상,0,정상,,,,,,0.0,,서울특별시 종로구 종로5가 3-1번지 ,서울특별시 종로구 종로 255 (종로5가),3126.0,태리메디칼,20120322175349,I,2018-08-31 23:59:59.0,,200473.025169433,452112.059771326,동물용의료용구판매업,,,000,,서울특별시 종로구 종로5가 3-1번지 ,37.57083069999999,127.0023506
85,3000000,300000001320030001,20030904,,1,영업/정상,0,정상,,,,,2273-8489,32.99,,서울특별시 종로구 종로3가 147번지 금천빌딩205 ,,,(주)영동싸이언스,20030904114218,I,2018-08-31 23:59:59.0,,199321.4036677,451985.646550196,동물용의료용구판매업,,,L00,,서울특별시 종로구 종로3가 147번지 금천빌딩205 ,37.5701232,126.99309
86,3220000,322000001320210001,20210122,,1,영업/정상,0,정상,,,,,070-5096-0900,,,서울특별시 성동구 금호동*가 ***-** DECKS 빌딩,서울특별시 강남구 봉은사로**길 * DECKS 빌딩 *(법정*층)층 (삼성동),6153.0,주식회사 펫프렌즈,20210824173216,U,2020-12-07 22:06:00.0,,204338.350359665,445452.852321464,,,,,,서울특별시 성동구 금호동*가 ***-** DECKS 빌딩,37.5113216,127.0497963
87,3000000,300000001319860001,19860702,,1,영업/정상,0,정상,,,,,2274-4335~6,0.0,,서울특별시 종로구 장사동 57번지 2층2호 ,,,피씨상사,20030211104623,I,2018-08-31 23:59:59.0,,199330.08420518,451969.581791637,동물용의료용구판매업,,,000,,서울특별시 종로구 장사동 57번지 2층2호 ,37.5699727,126.9931906
88,3000000,300000001319990001,19990406,,1,영업/정상,0,정상,,,,,2273-0224,0.0,,서울특별시 종로구 종로3가 125-2번지 (3층) ,,,동경메디교역상사,20030211104709,I,2018-08-31 23:59:59.0,,199193.286476914,451975.769220458,동물용의료용구판매업,,,000,,서울특별시 종로구 종로3가 125-2번지 (3층) ,37.5700257,126.9916933
89,3160000,316000001320210007,20210127,,1,영업/정상,0,정상,,,,,,,,서울특별시 구로구 구로동 222-7 코오롱디지털타워빌란트 607호,서울특별시 구로구 디지털로32길 30 코오롱디지털타워빌란트 607호 (구로동),8390.0,우공마켓,20210127084608,I,2020-11-30 22:09:00.0,,190776.468544178,442370.143700207,,,,,,서울특별시 구로구 구로동 222-7 코오롱디지털타워빌란트 607호,37.4833536,126.8965156
90,3010000,301000001320170001,20170213,,1,영업/정상,0,정상,,,,,02-305-4206,801.28,,서울특별시 중구 서소문동 39-1번지 ,서울특별시 중구 서소문로11길 50 607호 (서소문동 신아빌딩),4515.0,루가노메디컬,20170213174948,I,2018-08-31 23:59:59.0,,197556.202946679,451393.885452503,동물용의료용구판매업,,,L00,,서울특별시 중구 서소문동 39-1번지 ,37.5648035,126.9731141
91,3010000,301000001320170002,20170314,,1,영업/정상,0,정상,,,,,02-2626-5782,5643.0,,서울특별시 중구 남대문로5가 541번지 ,서울특별시 중구 한강대로 416 5층 (남대문로5가 서울스퀘어),4637.0,퀴아젠코리아 유한회사,20170615154345,I,2018-08-31 23:59:59.0,,197620.676444642,450361.506112161,동물용의료용구판매업,,,L00,,서울특별시 중구 남대문로5가 541번지 ,37.5554652,126.9737482
92,3010000,301000001320180001,20180305,,1,영업/정상,0,정상,,,,,080-011-6000,,,서울특별시 중구 을지로2가 11번지 SK텔레콤빌딩 ,서울특별시 중구 을지로 65 SK텔레콤빌딩 (을지로2가),4539.0,에스케이텔레콤(주),20180305171338,I,2018-08-31 23:59:59.0,,198614.978577595,451577.838950867,동물용의료용구판매업,,,L00,,서울특별시 중구 을지로2가 11번지 SK텔레콤빌딩 ,37.566448,126.985114
93,3100000,310000001320210002,20210907,,1,영업/정상,0,정상,,,,,02-778-8053,34.95,,서울특별시 노원구 상계동 **** 하이베라스 ***호,서울특별시 노원구 동일로 **** ***호 (상계동 하이베라스),1604.0,이안덴메드,20210907103145,I,2020-12-09 00:09:00.0,,204772.367380466,464080.593904719,,,,,,서울특별시 노원구 상계동 **** 하이베라스 ***호,37.67918909999999,127.0549866
94,3010000,301000001320180003,20180618,,1,영업/정상,0,정상,,,,,,,,서울특별시 중구 주교동 123-1번지 세진빌딩 ,서울특별시 중구 창경궁로 67 세진빌딩 3층 302호 (주교동),4545.0,지유(GU)조명,20180618093747,I,2018-08-31 23:59:59.0,,199724.738367917,451784.175279872,동물용의료용구판매업,,,000,,서울특별시 중구 주교동 123-1번지 세진빌딩 ,37.5683156,126.9977408
95,3010000,301000001320150001,20150403,,1,영업/정상,0,정상,,,,,02-305-4206,,,서울특별시 중구 서소문동 ,서울특별시 중구 서소문로11길 50 607호 (서소문동),4515.0,주식회사 제타이미징,20150403095305,I,2018-08-31 23:59:59.0,,197556.202946679,451393.885452503,동물용의료용구판매업,,,000,,서울특별시 중구 서소문동 ,37.5628953,126.97381
96,3010000,301000001320200001,20200420,,1,영업/정상,0,정상,,,,,02-23011603,,,서울특별시 중구 산림동 207-2번지 대림상가 ,서울특별시 중구 을지로 157 대림상가 12층 53호 (산림동),4545.0,가람전자,20200420170630,I,2020-04-22 00:23:38.0,,199526.416139264,451693.211256949,동물용의료용구판매업,,,000,,서울특별시 중구 산림동 207-2번지 대림상가 ,37.5670859,126.9954333
97,3000000,300000001320200001,20200424,,1,영업/정상,0,정상,,,,,02-741-1461,,,서울특별시 종로구 종로*가 **-*,서울특별시 종로구 종로 ***(종로*가),3124.0,주식회사 통일의료기,20210923102644,U,2020-12-08 22:05:00.0,,200683.347665068,452121.204130185,,,,,,서울특별시 종로구 종로*가 **-*,37.5701623,126.9802978
98,3020000,302000001320190001,20190321,,1,영업/정상,0,정상,,,,,02-777-4741,,,서울특별시 용산구 갈월동 15-3번지 1층 ,서울특별시 용산구 한강대로 312 1층 (갈월동),4334.0,(주)삼신이앤비,20190321090633,I,2019-03-22 05:20:02.0,,197478.770349994,449308.544293884,동물용의료용구판매업,,,L00,,서울특별시 용산구 갈월동 15-3번지 1층 ,37.5459591,126.9722727
99,3020000,302000001320190002,20190329,,1,영업/정상,0,정상,,,,,02-712-0989,,,서울특별시 용산구 한강로3가 16-9번지 전자랜드 본관 1층 C-112호 ,서울특별시 용산구 청파로 74 전자랜드 본관동 1층 C-112호 (한강로3가),4372.0,(주)정호이엔피,20190329093041,I,2019-03-31 02:20:09.0,,196370.746398773,447841.698787531,동물용의료용구판매업,,,L00,,서울특별시 용산구 한강로3가 16-9번지 전자랜드 본관 1층 C-112호 ,37.5327778,126.9588889
100,3020000,302000001320110001,20110825,,1,영업/정상,0,정상,,,,,325-8058,39.03,,서울특별시 용산구 한강로1가 50-1번지 D동 701호,서울특별시 용산구 한강대로 205 D동 7층 701호 (한강로1가 용산파크자이),4322.0,(주)레이케어,20190618171513,U,2019-06-20 02:40:00.0,,197514.145785647,448264.322314594,동물용의료용구판매업,,,L00,,서울특별시 용산구 한강로1가 50-1번지 D동 701호,37.5365551,126.9728148
101,3020000,302000001320140001,20140512,,1,영업/정상,0,정상,,,,,02-2006-0620,,,서울특별시 용산구 한강로2가 191번지 ,서울특별시 용산구 한강대로 92 3층 (한강로2가),4386.0,쥴릭파마코리아(주),20140512093021,I,2018-08-31 23:59:59.0,,197099.381481836,447328.548832245,동물용의료용구판매업,,,000,,서울특별시 용산구 한강로2가 191번지 ,37.5278825,126.9676321
102,3020000,302000001320180001,20180413,,1,영업/정상,0,정상,,,,,02-780-5594,,,서울특별시 용산구 후암동 252-7번지 ,서울특별시 용산구 후암로4길 7 지하1층 (후암동),4331.0,주식회사 펫탑,20180413091202,I,2018-08-31 23:59:59.0,,198040.071703845,449396.636390221,동물용의료용구판매업,,,L00,,서울특별시 용산구 후암동 252-7번지 ,37.54678000000001,126.9786123
103,3030000,303000001320190004,20191211,,1,영업/정상,0,정상,,,,,02-6450-8411,,,서울특별시 성동구 성수동1가 656-1110번지 서울숲 L-Tower 305호,서울특별시 성동구 아차산로 17 서울숲 L-Tower 3층 305호 (성수동1가),4789.0,(주)신세계티비쇼핑,20191211124738,I,2019-12-13 00:23:26.0,,203994.658040173,449552.049448345,동물용의료용구판매업,,,000,,서울특별시 성동구 성수동1가 656-1110번지 서울숲 L-Tower 305호,37.5481878,127.0459844
104,3030000,303000001320190003,20191104,,1,영업/정상,0,정상,,,,,,,,서울특별시 성동구 도선동 22-1번지 다남매 Tower 702호,서울특별시 성동구 고산자로 253 다남매 Tower 702호 (도선동),4709.0,주식회사 까만돌,20191104084610,I,2019-11-06 00:23:08.0,,203077.751686799,451121.27351231,동물용의료용구판매업,,,L00,,서울특별시 성동구 도선동 22-1번지 다남매 Tower 702호,37.5636593,127.0357909
105,3030000,303000001320190002,20190604,,1,영업/정상,0,정상,,,,,02-2088-0668,,,서울특별시 성동구 행당동 134-6번지 세왕빌딩 별관 ,서울특별시 성동구 왕십리로 271 세왕빌딩 별관 1층 (행당동),4745.0,제제(zeze),20190604181405,I,2019-06-06 02:21:04.0,,203225.88425413,450709.037866891,동물용의료용구판매업,,,000,,서울특별시 성동구 행당동 134-6번지 세왕빌딩 별관 ,37.5585429,127.037478
106,3030000,303000001320190001,20190318,,1,영업/정상,0,정상,,,,,024643377,,,서울특별시 성동구 성수동2가 317-4번지 청운재 6층 ,서울특별시 성동구 연무장11길 15 청운재 6층 (성수동2가),4783.0,(주)엠씨씨바이오,20190318144029,I,2019-03-20 02:21:55.0,,204993.190198642,449015.529617758,동물용의료용구판매업,,,L00,,서울특별시 성동구 성수동2가 317-4번지 청운재 6층 ,37.5434138,127.0572776
107,3030000,303000001320130001,20130226,,1,영업/정상,0,정상,,,,,02-541-1212,12.18,,서울특별시 성동구 옥수동 367-1번지 미타사빌딩 403호,서울특별시 성동구 한림말3길 2 403호 (옥수동),4735.0,제이호홀딩스 주식회사,20130227104154,I,2018-08-31 23:59:59.0,,201424.808182646,448827.626754981,동물용의료용구판매업,,,L00,,서울특별시 성동구 옥수동 367-1번지 미타사빌딩 403호,37.5435336,127.0171082
108,3030000,303000001320170001,20170404,,1,영업/정상,0,정상,,,,,,,,서울특별시 성동구 행당동 344번지 상가동 111호,서울특별시 성동구 독서당로 441 (행당동 신동아아파트),4716.0,도담동물병원,20170404101829,I,2018-08-31 23:59:59.0,,202831.905687785,450233.87834092,동물용의료용구판매업,,,000,,서울특별시 성동구 행당동 344번지 상가동 111호,37.5543718,127.0328167
109,3030000,303000001320180001,20180903,,1,영업/정상,0,정상,,,,,07-7012-5217,,,서울특별시 성동구 성수동1가 13-164번지 서울숲 IT 밸리 502호,서울특별시 성동구 성수일로 77 서울숲 IT 밸리 502호 (성수동1가),4790.0,(주)에스씨포인트,20180903111832,U,2018-09-03 23:59:59.0,,204339.630102839,449469.505136008,동물용의료용구판매업,,,L00,,서울특별시 성동구 성수동1가 13-164번지 서울숲 IT 밸리 502호,37.5473423,127.0503117
110,3040000,304000001320110001,20110712,,1,영업/정상,0,정상,,,,,02-3436-1114,95.0,,서울특별시 광진구 능동 255-18번지 노블레스빌 601602호 ,서울특별시 광진구 천호대로 632 (능동),4987.0,(주)포인트헬스케어,20120821133114,I,2018-08-31 23:59:59.0,,207649.797734558,450162.730478726,동물용의료용구판매업,,,L00,,서울특별시 광진구 능동 255-18번지 노블레스빌 601602호 ,37.5536579,127.0873452
111,3040000,304000001320130001,20130312,,1,영업/정상,0,정상,,,,,2207-2344,,,서울특별시 광진구 구의동 233-26번지 12층 ,서울특별시 광진구 광나루로 528-8 (구의동),5031.0,우주상사,20130312094046,I,2018-08-31 23:59:59.0,,207702.102791043,449147.318588005,동물용의료용구판매업,,,000,,서울특별시 광진구 구의동 233-26번지 12층 ,37.5445303,127.0879284
112,3040000,304000001320180001,20180611,,1,영업/정상,0,정상,,,,,,,,서울특별시 광진구 군자동 366-14번지 ,서울특별시 광진구 광나루로19길 44-1 (군자동),5005.0,진영상사,20180611153023,I,2018-08-31 23:59:59.0,,206380.293372969,449710.768030631,동물용의료용구판매업,,,000,,서울특별시 광진구 군자동 366-14번지 ,37.5495922,127.0729791
113,3160000,316000001320210008,20210202,,1,영업/정상,0,정상,,,,,,0.0,,서울특별시 구로구 구로동 222-7 코오롱디지털타워빌란트 607호,서울특별시 구로구 디지털로32길 30 코오롱디지털타워빌란트 607호 (구로동),8390.0,현이네마켓,20210201154856,I,2020-12-02 00:03:00.0,,190776.468544178,442370.143700207,,,,,,서울특별시 구로구 구로동 222-7 코오롱디지털타워빌란트 607호,37.4833536,126.8965156
114,3050000,305000001320120001,20120427,,1,영업/정상,0,정상,,,,,02-969-1121,73.92,,,서울특별시 동대문구 회기로 121 (회기동),2454.0,KH메디칼,20120427145109,I,2018-08-31 23:59:59.0,,204351.345427544,454367.069182738,동물용의료용구판매업,,,000,,서울특별시 동대문구 회기로 121 (회기동),37.5915679,127.0500554
115,3050000,305000001320150001,20151130,,1,영업/정상,0,정상,,,,,02-3290-5700,,,,서울특별시 동대문구 청계천로 485 (신설동 청계천 대성 스카이렉스1),2586.0,아산제약(주),20151130125548,I,2018-08-31 23:59:59.0,,202673.924263331,452007.750339073,동물용의료용구판매업,,,000,,서울특별시 동대문구 청계천로 485 (신설동 청계천 대성 스카이렉스1),37.5719794,127.0238816
116,3050000,305000001320170001,20170331,,1,영업/정상,0,정상,,,,,02-2173-7180,,,서울특별시 동대문구 용두동 249-1번지 ,서울특별시 동대문구 천호대로 64 4층 6층 일부호 (용두동),2587.0,동아에스티(주),20170331120023,I,2018-08-31 23:59:59.0,,202601.594014166,452366.257544294,동물용의료용구판매업,,,L00,,서울특별시 동대문구 용두동 249-1번지 ,37.5736005,127.0302428
117,3050000,305000001320200001,20200318,,1,영업/정상,0,정상,,,,,,0.0,,서울특별시 동대문구 휘경동 281-57번지 ,서울특별시 동대문구 망우로12길 1 달란트빌딩 4층 (휘경동),2496.0,두리메디칼,20200318162739,I,2020-03-20 00:23:22.0,,205166.317936773,454074.991324664,동물용의료용구판매업,,,000,,서울특별시 동대문구 휘경동 281-57번지 ,37.5889096,127.0593593
118,3060000,306000001320190002,20191008,,1,영업/정상,0,정상,,,,,,,,서울특별시 중랑구 묵동 181-16번지 ,서울특별시 중랑구 동일로152길 6-4 (묵동),2045.0,프라임큐넷,20191008145728,I,2019-10-10 00:22:46.0,,206872.488819071,456209.006449672,동물용의료용구판매업,,,000,,서울특별시 중랑구 묵동 181-16번지 ,37.6081407,127.0785932
119,3060000,306000001320190001,20190611,,1,영업/정상,0,정상,,,,,02-492-9777,,,서울특별시 중랑구 상봉동 128-46번지 ,서울특별시 중랑구 망우로 224 1층 (상봉동),2122.0,멍이냥이,20190611110554,I,2019-06-13 02:21:10.0,,206787.260836106,454645.570410455,동물용의료용구판매업,,,000,,서울특별시 중랑구 상봉동 128-46번지 ,37.5940333,127.0776824
120,3060000,306000001320140001,20140305,,1,영업/정상,0,정상,,,,,02-948-4934,,,서울특별시 중랑구 묵동 241-13번지 B동 306호,서울특별시 중랑구 동일로157길 60 B동 306호 (묵동),2007.0,(주)에스씨아이비에스,20140305154725,I,2018-08-31 23:59:59.0,,206490.785290292,456373.540744485,동물용의료용구판매업,,,L00,,서울특별시 중랑구 묵동 241-13번지 B동 306호,37.6096495,127.0742684
121,3060000,306000001320160001,20160509,,1,영업/정상,0,정상,,,,,02-973-0692,,,서울특별시 중랑구 묵동 239-166번지 ,서울특별시 중랑구 중랑역로 196-1 2층 (묵동),2006.0,영일교역,20160822102803,I,2018-08-31 23:59:59.0,,206652.460283125,456523.376738391,동물용의료용구판매업,,,000,,서울특별시 중랑구 묵동 239-166번지 ,37.610982,127.0761003
122,3060000,306000001320160002,20160719,,1,영업/정상,0,정상,,,,,02-2237-1008,,,서울특별시 중랑구 면목동 505-20번지 4층 ,서울특별시 중랑구 면목로 387 4층 (면목동 칠성빌딩),2219.0,에이치필,20160727093220,I,2018-08-31 23:59:59.0,,207696.61097229,453820.440239348,동물용의료용구판매업,,,000,,서울특별시 중랑구 면목동 505-20번지 4층 ,37.5865802,127.0879205
123,3070000,307000001320190001,20190510,,1,영업/정상,0,정상,,,,,,,,서울특별시 성북구 장위동 317번지 꿈의숲대명루첸아파트 ,서울특별시 성북구 월계로36길 27 105동 1302호 (장위동 꿈의숲대명루첸아파트),2757.0,희송컴퍼니,20190510173420,I,2019-05-12 02:20:43.0,,204079.994702647,457579.21641655,동물용의료용구판매업,,,000,,서울특별시 성북구 장위동 317번지 꿈의숲대명루첸아파트 ,37.620864,127.0456
124,3080000,308000001320190002,20190715,,1,영업/정상,0,정상,,,,,,,,서울특별시 강북구 수유동 400-30번지 ,서울특별시 강북구 삼양로 356 (수유동),1082.0,장보는강아지와고양이,20190715142248,I,2019-07-17 02:21:40.0,,201483.389387629,459195.511390265,동물용의료용구판매업,,,000,,서울특별시 강북구 수유동 400-30번지 ,37.6350877,127.0175795
125,3080000,308000001320050001,20050331,,1,영업/정상,0,정상,,,,,988-8123,63.0,,서울특별시 강북구 수유동 48-47번지 ,서울특별시 강북구 덕릉로 54 (수유동),1112.0,주)베라인터내셔널,20111030144526,I,2018-08-31 23:59:59.0,,201672.720723896,459094.720179548,동물용의료용구판매업,,,000,,서울특별시 강북구 수유동 48-47번지 ,37.6341891,127.0197168
126,3230000,323000001320210008,20210917,,1,영업/정상,0,정상,,,,,,,,서울특별시 송파구 가락동 **-*,서울특별시 송파구 중대로 ** *층 효원빌딩 (가락동),5719.0,칼스톨츠엔도스코피코리아(유),20210917130435,I,2020-12-08 23:09:00.0,,210481.077142289,443448.892122874,,,,,,서울특별시 송파구 가락동 **-*,37.4952783,127.1157128
127,3080000,308000001320180001,20181019,,1,영업/정상,0,정상,,,,,,,,서울특별시 강북구 수유동 95-7번지 수유동 이테크밸리 오피스텔 403-2호,서울특별시 강북구 도봉로77길 6 수유동 이테크밸리 오피스텔 403-2호 (수유동),1113.0,주식회사 에스에스피앤디,20181019151736,I,2018-10-21 02:36:06.0,,201942.872328818,459046.125539538,동물용의료용구판매업,,,L00,,서울특별시 강북구 수유동 95-7번지 수유동 이테크밸리 오피스텔 403-2호,37.6337218,127.0228244
128,3080000,308000001320180002,20181019,,1,영업/정상,0,정상,,,,,,,,서울특별시 강북구 수유동 54-5번지 수유시장 164-165191-192호 ,서울특별시 강북구 도봉로67길 18 수유시장 1층 164-165191-192호 (수유동),1117.0,펫스쿨,20181019153454,I,2018-10-21 02:36:06.0,,201956.180985499,458714.365820521,동물용의료용구판매업,,,000,,서울특별시 강북구 수유동 54-5번지 수유시장 164-165191-192호 ,37.630768,127.023174
129,3160000,316000001320210009,20210202,,1,영업/정상,0,정상,,,,,,,,서울특별시 구로구 구로동 222-7 코오롱디지털타워빌란트 607호,서울특별시 구로구 디지털로32길 30 코오롱디지털타워빌란트 607호 (구로동),8390.0,현이네마켓,20210202155634,I,2020-12-02 00:04:00.0,,190776.468544178,442370.143700207,,,,,,서울특별시 구로구 구로동 222-7 코오롱디지털타워빌란트 607호,37.4833536,126.8965156
130,3090000,309000001320190001,20190529,,1,영업/정상,0,정상,,,,,02-900-3844,,,서울특별시 도봉구 창동 296-31번지 ,서울특별시 도봉구 해등로14길 9 1층 (창동),1402.0,상상홀릭,20190529091927,I,2019-05-31 02:20:59.0,,203575.614473497,461407.317150149,동물용의료용구판매업,,,000,,서울특별시 도봉구 창동 296-31번지 ,37.6549972,127.0412876
131,3090000,309000001320180001,20180704,,1,영업/정상,0,정상,,,,,029914317,0.0,,서울특별시 도봉구 쌍문동 656번지 1층 ,서울특별시 도봉구 도봉로 571 1층 (쌍문동),1432.0,폴리파크 쌍문점,20180814112318,I,2018-08-31 23:59:59.0,,203343.625934341,461518.674931852,동물용의료용구판매업,,,000,,서울특별시 도봉구 쌍문동 656번지 1층 ,37.6559694,127.0387111
132,3100000,310000001320190001,20191025,,1,영업/정상,0,정상,,,,,02-1668-1250,14.27,,서울특별시 노원구 공릉동 622번지 서울창업디딤터 208호,서울특별시 노원구 동일로174길 27 서울창업디딤터 208호 (공릉동),1849.0,주식회사 날라주,20200221112551,U,2020-02-23 02:40:00.0,,206708.878294585,457477.154924921,동물용의료용구판매업,,,L00,,서울특별시 노원구 공릉동 622번지 서울창업디딤터 208호,37.6192461,127.0773
133,3100000,310000001320200001,20200311,,1,영업/정상,0,정상,,,,,02-935-3838,77.0,,서울특별시 노원구 상계동 964-5번지 부흥빌딩 ,서울특별시 노원구 동일로 1598 부흥빌딩 1층 우측호 (상계동),1631.0,폴리파크 상계점,20200311093802,I,2020-03-13 00:23:38.0,,204909.464271165,463186.271687248,동물용의료용구판매업,,,000,,서울특별시 노원구 상계동 964-5번지 부흥빌딩 ,37.6709957,127.0564034
134,3110000,311000001320190002,20190722,,1,영업/정상,0,정상,,,,,070-7727-0230,,,서울특별시 은평구 진관동 278-10번지 2층 ,서울특별시 은평구 대서문길 43-13 2층 (진관동),3307.0,(주)창보누리,20190722162645,I,2019-07-24 02:21:44.0,,195447.49212021,461501.954950573,동물용의료용구판매업,,,000,,서울특별시 은평구 진관동 278-10번지 2층 ,37.6525833,126.9383769
135,3110000,311000001320190001,20190221,,1,영업/정상,0,정상,,,,,,,,서울특별시 은평구 불광동 314-4번지 ,서울특별시 은평구 연서로 267-1 (불광동),3342.0,펫츠웨이,20190221091012,I,2019-02-23 02:21:58.0,,193252.461146339,457585.904647586,동물용의료용구판매업,,,000,,서울특별시 은평구 불광동 314-4번지 ,37.6205708,126.9243453
136,3110000,311000001320110001,20110525,,1,영업/정상,0,정상,,,,,,0.0,,서울특별시 은평구 불광동 437-6번지 1층 ,서울특별시 은평구 연서로37길 25 (불광동),3343.0,D&C,20111031161112,I,2018-08-31 23:59:59.0,,193446.619167486,457932.308809201,동물용의료용구판매업,,,000,,서울특별시 은평구 불광동 437-6번지 1층 ,37.6236687,126.9265391
137,3110000,311000001320170001,20170530,,1,영업/정상,0,정상,,,,,02-839-4335,0.0,,서울특별시 은평구 응암동 88-11번지 6층 ,서울특별시 은평구 응암로 337 6층 (응암동 빛터룩스빌딩),3461.0,(주)싸이퍼일렉트로닉,20170530135823,I,2018-08-31 23:59:59.0,,193055.119702533,455445.92391997,동물용의료용구판매업,,,L00,,서울특별시 은평구 응암동 88-11번지 6층 ,37.6012694,126.9221138
138,3120000,312000001320190001,20190226,,1,영업/정상,0,정상,,,,,070-4123-7377,,,서울특별시 서대문구 북아현동 1-123번지 남미빌딩 ,서울특별시 서대문구 북아현로 72-10 남미빌딩 2층 202호 (북아현동),3748.0,(주)에이스빌,20190226155858,I,2019-02-28 02:21:34.0,,195954.47162715,451266.550192428,동물용의료용구판매업,,,000,,서울특별시 서대문구 북아현동 1-123번지 남미빌딩 ,37.563608,126.9549634
139,3120000,312000001320170001,20120702,,1,영업/정상,0,정상,,,,,,0.0,,서울특별시 서대문구 충정로3가 470번지 풍산빌딩 ,서울특별시 서대문구 충정로 23 풍산빌딩 67층 (충정로3가),3737.0,지멘스헬시니어스(주),20190920073355,U,2019-09-22 02:40:00.0,,196662.335160742,450999.900043141,동물용의료용구판매업,,,L00,,서울특별시 서대문구 충정로3가 470번지 풍산빌딩 ,37.5610883,126.9629895
140,3120000,312000001320180001,20180808,,1,영업/정상,0,정상,,,,,023325937,,,서울특별시 서대문구 창천동 30-9번지 ,서울특별시 서대문구 신촌로 91 (창천동),3789.0,폴리파크 신촌점,20180808142452,I,2018-08-31 23:59:59.0,,194315.886084572,450384.575342365,동물용의료용구판매업,,,000,,서울특별시 서대문구 창천동 30-9번지 ,37.5557016,126.9364107
141,3130000,313000001320190002,20190416,,1,영업/정상,0,정상,,,,,02-2069-3121,0.0,,서울특별시 마포구 동교동 158-29번지 ,서울특별시 마포구 동교로 192-1 1층 101호 (동교동),3995.0,주식회사 포파코 홍대지점,20190417101024,I,2019-04-19 02:20:25.0,,193104.772014315,450560.146911255,동물용의료용구판매업,,,L00,,서울특별시 마포구 동교동 158-29번지 ,37.557224,126.9227621
142,3130000,313000001319940001,19940228,,1,영업/정상,0,정상,,,,,,0.0,,서울특별시 마포구 서교동 463-4   번지 1층 ,,,(주)성보사이언스텍,20030430100318,I,2018-08-31 23:59:59.0,,,,동물용의료용구판매업,,,000,,서울특별시 마포구 서교동 463-4   번지 1층 ,37.5544738,126.9182056
143,3130000,313000001320030001,20030129,,1,영업/정상,0,정상,,,,,,0.0,,서울특별시 마포구 아현동 91-17번지 ,서울특별시 마포구 마포대로 268 (아현동),4201.0,S.H.C.P KOREA,20111030161940,I,2018-08-31 23:59:59.0,,196378.162500119,450540.375791376,동물용의료용구판매업,,,000,,서울특별시 마포구 아현동 91-17번지 ,37.55708389999999,126.9597878
144,3130000,313000001320050001,20050523,,1,영업/정상,0,정상,,,,,,0.0,,서울특별시 마포구 합정동 381-55번지 ,서울특별시 마포구 양화진2길 8 (합정동),4070.0,주식회사 프로벳,20180702110141,I,2018-08-31 23:59:59.0,,192174.616474713,449522.132702682,동물용의료용구판매업,,,000,,서울특별시 마포구 합정동 381-55번지 ,37.5479143,126.9122177
145,3130000,313000001320080001,20080124,,1,영업/정상,0,정상,,,,,325-8058,0.0,,서울특별시 마포구 상암동 23-6번지 101호 ,,,(주)레이케어,20110713091142,I,2018-08-31 23:59:59.0,,190780.007124539,452636.550076862,동물용의료용구판매업,,,L00,,서울특별시 마포구 상암동 23-6번지 101호 ,37.5759239,126.8964152
146,3130000,313000001320180001,20180625,,1,영업/정상,0,정상,,,,,02-6933-9394,,,서울특별시 마포구 동교동 159-5번지 케이스퀘어 ,서울특별시 마포구 양화로 161 케이스퀘어 612호 (동교동),3995.0,찹앤찹,20180625105935,I,2018-08-31 23:59:59.0,,193152.62383534,450523.47124017,동물용의료용구판매업,,,000,,서울특별시 마포구 동교동 159-5번지 케이스퀘어 ,37.556869,126.923284
147,3130000,313000001320200003,20200316,,1,영업/정상,0,정상,,,,,,,,서울특별시 마포구 성산동 596번지 대원아파트 ,서울특별시 마포구 성산로4길 75 101동 1504호 (성산동 대원아파트),3966.0,해와달,20200316185449,I,2020-03-18 00:23:29.0,,192001.579274987,451360.713321706,동물용의료용구판매업,,,000,,서울특별시 마포구 성산동 596번지 대원아파트 ,37.5644783,126.9104484
148,3130000,313000001320200002,20200312,,1,영업/정상,0,정상,,,,,02-1800-5813,,,서울특별시 마포구 공덕동 92-7번지 ,서울특별시 마포구 마포대로16나길 10-18 1층 (공덕동),4205.0,마이스리모,20200312174959,I,2020-03-14 00:23:22.0,,196255.792033536,449822.921331655,동물용의료용구판매업,,,000,,서울특별시 마포구 공덕동 92-7번지 ,37.5506319,126.958396
149,3130000,313000001320200001,20200305,,1,영업/정상,0,정상,,,,,1522-5083,,,서울특별시 마포구 마포동 33-1번지 신한디엠빌딩 ,서울특별시 마포구 마포대로 25 신한디엠빌딩 7층 736호 (마포동),4167.0,주식회사 나우위,20200305170932,I,2020-03-07 00:23:22.0,,195051.53369717,448575.956518546,동물용의료용구판매업,,,L00,,서울특별시 마포구 마포동 33-1번지 신한디엠빌딩 ,37.5393493,126.9448207
150,3150000,315000001320190001,20190516,,1,영업/정상,0,정상,,,,,26526318,40.0,,서울특별시 강서구 등촌동 654-58번지 ,서울특별시 강서구 공항대로51길 17 1층 (등촌동),7571.0,(주)세일케이엠,20190516135507,I,2019-05-18 02:20:49.0,,187332.486700036,450332.354576088,동물용의료용구판매업,,,L00,,서울특별시 강서구 등촌동 654-58번지 ,37.5551561,126.8573936
151,3150000,315000001320170001,20170629,,1,영업/정상,0,정상,,,,,2661-8881,0.0,,서울특별시 강서구 마곡동 739-1번지 807-1호,서울특별시 강서구 방화대로 294 8층 807-1호 (마곡동 마곡더블유타워),7599.0,메디벳헬스케어,20170731103655,I,2018-08-31 23:59:59.0,,183758.0,451652.0,동물용의료용구판매업,,,000,,서울특별시 강서구 마곡동 739-1번지 807-1호,37.5764888,126.8307466
152,3150000,315000001320180001,20180322,,1,영업/정상,0,정상,,,,,2668-0680,,,서울특별시 강서구 가양동 1498번지 강서한강자이타워 A동 313호,서울특별시 강서구 양천로 401 강서한강자이타워 A층 313호 (가양동),7528.0,(주)케이비엠약품,20180323090114,I,2018-08-31 23:59:59.0,,186501.233192961,451485.251875922,동물용의료용구판매업,,,L00,,서울특별시 강서구 가양동 1498번지 강서한강자이타워 A동 313호,37.5653152,126.8480309
153,3150000,315000001320180003,20180730,,1,영업/정상,0,정상,,,,,02-6956-9413,,,서울특별시 강서구 마곡동 774-1번지 ,서울특별시 강서구 공항대로 209 1117호 (마곡동),7802.0,주식회사 엠트리센,20191212125403,U,2019-12-14 02:40:00.0,,185365.0,450789.0,동물용의료용구판매업,,,L00,,서울특별시 강서구 마곡동 774-1번지 ,37.5600109,126.827233
154,3160000,316000001320190002,20191108,,1,영업/정상,0,정상,,,,,02-859-3252,,,서울특별시 구로구 구로동 106-4번지 선경오피스텔 303호,서울특별시 구로구 공원로 3 선경오피스텔 3층 3호 (구로동),8298.0,주식회사 한길반도체,20191108091814,I,2019-11-10 00:23:10.0,,190410.047738361,443953.502895004,동물용의료용구판매업,,,000,,서울특별시 구로구 구로동 106-4번지 선경오피스텔 303호,37.4976578,126.89223
155,3120000,312000001320210003,20210927,,1,영업/정상,0,정상,,,,,,,,서울특별시 서대문구 창천동 **-** VERTIGO,서울특별시 서대문구 연세로 *-* VERTIGO **층 (창천동),3779.0,주식회사 티에스엠텍홀딩스,20210927140024,I,2020-12-08 22:09:00.0,,194382.109981443,450450.682916715,,,,,,서울특별시 서대문구 창천동 **-** VERTIGO,37.556225,126.937153
156,3160000,316000001320140003,20141215,,1,영업/정상,0,정상,,,,,070-8807-8849,,,서울특별시 구로구 구로동 108-529번지 ,서울특별시 구로구 공원로 41 529호 (구로동),8298.0,제네스,20141215162056,I,2018-08-31 23:59:59.0,,190197.627242129,444245.56335468,동물용의료용구판매업,,,000,,서울특별시 구로구 구로동 108-529번지 ,37.5003438,126.8899252
157,3160000,316000001320150001,20150609,,1,영업/정상,0,정상,,,,,,,,서울특별시 구로구 구로동 197-48번지 ,서울특별시 구로구 디지털로29길 38 (구로동 에이스테크노타워3차 201-N26),8381.0,VINE,20150609095843,I,2018-08-31 23:59:59.0,,190491.833060361,442477.332680657,동물용의료용구판매업,,,000,,서울특별시 구로구 구로동 197-48번지 ,37.4844648,126.8932855
158,3160000,316000001320170002,20170728,,1,영업/정상,0,정상,,,,,028503500,,,,서울특별시 구로구 디지털로34길 55 702호 (구로동 코오롱싸이언스밸리2차),8378.0,(주)제일메디칼코퍼레이션,20170728133031,I,2018-08-31 23:59:59.0,,191020.264430044,442460.919021593,동물용의료용구판매업,,,L00,,서울특별시 구로구 디지털로34길 55 702호 (구로동 코오롱싸이언스밸리2차),37.4851155,126.8987983
159,3170000,317000001320190004,20191108,,1,영업/정상,0,정상,,,,,849-7410,,,서울특별시 금천구 가산동 543-1번지 대성디폴리스지식산업센터 ,서울특별시 금천구 서부샛길 606 대성디폴리스지식산업센터 비동 2603-1호 (가산동),8504.0,(주)베스트유어즈,20191108160738,I,2019-11-10 00:23:10.0,,189055.138252216,441958.334400683,동물용의료용구판매업,,,000,,서울특별시 금천구 가산동 543-1번지 대성디폴리스지식산업센터 ,37.4799094,126.8771946
160,3170000,317000001320190002,20190423,,1,영업/정상,0,정상,,,,,2026-2150,,,서울특별시 금천구 가산동 371-28번지 우림라이온스밸리 ,서울특별시 금천구 가산디지털1로 168 우림라이온스밸리 비동 비120호 (가산동),8507.0,(주)코젠바이오텍,20190423160543,I,2019-04-25 02:20:42.0,,189538.020935968,441982.427934953,동물용의료용구판매업,,,000,,서울특별시 금천구 가산동 371-28번지 우림라이온스밸리 ,37.4800992,126.8826202
161,3170000,317000001320190001,20190422,,1,영업/정상,0,정상,,,,,,,,서울특별시 금천구 가산동 371-106번지 가산 더블유센터 ,서울특별시 금천구 가산디지털1로 181 가산 더블유센터 120호 (가산동),8503.0,에스앤디메디케어,20190422121810,I,2019-04-24 02:20:29.0,,189350.592434703,442143.206055455,동물용의료용구판매업,,,000,,서울특별시 금천구 가산동 371-106번지 가산 더블유센터 ,37.4813577,126.880871
162,3170000,317000001320190003,20190513,,1,영업/정상,0,정상,,,,,,,,서울특별시 금천구 가산동 371-106번지 가산 더블유센터 ,서울특별시 금천구 가산디지털1로 181 가산 더블유센터 120호 (가산동),8503.0,에스디통상,20190513113420,I,2019-05-15 02:21:01.0,,189350.592434703,442143.206055455,동물용의료용구판매업,,,000,,서울특별시 금천구 가산동 371-106번지 가산 더블유센터 ,37.4813577,126.880871
163,3170000,317000001320150001,20150206,,1,영업/정상,0,정상,,,,,,,,서울특별시 금천구 독산동 ,서울특별시 금천구 한내로 56 1층 (독산동),8599.0,바른메디칼,20150206154925,I,2018-08-31 23:59:59.0,,189979.841396839,439315.464911957,동물용의료용구판매업,,,000,,서울특별시 금천구 독산동 ,37.4681147,126.8981937
164,3170000,317000001320180001,20180523,,1,영업/정상,0,정상,,,,,070-8944-9185,,,서울특별시 금천구 가산동 481-10번지 벽산디지털밸리2차 ,서울특별시 금천구 가산디지털2로 184 벽산디지털밸리2차 112호 (가산동),8501.0,시온하이텍,20180523100024,I,2018-08-31 23:59:59.0,,189127.981104583,442460.505542105,동물용의료용구판매업,,,000,,서울특별시 금천구 가산동 481-10번지 벽산디지털밸리2차 ,37.4839124,126.8780977
165,3170000,317000001320200002,20200228,,1,영업/정상,0,정상,,,,,,,,서울특별시 금천구 가산동 371-28번지 우림라이온스밸리 ,서울특별시 금천구 가산디지털1로 168 우림라이온스밸리 B동 B120호 (가산동),8507.0,주식회사 더엔상사,20200302134956,U,2020-03-04 02:40:00.0,,189538.020935968,441982.427934953,동물용의료용구판매업,,,000,,서울특별시 금천구 가산동 371-28번지 우림라이온스밸리 ,37.4800992,126.8826202
166,3000000,300000001320210003,20210928,,1,영업/정상,0,정상,,,,,,,,서울특별시 종로구 부암동 ***-* 타임***오피스텔,서울특별시 종로구 자하문로 *** 타임***오피스텔 ***호 (부암동),3020.0,펫월드,20210928100426,I,2020-12-08 21:00:00.0,,196668.877563099,455055.264019484,,,,,,서울특별시 종로구 부암동 ***-* 타임***오피스텔,37.597762,126.9629732
167,3180000,318000001320190002,20191115,,1,영업/정상,0,정상,,,,,02-548-3131,,,서울특별시 영등포구 신길동 1351-3번지 천록빌딩 ,서울특별시 영등포구 여의대방로61길 2 천록빌딩 1110호 (신길동),7319.0,큐찬스(주),20191115100854,I,2019-11-17 00:23:16.0,,193389.462376889,445790.101523876,동물용의료용구판매업,,,L00,,서울특별시 영등포구 신길동 1351-3번지 천록빌딩 ,37.5142903,126.926115
168,3180000,318000001320190001,20190314,,1,영업/정상,0,정상,,,,,,,,서울특별시 영등포구 신길동 59-2번지 엔씨티오피스텔 ,서울특별시 영등포구 영등포로 353 엔씨티오피스텔 206호 (신길동),7318.0,(주)제이에이치리더,20190924181838,U,2019-09-26 02:40:00.0,,192327.822443146,446217.607733472,동물용의료용구판매업,,,L00,,서울특별시 영등포구 신길동 59-2번지 엔씨티오피스텔 ,37.5150289,126.918074
169,3180000,318000001320130001,20130108,,1,영업/정상,0,정상,,,,,2671-6931,15.3,,서울특별시 영등포구 양평동5가 76번지 양평동한신아파트 제108동상가 1층 10호 ,서울특별시 영등포구 양평로24길 9 제108동 상가1층 10호 (양평동5가 양평동한신아파트),7204.0,(주)성보사이언스,20130108110703,I,2018-08-31 23:59:59.0,,190394.571819262,448656.726986041,동물용의료용구판매업,,,L00,,서울특별시 영등포구 양평동5가 76번지 양평동한신아파트 제108동상가 1층 10호 ,37.5400657,126.8921204
170,3180000,318000001320140002,20140206,,1,영업/정상,0,정상,,,,,0263094343,,,서울특별시 영등포구 문래동3가 55-20번지 에이스하이테크시티 1동 326호 ,서울특별시 영등포구 경인로 775 1동 326호 (문래동3가 에이스하이테크시티),7299.0,(주)대석메드,20140206110237,I,2018-08-31 23:59:59.0,,190996.357288859,445841.377603245,동물용의료용구판매업,,,L00,,서울특별시 영등포구 문래동3가 55-20번지 에이스하이테크시티 1동 326호 ,37.5144447,126.8987734
171,3160000,316000001320170001,20170207,,1,영업/정상,0,정상,,,,,0261055630,,,,서울특별시 구로구 디지털로32길 30 204호 (구로동 코오롱디지털타워빌란트),8390.0,보성과학(주),20210510162018,U,2020-12-04 23:02:00.0,,190776.468544178,442370.143700207,,,,,,서울특별시 구로구 디지털로32길 30 204호 (구로동 코오롱디지털타워빌란트),37.4833536,126.8965156
172,3180000,318000001320150001,20150526,,1,영업/정상,0,정상,,,,,02-595-0106,60.72,,서울특별시 영등포구 신길동 1351-3번지 천록빌딩 908호,서울특별시 영등포구 여의대방로61길 2 908호 (신길동 천록빌딩),7319.0,(사)남북경협경제인연합회,20150526170226,I,2018-08-31 23:59:59.0,,193389.462376889,445790.101523876,동물용의료용구판매업,,,L00,,서울특별시 영등포구 신길동 1351-3번지 천록빌딩 908호,37.5142903,126.926115
173,3180000,318000001320150002,20150807,,1,영업/정상,0,정상,,,,,02-2672-6515,12.15,,서울특별시 영등포구 양평동5가 양평동한신아파트 109동 17호,서울특별시 영등포구 양평로24길 9 109동 17호 (양평동5가 양평동한신아파트),7204.0,(주)일신씨엔엠,20150817095133,I,2018-08-31 23:59:59.0,,190394.571819262,448656.726986041,동물용의료용구판매업,,,L00,,서울특별시 영등포구 양평동5가 양평동한신아파트 109동 17호,37.5400657,126.8921204
174,3180000,318000001320170001,20170202,,1,영업/정상,0,정상,,,,,02-962-6474,,,서울특별시 영등포구 양평동5가 76번지 양평동한신아파트 상가1-7호,서울특별시 영등포구 양평로24길 9 상가1-7호 (양평동5가 양평동한신아파트),7204.0,(주)엠디젠,20170202163338,I,2018-08-31 23:59:59.0,,190394.571819262,448656.726986041,동물용의료용구판매업,,,L00,,서울특별시 영등포구 양평동5가 76번지 양평동한신아파트 상가1-7호,37.5400657,126.8921204
175,3150000,315000001320210001,20210205,,1,영업/정상,0,정상,,,,,02-3664-6211,,,서울특별시 강서구 내발산동 646-2 201호,서울특별시 강서구 강서로52길 13 201호 (내발산동),7646.0,(주)더블류엠코퍼레이션,20210205090733,I,2020-12-02 00:07:00.0,,185705.990366621,450641.290762228,,,,,,서울특별시 강서구 내발산동 646-2 201호,37.5578636,126.839
176,3190000,319000001320190001,20191104,,1,영업/정상,0,정상,,,,,02-525-1341,,,서울특별시 동작구 사당동 1006-20번지 ,서울특별시 동작구 동작대로21길 36 (사당동),7013.0,성진메드,20191104140005,I,2019-11-06 00:23:08.0,,198137.759449433,442421.230560468,동물용의료용구판매업,,,000,,서울특별시 동작구 사당동 1006-20번지 ,37.483921,126.9797197
177,3190000,319000001320160001,20160627,,1,영업/정상,0,정상,,,,,,,,서울특별시 동작구 본동 434-1번지 ,서울특별시 동작구 노량진로22길 25 1층 (본동),6916.0,토탈랩솔루션,20170926093014,I,2018-08-31 23:59:59.0,,195576.812034321,445479.197925104,동물용의료용구판매업,,,000,,서울특별시 동작구 본동 434-1번지 ,37.5114985,126.9507259
178,3190000,319000001320170001,20170626,,1,영업/정상,0,정상,,,,,,,,서울특별시 동작구 신대방동 706번지 상가동 125호,서울특별시 동작구 보라매로5길 5 상가동 125126호 (신대방동 보라매우성아파트),7071.0,보라매컨설팅,20170626103115,I,2018-08-31 23:59:59.0,,193311.831569946,443352.67250352,동물용의료용구판매업,,,000,,서울특별시 동작구 신대방동 706번지 상가동 125호,37.4923628,126.9253318
179,3030000,303000001320210001,20210205,,1,영업/정상,0,정상,,,,,1522-9843,,,서울특별시 성동구 성수동2가 301-3,서울특별시 성동구 아차산로 66 2층 (성수동2가),4782.0,(주)셀러허브,20210208091153,U,2020-12-01 23:00:00.0,,204478.404351667,449270.3620558,,,,,,서울특별시 성동구 성수동2가 301-3,37.545554,127.0513514
180,3200000,320000001320190002,20190725,,1,영업/정상,0,정상,,,,,02-875-0734,49.5,,서울특별시 관악구 신림동 320-44번지 지하 1층 ,서울특별시 관악구 밤골길 20 지하 1층 (신림동),8848.0,엘케어,20190725183506,I,2019-07-27 02:21:47.0,,193804.850994486,440057.242381005,동물용의료용구판매업,,,000,,서울특별시 관악구 신림동 320-44번지 지하 1층 ,37.4626229,126.930798
181,3200000,320000001320180002,20180611,,1,영업/정상,0,정상,,,,,02-3285-1312,,,서울특별시 관악구 신림동 1443-33번지 금오빌딩 ,서울특별시 관악구 봉천로 226 금오빌딩 (신림동),8707.0,폴리파크 신림점,20180611094839,I,2018-08-31 23:59:59.0,,193443.186089237,443029.164179371,동물용의료용구판매업,,,000,,서울특별시 관악구 신림동 1443-33번지 금오빌딩 ,37.484189,126.9273666
182,3210000,321000001320190001,20190128,,1,영업/정상,0,정상,,,,,070-8064-2794,17.64,,서울특별시 서초구 서초동 1687-2번지 서초플라자 401호,서울특별시 서초구 서초중앙로24길 55 서초플라자 4층 401호 (서초동),6603.0,비마이펫 주식회사,20200103135832,U,2020-01-05 02:40:00.0,,201210.253946146,443848.193725847,동물용의료용구판매업,,,L00,,서울특별시 서초구 서초동 1687-2번지 서초플라자 401호,37.4960797,127.0193966
183,3210000,321000001320180001,20180509,,1,영업/정상,0,정상,,,,,02-3443-1824,,,서울특별시 서초구 잠원동 29-1번지 호영빌딩 101호,서울특별시 서초구 강남대로95길 19-4 호영빌딩 1층 101호 (잠원동),6530.0,주식회사 바잇미,20180509160506,I,2018-08-31 23:59:59.0,,201580.237940072,445707.597252833,동물용의료용구판매업,,,000,,서울특별시 서초구 잠원동 29-1번지 호영빌딩 101호,37.513556,127.0187008
184,3210000,321000001320170001,20170726,,1,영업/정상,0,정상,,,,,02-3474-5678,323.6,,서울특별시 서초구 서초동 1578-5번지 한성빌딩 3층 314호,서울특별시 서초구 사임당로 39 3층 314호 (서초동 한성빌딩),6650.0,메디슨 코리아,20170726144836,I,2018-08-31 23:59:59.0,,201176.159311432,442917.346139861,동물용의료용구판매업,,,L00,,서울특별시 서초구 서초동 1578-5번지 한성빌딩 3층 314호,37.4883829,127.0140865
185,3210000,321000001320190003,20190430,,1,영업/정상,0,정상,,,,,,,,서울특별시 서초구 서초동 1578-5 한성빌딩 3442호,서울특별시 서초구 사임당로 39 한성빌딩 6센터-3442호 (서초동),6650.0,(주)더바디,20201223095952,U,2019-11-01 22:05:00.0,,201176.159311432,442917.346139861,,,,,,서울특별시 서초구 서초동 1578-5 한성빌딩 3442호,37.4883829,127.0140865
186,3240000,324000001320160002,20161205,,1,영업/정상,0,정상,,,,,02-3431-8040,,,서울특별시 강동구 둔촌동 617-4번지 ,서울특별시 강동구 동남로49길 46-17 2층 (둔촌동),5366.0,주식회사 한미메드라인,20161205110312,I,2018-08-31 23:59:59.0,,212965.180856621,447872.025836656,동물용의료용구판매업,,,000,,서울특별시 강동구 둔촌동 617-4번지 ,37.5329614,127.1474639
187,3240000,324000001320180001,20180502,,1,영업/정상,0,정상,,,,,,15.0,,서울특별시 강동구 강일동 677-5번지 유러피안하우스2 1003호,서울특별시 강동구 아리수로91길 32-6 유러피안하우스2 (강일동),5211.0,벳스몰,20180502172814,I,2018-08-31 23:59:59.0,,215290.159323,451769.829475,동물용의료용구판매업,,,000,,서울특별시 강동구 강일동 677-5번지 유러피안하우스2 1003호,37.5626796,127.1742333
188,3240000,324000001320180002,20180607,,1,영업/정상,0,정상,,,,,024742015,,,서울특별시 강동구 둔촌동 487번지 정원빌딩 ,서울특별시 강동구 양재대로 1404 정원빌딩 (둔촌동),5363.0,폴리파크 둔촌점,20180709112444,I,2018-08-31 23:59:59.0,,212127.414856529,447679.626222447,동물용의료용구판매업,,,000,,서울특별시 강동구 둔촌동 487번지 정원빌딩 ,37.5286255,127.1321222
189,3240000,324000001320180003,20180712,,1,영업/정상,0,정상,,,,,,,,서울특별시 강동구 둔촌동 617-4번지 ,서울특별시 강동구 동남로49길 46-17 (둔촌동),5366.0,한미메드,20180712174743,I,2018-08-31 23:59:59.0,,212965.180856621,447872.025836656,동물용의료용구판매업,,,000,,서울특별시 강동구 둔촌동 617-4번지 ,37.5329614,127.1474639
190,3240000,324000001320180004,20181114,,1,영업/정상,0,정상,,,,,,,,서울특별시 강동구 길동 237-3번지 ,서울특별시 강동구 진황도로49길 38 301호 (길동),5356.0,두리 메디칼,20181114105945,I,2018-11-16 02:36:00.0,,212494.525396029,448050.505747076,동물용의료용구판매업,,,000,,서울특별시 강동구 길동 237-3번지 ,37.5345754,127.1421344
191,3240000,324000001320200002,20200515,,1,영업/정상,0,정상,,,,,,1334.16,,서울특별시 강동구 길동 345-9번지 606호,서울특별시 강동구 천중로 213 606호 (길동),5303.0,주식회사 스피어텐,20200515165938,I,2020-05-17 00:23:20.0,,212655.05159549,448764.660042344,동물용의료용구판매업,,,000,,서울특별시 강동구 길동 345-9번지 606호,37.5409654,127.1439622
192,3240000,324000001320200001,20200331,,1,영업/정상,0,정상,,,,,02-427-3669,,,서울특별시 강동구 암사동 441번지 한강시티라이프 205호,서울특별시 강동구 올림픽로 834 한강시티라이프 2층 (암사동),5238.0,(주)큐어바이오,20200331101626,I,2020-04-02 00:23:32.0,,211393.374131351,450351.502650047,동물용의료용구판매업,,,000,,서울특별시 강동구 암사동 441번지 한강시티라이프 205호,37.55533510000001,127.129758
193,3030000,303000001320210002,20210208,,1,영업/정상,0,정상,,,,,1800-9936,,,서울특별시 성동구 성수동2가 301-3,서울특별시 성동구 아차산로 66 2층 (성수동2가),4782.0,(주)커머스허브,20210208092249,I,2020-12-01 23:00:00.0,,204478.404351667,449270.3620558,,,,,,서울특별시 성동구 성수동2가 301-3,37.545554,127.0513514
194,3170000,317000001320140001,20140625,,1,영업/정상,0,정상,,,,,,,,서울특별시 금천구 독산동 291-1번지 현대지식산업센터 T동 203호,서울특별시 금천구 두산로 70 현대지식산업센터 T동 2층 203호 (독산동),8584.0,(주)더블유메디텍,20200619185137,U,2019-12-05 22:01:00.0,,190694.880295092,440764.426277932,,,,,,서울특별시 금천구 독산동 291-1번지 현대지식산업센터 T동 203호,37.469824,126.89589
195,3160000,316000001320210010,20210217,,1,영업/정상,0,정상,,,,,,,,서울특별시 구로구 고척동 321 우성꿈동산아파트 101동 801호,서울특별시 구로구 경인로47다길 34-7 101동 801호 (고척동 우성꿈동산아파트),8219.0,0514마르셰,20210217091647,I,2020-12-01 23:09:00.0,,188109.321801032,444557.996323399,,,,,,서울특별시 구로구 고척동 321 우성꿈동산아파트 101동 801호,37.5031517,126.8661489
196,3230000,323000001320200002,20200622,,1,영업/정상,0,정상,,,,,080-424-7999,,,서울특별시 송파구 방이동 45,서울특별시 송파구 위례성대로 14 한미타워 (방이동),5545.0,한미헬스케어,20200622175933,I,2019-12-05 22:04:00.0,,210002.84810652,446043.04612644,,,,,,서울특별시 송파구 방이동 45,37.5165552,127.1139417
197,3200000,320000001320210003,20210216,,1,영업/정상,0,정상,,,,,02-856-3806,,,서울특별시 관악구 신림동 610-575 현대빌라,서울특별시 관악구 법원단지22길 11 가동 302호 (신림동 현대빌라),8853.0,런하트,20210216090438,I,2020-12-01 23:08:00.0,,193146.430707326,441376.349307184,,,,,,서울특별시 관악구 신림동 610-575 현대빌라,37.4884322,126.9190886
198,3050000,305000001320070001,20070302,,1,영업/정상,0,정상,,,,,02-2215-3649,16.5,,서울특별시 동대문구 전농동 494-8,서울특별시 동대문구 답십리로21길 21 (전농동),2558.0,JS의료기,20200626142606,U,2019-12-05 22:08:00.0,,204147.342932412,452765.644747307,,,,,,서울특별시 동대문구 전농동 494-8,37.5771272,127.0477437
199,3010000,301000001320190001,20190521,,1,영업/정상,0,정상,,,,,02-2190-8400,,,서울특별시 중구 소공동 32-7 한진빌딩,서울특별시 중구 남대문로 63 한진빌딩 22층 (소공동),4532.0,동방에스앤디(주),20200629145158,U,2019-12-07 00:01:00.0,,198274.236324259,451198.510083723,,,,,,서울특별시 중구 소공동 32-7 한진빌딩,37.5630329,126.9814369
200,3230000,323000001320200003,20200714,,1,영업/정상,0,정상,,,,,02-6933-7484,,,서울특별시 송파구 문정동 642 송파 테라타워2,서울특별시 송파구 송파대로 201 송파 테라타워2 B동 2층 210호 (문정동),5854.0,세라노틱스(주),20200714085207,I,2019-12-06 23:06:00.0,,210627.0,442875.0,,,,,,서울특별시 송파구 문정동 642 송파 테라타워2,37.4875939,127.1191731
201,3060000,306000001320200001,20200715,,1,영업/정상,0,정상,,,,,02-438-7551,,,서울특별시 중랑구 면목동 398-27 sk텔레콤,서울특별시 중랑구 면목로 205   (면목동),2246.0,아벨바이오,20200715154502,I,2019-12-06 23:07:00.0,,207287.360462425,452139.898151971,,,,,,서울특별시 중랑구 면목동 398-27 sk텔레콤,37.5909202,127.0778447
202,3100000,310000001320200002,20200810,,1,영업/정상,0,정상,,,,,02-952-8214,,,서울특별시 노원구 하계동 250-3 하계테크노타운 B동 703호,서울특별시 노원구 노원로15길 10 하계테크노타운 B동 703호 (하계동),1788.0,(주)정도비앤피,20200810141809,I,2019-12-07 23:02:00.0,,206219.437371151,459926.107544031,,,,,,서울특별시 노원구 하계동 250-3 하계테크노타운 B동 703호,37.6416741,127.0715256
203,3130000,313000001320200004,20200813,,1,영업/정상,0,정상,,,,,02-702-5867,,,서울특별시 마포구 신공덕동 172 펜트라우스,서울특별시 마포구 백범로 205 105동 308호 (신공덕동 펜트라우스),4194.0,주식회사 아울,20200813094231,I,2019-12-07 23:05:00.0,,195874.639172861,449015.903404686,,,,,,서울특별시 마포구 신공덕동 172 펜트라우스,37.5433361,126.954004
204,3040000,304000001320200002,20200814,,1,영업/정상,0,정상,,,,,,,,서울특별시 광진구 군자동 358-9 광진 동양파라곤 1단지,서울특별시 광진구 광나루로 361 지하1층 114호 (군자동 광진 동양파라곤 1단지),5003.0,파라곤동물병원,20200814160828,I,2019-12-07 23:06:00.0,,206091.938587177,449581.249922815,,,,,,서울특별시 광진구 군자동 358-9 광진 동양파라곤 1단지,37.5483998,127.0697313
205,3230000,323000001320200004,20200811,,1,영업/정상,0,정상,,,,,02-733-1740,,,서울특별시 송파구 가락동 31-1 삼신빌딩,서울특별시 송파구 양재대로66길 30 삼신빌딩 3층 (가락동),5704.0,핀에스코리아(주),20200814135714,U,2019-12-07 23:06:00.0,,210932.187446884,444253.337073071,,,,,,서울특별시 송파구 가락동 31-1 삼신빌딩,37.5003808,127.1243805
206,3230000,323000001320200005,20200819,,1,영업/정상,0,정상,,,,,02-415-3006,,,서울특별시 송파구 송파동 166 가락삼익맨숀,서울특별시 송파구 오금로 252 3층 1-2호 (송파동 가락삼익맨숀),5673.0,태건,20200819160852,I,2019-12-07 22:01:00.0,,210656.492508336,444673.567068173,,,,,,서울특별시 송파구 송파동 166 가락삼익맨숀,37.504156,127.121124
207,3220000,322000001320200003,20200821,,1,영업/정상,0,정상,,,,,,,,서울특별시 강남구 삼성동 157-27 브이플렉스 7층 717호,서울특별시 강남구 테헤란로 501 브이플렉스 7층 717호 (삼성동),6168.0,시그니처바이코리아(주),20200821142831,I,2019-12-07 22:03:00.0,,204947.909039501,445035.104597245,,,,,,서울특별시 강남구 삼성동 157-27 브이플렉스 7층 717호,37.5074601,127.0567135
208,3010000,301000001320200003,20200730,,1,영업/정상,0,정상,,,,,02-709-0197,,,서울특별시 중구 남대문로*가 **-** 연세대학교 세브란스빌딩,서울특별시 중구 통일로 ** 연세대학교 세브란스빌딩 **층 (남대문로*가),4527.0,한국베링거인겔하임동물약품(주),20210804114902,U,2020-12-08 00:06:00.0,,197612.995083649,450539.857693464,,,,,,서울특별시 중구 남대문로*가 **-** 연세대학교 세브란스빌딩,37.5570572,126.9736211
209,3170000,317000001320200003,20200904,,1,영업/정상,0,정상,,,,,02-6925-6322,,,서울특별시 금천구 가산동 426-5 월드메르디앙2차,서울특별시 금천구 가산디지털2로 123 월드메르디앙2차 703호 (가산동),8505.0,(주)테크플러스,20200904155734,I,2019-12-09 00:06:00.0,,189202.600232089,441848.24299943,,,,,,서울특별시 금천구 가산동 426-5 월드메르디앙2차,37.478683,126.878648
210,3200000,320000001320210001,20210111,,1,영업/정상,0,정상,,,,,,,,서울특별시 관악구 신림동 ****-*,서울특별시 관악구 신림로 *** ***-*호 (신림동),8754.0,다정메디칼,20210906153434,U,2020-12-09 00:08:00.0,,193746.833837509,442510.775085572,,,,,,서울특별시 관악구 신림동 ****-*,37.4626176,126.9383251
211,3130000,313000001320200005,20201014,,1,영업/정상,0,정상,,,,,070-4808-2139,,,서울특별시 마포구 공덕동 467 롯데캐슬프레지던트,서울특별시 마포구 마포대로 109 제20층 제오-2002호 (공덕동 롯데캐슬프레지던트),4146.0,주식회사 가람포리아,20201014100755,I,2019-10-30 23:06:00.0,,195564.375757848,449186.933273231,,,,,,서울특별시 마포구 공덕동 467 롯데캐슬프레지던트,37.5445936,126.9507149
212,3170000,317000001320200004,20201028,,1,영업/정상,0,정상,,,,,,,,서울특별시 금천구 가산동 60-21 IT미래TOWER,서울특별시 금천구 디지털로9길 33 IT미래TOWER 2006호 (가산동),8511.0,엠디케이(MDK),20201028094814,I,2019-10-30 21:00:00.0,,189863.598209033,441870.90420315,,,,,,서울특별시 금천구 가산동 60-21 IT미래TOWER,37.4788772,126.8860088
213,3130000,313000001320200006,20201112,,1,영업/정상,0,정상,,,,,,,,서울특별시 마포구 공덕동 467 롯데캐슬프레지던트,서울특별시 마포구 마포대로 109 제20층 제오-2002호 (공덕동 롯데캐슬프레지던트),4146.0,주식회사 식스나루,20201112181851,I,2019-10-31 23:04:00.0,,195564.375757848,449186.933273231,,,,,,서울특별시 마포구 공덕동 467 롯데캐슬프레지던트,37.5445936,126.9507149
214,3030000,303000001320200001,20201124,,1,영업/정상,0,정상,,,,,02-494-2221,,,서울특별시 성동구 성수동1가 656-3 FORHU 606호,서울특별시 성동구 왕십리로 58 FORHU 606호 (성수동1가),4778.0,주식회사 동도바이오텍,20201124103846,I,2019-10-31 22:06:00.0,,203924.802039313,448934.858771073,,,,,,서울특별시 성동구 성수동1가 656-3 FORHU 606호,37.5426768,127.0452874
215,3230000,323000001320200007,20201124,,1,영업/정상,0,정상,,,,,052-933-3217,,,서울특별시 송파구 문정동 620 송파 푸르지오시티,서울특별시 송파구 새말로 62 송파 푸르지오시티 A동 129호 (문정동),5841.0,톰과스누피,20201124103543,I,2019-10-31 22:06:00.0,,210654.50616628,442070.575741668,,,,,,서울특별시 송파구 문정동 620 송파 푸르지오시티,37.4807463,127.1211638
216,3160000,316000001320200002,20201127,,1,영업/정상,0,정상,,,,,02-1600-4779,,,서울특별시 구로구 구로동 614-33 라이프종합공구상가 211호,서울특별시 구로구 구로중앙로 237 라이프종합공구상가 211호 (구로동),8215.0,(주)지오미디어,20201127161840,I,2019-10-31 22:09:00.0,,188907.966108621,444898.367647601,,,,,,서울특별시 구로구 구로동 614-33 라이프종합공구상가 211호,37.5062982,126.8753842
217,3230000,323000001320200008,20201203,,1,영업/정상,0,정상,,,,,,,,서울특별시 송파구 가락동 10-13,서울특별시 송파구 중대로 197 3층 305호 (가락동),5703.0,에이비피아이(주),20201203105010,I,2019-11-02 00:05:00.0,,211070.184691361,444174.460137701,,,,,,서울특별시 송파구 가락동 10-13,37.4996282,127.1259399
218,3030000,303000001320200002,20201222,,1,영업/정상,0,정상,,,,,027950297,,,서울특별시 성동구 성수동2가 280-15 에이스성수타워1 801호,서울특별시 성동구 광나루로8길 10 에이스성수타워1 8층 801호 (성수동2가),4799.0,(주)네오딘바이오벳,20201228103308,U,2019-11-01 21:00:00.0,,205557.941680639,449473.46380541,,,,,,서울특별시 성동구 성수동2가 280-15 에이스성수타워1 801호,37.5445797,127.0559678
219,3000000,300000001320210001,20210105,,1,영업/정상,0,정상,,,,,,,,서울특별시 종로구 익선동 55 현대뜨레비앙,서울특별시 종로구 돈화문로11가길 59 140호 (익선동 현대뜨레비앙),3132.0,(주)아이바이오사이언스,20210107170801,U,2020-12-01 00:09:00.0,,199052.164234663,452535.569961658,,,,,,서울특별시 종로구 익선동 55 현대뜨레비앙,37.5750895,126.9899959
220,3120000,312000001320210001,20210114,,1,영업/정상,0,정상,,,,,07046470268,,,서울특별시 서대문구 미근동 72-1 미근빌딩,서울특별시 서대문구 충정로6안길 27 미근빌딩 4층 1호 (미근동),3740.0,포베오,20210114094011,I,2020-11-30 23:06:00.0,,197015.074449594,451227.679921814,,,,,,서울특별시 서대문구 미근동 72-1 미근빌딩,37.5632867,126.9669774
221,3130000,313000001320210001,20210115,,1,영업/정상,0,정상,,,,,,,,서울특별시 마포구 연남동 487-178,서울특별시 마포구 성미산로16길 37 15통4반 (연남동),3986.0,나무시스,20210115095543,I,2020-11-30 23:07:00.0,,192711.948492469,450807.687845189,,,,,,서울특별시 마포구 연남동 487-178,37.5594779,126.9182793
222,3230000,323000001320210001,20210119,,1,영업/정상,0,정상,20210423.0,,,,,,,서울특별시 송파구 문정동 628 가든파이브툴,서울특별시 송파구 충민로 10 가든파이브툴 B동 7층 21호 (문정동),5840.0,미스터라라,20210503150720,U,2020-12-05 00:05:00.0,,210480.282018702,441833.16323518,,,,,,서울특별시 송파구 문정동 628 가든파이브툴,37.4782249,127.1193622
223,3180000,318000001320200001,20200429,,1,영업/정상,0,정상,,,,,02-6180-0086,,,서울특별시 영등포구 영등포동4가 56-3,서울특별시 영등포구 영중로 23 (영등포동4가),7301.0,베이비몽,20210528092613,U,2020-12-04 21:00:00.0,,191564.119632973,446251.574337289,,,,,,서울특별시 영등포구 영등포동4가 56-3,37.5184221,126.9053485
224,3160000,316000001320210002,20210119,,1,영업/정상,0,정상,,,,,,,,서울특별시 구로구 구로동 222-7 코오롱디지털타워빌란트 1동 607호,서울특별시 구로구 디지털로32길 30 코오롱디지털타워빌란트 1동 6층 607호 (구로동),8390.0,담컴퍼니,20210119163303,I,2020-11-30 22:01:00.0,,190776.468544178,442370.143700207,,,,,,서울특별시 구로구 구로동 222-7 코오롱디지털타워빌란트 1동 607호,37.4833536,126.8965156
225,3230000,323000001320200006,20201116,,1,영업/정상,0,정상,,,,,02-496-4074,,,서울특별시 송파구 방이동 65-2 진넥스레이크뷰,서울특별시 송파구 오금로 99 진넥스레이크뷰 8층 (방이동),5548.0,버박코리아(주),20210209152801,U,2020-12-01 23:01:00.0,,209464.500962759,445693.551238562,,,,,,서울특별시 송파구 방이동 65-2 진넥스레이크뷰,37.5135436,127.1077917
226,3130000,313000001320210003,20210216,,1,영업/정상,0,정상,,,,,027948940,,,서울특별시 마포구 마포동 343-2,서울특별시 마포구 마포대로4다길 23-8 (마포동),4178.0,텍소피아몰,20210216084140,I,2020-12-01 23:08:00.0,,195035.59631653,448206.301166714,,,,,,서울특별시 마포구 마포동 343-2,37.5360497,126.9446114
227,3130000,313000001320210005,20210308,,1,영업/정상,0,정상,,,,,,,,서울특별시 마포구 망원동 395-47 진흥빌라,서울특별시 마포구 망원로2길 95 301호 (망원동 진흥빌라),4017.0,비앤케이,20210308130202,I,2020-12-02 23:00:00.0,,191458.39596625,450129.256086724,,,,,,서울특별시 마포구 망원동 395-47 진흥빌라,37.5533418,126.9041012
228,3130000,313000001320210004,20210308,,1,영업/정상,0,정상,,,,,,,,서울특별시 마포구 망원동 395-47 진흥빌라,서울특별시 마포구 망원로2길 95 301호 (망원동 진흥빌라),4017.0,에스제이,20210308125947,I,2020-12-02 23:00:00.0,,191458.39596625,450129.256086724,,,,,,서울특별시 마포구 망원동 395-47 진흥빌라,37.5533418,126.9041012
229,3240000,324000001320210001,20210311,,1,영업/정상,0,정상,,,,,02-6326-3655,,,서울특별시 강동구 성내동 386-18 301호,서울특별시 강동구 양재대로101길 41 301호 (성내동),5374.0,메디365,20210311104200,I,2020-12-02 23:03:00.0,,211909.700334962,447825.904327241,,,,,,서울특별시 강동구 성내동 386-18 301호,37.5325584,127.1355249
230,3180000,318000001320210001,20210312,,1,영업/정상,0,정상,,,,,,,,서울특별시 영등포구 양평동4가 23-7,서울특별시 영등포구 선유로47길 19 우신하이랜드 지층 137호 (양평동4가),7209.0,선유사,20210312162658,I,2020-12-02 23:04:00.0,,190625.662427406,448156.013984079,,,,,,서울특별시 영등포구 양평동4가 23-7,37.5356709,126.8947457
231,3160000,316000001320210001,20210114,,1,영업/정상,0,정상,,,,,,,,서울특별시 구로구 개봉동 309-37 누리애빌라 301호,서울특별시 구로구 서해안로34가길 53 301호 (개봉동 누리애빌라),8339.0,다우리,20210316110411,U,2020-12-02 23:08:00.0,,186680.712117006,443574.111278073,,,,,,서울특별시 구로구 개봉동 309-37 누리애빌라 301호,37.5248152,126.8366789
232,3240000,324000001320190002,20190807,,1,영업/정상,0,정상,,,,,,,,서울특별시 강동구 천호동 32-28,서울특별시 강동구 양재대로131가길 4-4 601호 (천호동),5307.0,마루모아,20210319133417,U,2020-12-02 22:01:00.0,,212487.093809606,449425.628430845,,,,,,서울특별시 강동구 천호동 32-28,37.546987,127.1420827
233,3220000,322000001320210002,20210325,,1,영업/정상,0,정상,,,,,02-733-7080,,,서울특별시 강남구 삼성동 145 삼하빌딩,서울특별시 강남구 봉은사로 502 삼하빌딩 702호 (삼성동),6163.0,주식회사 파이브원,20210325115350,I,2020-12-02 22:07:00.0,,204681.332375585,445621.144386783,,,,,,서울특별시 강남구 삼성동 145 삼하빌딩,37.5128483,127.0538525
234,3220000,322000001320210003,20210325,,1,영업/정상,0,정상,,,,,02-733-7080,,,서울특별시 강남구 삼성동 145 삼하빌딩,서울특별시 강남구 봉은사로 502 삼하빌딩 702호 (삼성동),6163.0,주식회사 파이브원,20210325134023,I,2020-12-02 22:07:00.0,,204681.332375585,445621.144386783,,,,,,서울특별시 강남구 삼성동 145 삼하빌딩,37.5128483,127.0538525
235,3080000,308000001320110001,20111014,,1,영업/정상,0,정상,,,,,,,,서울특별시 강북구 수유동 63 삼호아파트 수유프라자,서울특별시 강북구 도봉로 261 507호 (수유동 삼호아파트 수유프라자),1114.0,(주)대종기기산업,20210326151526,U,2020-12-02 22:08:00.0,,202112.077352128,458792.734842786,,,,,,서울특별시 강북구 수유동 63 삼호아파트 수유프라자,37.6316665,127.0234632
236,3010000,301000001320180002,20180509,,1,영업/정상,0,정상,,,,,02-2231-8785,,,서울특별시 중구 황학동 715 기업은행성동지점,서울특별시 중구 퇴계로 439 기업은행성동지점 (황학동),4576.0,(주)케이디알한국기업서비스,20210402142511,U,2020-12-04 00:04:00.0,,201742.972043744,451520.021136319,,,,,,서울특별시 중구 황학동 715 기업은행성동지점,37.565869,127.020521
237,3220000,322000001320210004,20210413,,1,영업/정상,0,정상,,,,,02-3471-6581,,,서울특별시 강남구 역삼동 829,서울특별시 강남구 역삼로7길 22 5678층 (역삼동),6244.0,(주)비엠에스,20210419101448,U,2020-12-03 22:01:00.0,,202844.805360798,443719.481843616,,,,,,서울특별시 강남구 역삼동 829,37.4955881,127.0328832
238,3050000,305000001320170002,20170331,,1,영업/정상,0,정상,,,,,2173-7180,,,서울특별시 동대문구 용두동 249-1,서울특별시 동대문구 천호대로 64 (용두동),2587.0,동아에스티(주),20210420172544,U,2020-12-03 22:02:00.0,,202601.594014166,452366.257544294,,,,,,서울특별시 동대문구 용두동 249-1,37.5736005,127.0302428
239,3230000,323000001320210006,20210421,,1,영업/정상,0,정상,,,,,,,,서울특별시 송파구 문정동 642 송파 테라타워2,서울특별시 송파구 송파대로 201 송파 테라타워2 A동 G315-1호 (문정동),5854.0,미스터라라,20210421141432,I,2020-12-03 22:03:00.0,,210627.0,442875.0,,,,,,서울특별시 송파구 문정동 642 송파 테라타워2,37.4875939,127.1191731
240,3190000,319000001320210001,20210422,,1,영업/정상,0,정상,,,,,,,,서울특별시 용산구 한강로2가 2-37 용산토투밸리,서울특별시 용산구 새창로 217 용산토투밸리 1104호 (한강로2가),4376.0,호크마행정사사무소,20210422104145,I,2020-12-03 22:04:00.0,,197083.100438264,447552.774477998,,,,,,서울특별시 용산구 한강로2가 2-37 용산토투밸리,37.5300876,126.9688555
241,3040000,304000001320210001,20210317,,1,영업/정상,0,정상,,,,,070-8864-1212,,,서울특별시 광진구 화양동 1 건국대학교 창의관 209호,서울특별시 광진구 능동로 120 건국대학교 창의관 209호 (화양동),5029.0,주식회사 위드펫바이오,20210518204550,U,2020-12-06 00:08:00.0,,206445.881091692,448922.881688102,,,,,,서울특별시 광진구 화양동 1 건국대학교 창의관 209호,37.5407495,127.0792674
242,3230000,323000001320210007,20210426,,1,영업/정상,0,정상,,,,,,,,서울특별시 송파구 문정동 642 송파 테라타워2,서울특별시 송파구 송파대로 201 송파 테라타워2 A동 315-2호 (문정동),5854.0,미스터라라,20210426094510,I,2020-12-03 22:08:00.0,,210627.0,442875.0,,,,,,서울특별시 송파구 문정동 642 송파 테라타워2,37.4875939,127.1191731
243,3150000,315000001320210002,20210426,,1,영업/정상,0,정상,,,,,070-8769-9207,,,서울특별시 강서구 마곡동 799-4 마곡지웰타워,서울특별시 강서구 공항대로 200 마곡지웰타워 216호 (마곡동),7631.0,(주)태웅메디칼,20210426120933,I,2020-12-03 22:08:00.0,,,,,,,,,서울특별시 강서구 마곡동 799-4 마곡지웰타워,37.5590329,126.8306552
244,3180000,318000001320210002,20210427,,1,영업/정상,0,정상,,,,,,,,서울특별시 영등포구 영등포동5가 24 동남상가아파트,서울특별시 영등포구 영등포로37길 4 제동열56호 (영등포동5가 동남상가아파트),7250.0,주식회사 상상타래,20210427173333,I,2020-12-03 22:09:00.0,,191590.878296395,446489.41953806,,,,,,서울특별시 영등포구 영등포동5가 24 동남상가아파트,37.5205947,126.9056446
245,3200000,320000001320210004,20210428,,1,영업/정상,0,정상,,,,,,,,서울특별시 관악구 봉천동 1708 두산아파트,서울특별시 관악구 봉천로 387 110동 501호 (봉천동 두산아파트),8750.0,(주)탑커머스 관악지점,20210428100027,I,2020-12-03 21:00:00.0,,194879.596231677,442483.131081868,,,,,,서울특별시 관악구 봉천동 1708 두산아파트,37.4862663,126.9454472
246,3030000,303000001320210003,20210503,,1,영업/정상,0,정상,,,,,0222686780,,,서울특별시 성동구 용답동 227-1 화성개발장한평 407호,서울특별시 성동구 자동차시장1길 18 화성개발장한평 407호 (용답동),4808.0,제이에스테크,20210503105459,I,2020-12-05 00:05:00.0,,205204.624667769,450982.009547642,,,,,,서울특별시 성동구 용답동 227-1 화성개발장한평 407호,37.56147199999999,127.064657
247,3160000,316000001320210012,20210513,,1,영업/정상,0,정상,,,,,,,,서울특별시 구로구 구로동 197-28 이앤씨벤처드림타워6차,서울특별시 구로구 디지털로31길 41 이앤씨벤처드림타워6차 312동 170호 (구로동),8375.0,(주)디지인,20210513173818,I,2020-12-04 23:05:00.0,,190447.24866829,442558.310755613,,,,,,서울특별시 구로구 구로동 197-28 이앤씨벤처드림타워6차,37.4851543,126.8927301
248,3130000,313000001320210006,20210413,,1,영업/정상,0,정상,,,,,,,,서울특별시 마포구 상암동 1637 상암월드컵파크 2단지,서울특별시 마포구 월드컵북로47길 46 206동 1103호 (상암동 상암월드컵파크 2단지),3912.0,웰비트,20210520143112,U,2020-12-04 22:02:00.0,,190352.555252104,452510.91383579,,,,,,서울특별시 마포구 상암동 1637 상암월드컵파크 2단지,37.5748656,126.89145
249,3220000,322000001320210005,20210608,,1,영업/정상,0,정상,,,,,02-514-2115,,,서울특별시 강남구 논현동 238 쿠쿠빌딩,서울특별시 강남구 언주로 652 쿠쿠빌딩 3층 (논현동),6098.0,주식회사 허글,20210608150103,I,2020-12-05 23:00:00.0,,203090.626693466,445882.278020751,,,,,,서울특별시 강남구 논현동 238 쿠쿠빌딩,37.5142922,127.0349377
250,3220000,322000001320210006,20210610,,1,영업/정상,0,정상,,,,,02-514-2115,,,서울특별시 강남구 논현동 238 쿠쿠빌딩,서울특별시 강남구 언주로 652 쿠쿠빌딩 3층 (논현동),6098.0,주식회사 허글,20210610100754,I,2020-12-05 23:02:00.0,,203090.626693466,445882.278020751,,,,,,서울특별시 강남구 논현동 238 쿠쿠빌딩,37.5142922,127.0349377
251,3220000,322000001320210007,20210616,,1,영업/정상,0,정상,,,,,,,,서울특별시 강남구 논현동 177-7,서울특별시 강남구 논현로119길 27 201호 (논현동),6117.0,에스디헬스케어,20210616152840,I,2020-12-05 23:08:00.0,,202636.545697339,445253.065490153,,,,,,서울특별시 강남구 논현동 177-7,37.5094571,127.0305835
252,3210000,321000001320200003,20200603,,1,영업/정상,0,정상,,,,,,,,서울특별시 서초구 양재동 292-10 201호,서울특별시 서초구 언남10길 41 2층 201호 (양재동),6781.0,아낌없이주는나무,20210622160752,U,2020-12-05 22:04:00.0,,203956.096638336,441170.049891434,,,,,,서울특별시 서초구 양재동 292-10 201호,37.472648,127.0454994
253,3210000,321000001320000001,20000426,,1,영업/정상,0,정상,,,,,1577-8455,71.25,,서울특별시 서초구 서초동 1640-25 화니빌딩 3층,서울특별시 서초구 서초중앙로22길 92-13 (서초동화니빌딩 3층),,주식회사 서울코퍼레이션,20210622130643,U,2020-12-05 22:04:00.0,,201651.248944894,443505.587865519,,,,,,서울특별시 서초구 서초동 1640-25 화니빌딩 3층,37.493696,127.0194527
254,3210000,321000001320210001,20210624,,1,영업/정상,0,정상,,,,,,,,서울특별시 서초구 양재동 285 킴스빌딩,서울특별시 서초구 논현로13길 19 킴스빌딩 2층 (양재동),6782.0,더베리씽 the very thing,20210624125303,I,2020-12-05 22:06:00.0,,204043.37,441336.245,,,,,,서울특별시 서초구 양재동 285 킴스빌딩,37.4694384,127.0455306
255,3120000,312000001320210002,20210701,,1,영업/정상,0,정상,,,,,,,,서울특별시 서대문구 남가좌동 *** 남가좌동현대아파트,서울특별시 서대문구 가재울로 ** ***동 ***호 (남가좌동 남가좌동현대아파트),3710.0,로그인포유,20210701093232,I,2020-12-07 00:03:00.0,,192874.514454351,452525.219515622,,,,,,서울특별시 서대문구 남가좌동 *** 남가좌동현대아파트,37.574874,126.92042
256,3180000,318000001320210003,20210706,,1,영업/정상,0,정상,,,,,,28.0,,서울특별시 영등포구 도림동 ***-* 타원벨라움,서울특별시 영등포구 도신로**길 ** 타원벨라움 ***호 (도림동),7375.0,헬네고월커,20210706134450,U,2020-12-07 00:08:00.0,,190740.721015868,445117.777514798,,,,,,서울특별시 영등포구 도림동 ***-* 타원벨라움,37.5082307,126.8961865
257,3220000,322000001320210009,20210715,,1,영업/정상,0,정상,,,,,,,,서울특별시 강남구 역삼동 ***-**,서울특별시 강남구 도곡로**길 ** ***호 (역삼동),6256.0,931스토어,20210715150905,I,2020-12-06 23:07:00.0,,203154.476449788,443324.740342664,,,,,,서울특별시 강남구 역삼동 ***-**,37.4999072,127.0373932
258,3040000,304000001320210002,20210723,,1,영업/정상,0,정상,,,,,,,,서울특별시 광진구 능동 ***-** 능동 하늘집,서울특별시 광진구 능동로**길 *** 능동 하늘집 *층 ***호 (능동),4987.0,우연컴퍼니,20210723180435,I,2020-12-06 22:05:00.0,,207434.987336067,450238.049488009,,,,,,서울특별시 광진구 능동 ***-** 능동 하늘집,37.5544161,127.0849502
259,3180000,318000001320210004,20210726,,1,영업/정상,0,정상,,,,,02-843-6691,,,서울특별시 영등포구 대림동 ***-**,서울특별시 영등포구 대림로**길 ** *층 (대림동),7381.0,옥이커피,20210726175051,I,2020-12-06 22:08:00.0,,190933.354140475,444346.777416496,,,,,,서울특별시 영등포구 대림동 ***-**,37.4955091,126.899438
260,3000000,300000001320210002,20210727,,1,영업/정상,0,정상,,,,,,,,서울특별시 종로구 창신동 ***-** 삼우텍스프라자,서울특별시 종로구 지봉로 ** 삼우텍스프라자 (창신동),3121.0,란제리하우스,20210727110011,I,2020-12-06 22:09:00.0,,201273.887781838,452163.292543039,,,,,,서울특별시 종로구 창신동 ***-** 삼우텍스프라자,37.5717571,127.0152713
261,3100000,310000001320210001,20210729,,1,영업/정상,0,정상,,,,,070-4118-0711,,,서울특별시 노원구 상계동 *** 상계주공*단지아파트 상가동 ***호,서울특별시 노원구 동일로 **** 상가동 ***호 (상계동 상계주공*단지아파트),1690.0,타입비,20210729170725,I,2020-12-06 21:01:00.0,,205264.637477558,461827.579520796,,,,,,서울특별시 노원구 상계동 *** 상계주공*단지아파트 상가동 ***호,37.6695236,127.0583199
262,3220000,322000001320210010,20210730,,1,영업/정상,0,정상,,,,,070-4351-3000,,,서울특별시 강남구 역삼동 ***-** 영빌딩,서울특별시 강남구 테헤란로**길 ** 영빌딩 *층 (역삼동),6222.0,(주)레이바이오에이치앤비,20210730100639,I,2020-12-08 00:01:00.0,,203529.413259327,444231.985812056,,,,,,서울특별시 강남구 역삼동 ***-** 영빌딩,37.4945588,127.0357472
263,3160000,316000001320140002,20141124,,1,영업/정상,0,정상,,,,,,,,서울특별시 구로구 구로동 **-* 스페스큐브 ***호,서울특별시 구로구 가마산로 *** *층 ***호 (구로동 스페스큐브),8307.0,(주)모든통상,20210803163729,U,2020-12-08 00:05:00.0,,189925.846221375,443503.181948403,,,,,,서울특별시 구로구 구로동 **-* 스페스큐브 ***호,37.4969504,126.8926193
264,3010000,301000001320200004,20200914,,1,영업/정상,0,정상,,,,,02-709-0191,,,서울특별시 중구 남대문로*가 **-** 연세대학교 세브란스빌딩,서울특별시 중구 통일로 ** 연세대학교 세브란스빌딩 **층 (남대문로*가),4527.0,한국베링거인겔하임동물약품(주),20210804115158,U,2020-12-08 00:06:00.0,,197612.995083649,450539.857693464,,,,,,서울특별시 중구 남대문로*가 **-** 연세대학교 세브란스빌딩,37.5570572,126.9736211
265,3150000,315000001320210003,20210810,,1,영업/정상,0,정상,,,,,02-2697-8887,13.68,,서울특별시 강서구 화곡동 **-*** 금산빌,서울특별시 강서구 까치산로*길 **-**(화곡동 금산빌),7725.0,(주)한울피앤케이,20210810111705,I,2020-12-07 23:02:00.0,,186489.058159732,448637.060822921,,,,,,서울특별시 강서구 화곡동 **-*** 금산빌,37.546622,126.8489508
266,3210000,321000001320210002,20210811,,1,영업/정상,0,정상,,,,,070-8676-1711,,,서울특별시 서초구 서초동 ****-* LG서초에클라트,서울특별시 서초구 반포대로**길 ** LG서초에클라트 **층 ****호 (서초동),6651.0,심콩캣,20210811203003,I,2020-12-07 23:03:00.0,,201213.64069933,442739.647017252,,,,,,서울특별시 서초구 서초동 ****-* LG서초에클라트,37.486823,127.0148293
267,3130000,313000001320210007,20210819,,1,영업/정상,0,정상,,,,,,,,서울특별시 마포구 신수동 *** 밤섬경남아너스빌,서울특별시 마포구 독막로**길 ** b***-***층 (신수동 밤섬경남아너스빌),4089.0,키즈밋인터네셔널,20210819152651,I,2020-12-07 22:01:00.0,,194301.304865904,449388.053900946,,,,,,서울특별시 마포구 신수동 *** 밤섬경남아너스빌,37.54661979999999,126.9362797
268,3110000,311000001320210001,20210823,,1,영업/정상,0,정상,,,,,,,,서울특별시 은평구 진관동 ** 은평뉴타운 상림마을 ***동 ***호,서울특별시 은평구 진관*로 **-** ***동 ***호 (진관동 은평뉴타운 상림마을),3303.0,하울,20210823133510,I,2020-12-07 22:05:00.0,,193847.429070457,460006.426256932,,,,,,서울특별시 은평구 진관동 ** 은평뉴타운 상림마을 ***동 ***호,37.64223339999999,126.9231143
269,3030000,303000001320210004,20210827,,1,영업/정상,0,정상,,,,,02-2282-5131,,,서울특별시 성동구 금호동*가 ***-*,서울특별시 성동구 독서당로 ***(금호동*가),4737.0,올리고365성동지사,20210827160234,I,2020-12-07 22:09:00.0,,201870.41665148,449531.347914852,,,,,,서울특별시 성동구 금호동*가 ***-*,37.5543643,127.0244491
