,park,beauty,equip,food,hospital,manage,pharmacy,sell,dbscan_cluster
0,3,0,2,4,1,0,0,5,-1
1,3,0,2,4,1,0,0,5,-1
2,4,0,2,6,1,0,0,5,-1
3,4,0,2,6,0,0,0,5,-1
4,4,0,2,6,0,0,0,5,-1
5,4,0,2,6,0,0,0,5,-1
6,4,0,2,6,0,0,1,5,-1
7,4,0,3,4,0,0,1,5,-1
8,4,0,5,4,0,0,2,5,-1
9,4,0,5,7,0,0,2,5,-1
10,4,1,5,7,1,1,2,9,-1
11,4,2,6,7,2,2,2,9,-1
12,4,3,6,7,2,3,2,9,-1
13,4,3,6,7,2,3,2,7,-1
14,3,3,6,7,2,3,2,7,-1
15,3,3,6,8,2,3,4,7,-1
16,3,3,6,8,2,3,5,7,-1
17,3,3,4,8,2,3,6,7,-1
18,3,3,4,8,2,3,7,7,-1
19,3,3,4,8,2,3,7,7,-1
20,3,3,4,9,2,3,8,7,-1
21,3,2,4,9,2,2,8,5,-1
22,4,2,3,9,2,2,8,5,-1
23,3,2,3,6,2,2,8,5,-1
24,3,2,4,6,2,2,8,5,-1
25,3,2,4,6,2,2,8,5,-1
26,5,2,4,6,2,2,8,5,-1
27,5,2,4,4,2,2,8,5,0
28,5,2,4,3,2,2,8,5,0
29,5,2,4,3,2,2,8,4,0
30,5,2,4,2,2,2,7,4,0
31,5,2,4,3,2,2,8,4,0
32,5,2,4,3,2,2,8,5,0
33,5,2,4,3,2,2,8,5,0
34,5,2,4,3,2,2,8,5,0
35,5,2,3,3,2,2,7,5,0
36,5,2,2,3,2,2,5,5,3
37,5,2,2,3,2,2,5,5,3
38,5,2,2,4,3,2,5,5,3
39,5,2,1,4,3,2,4,5,3
40,5,2,1,4,3,2,3,5,-1
41,5,0,1,4,2,0,3,3,-1
42,5,1,1,4,1,0,3,1,-1
43,5,1,1,4,1,0,3,2,-1
44,5,1,1,4,1,0,3,2,-1
45,5,1,1,4,1,0,3,2,-1
46,5,1,1,4,1,0,3,2,-1
47,5,1,1,3,1,0,3,2,-1
48,5,2,1,3,1,0,3,3,-1
49,5,3,1,3,2,0,3,4,-1
50,5,3,1,3,2,0,2,4,-1
51,4,3,1,2,2,0,2,4,-1
52,4,3,1,2,2,0,2,4,-1
53,4,3,1,2,2,0,2,3,-1
54,4,4,1,0,2,0,2,4,-1
55,3,3,1,0,1,0,3,4,-1
56,3,0,2,3,1,0,0,5,-1
57,3,0,2,4,1,0,0,5,-1
58,3,0,2,4,0,0,0,5,-1
59,4,0,2,6,0,0,0,5,-1
60,4,0,2,4,0,0,0,5,-1
61,4,0,2,4,0,0,0,5,-1
62,4,0,2,4,0,0,1,5,-1
63,4,0,2,4,0,0,1,5,-1
64,4,0,4,4,0,0,2,5,-1
65,4,2,5,4,1,2,2,7,-1
66,4,2,5,4,1,2,2,9,-1
67,4,3,5,4,2,3,2,11,-1
68,4,3,5,7,2,3,2,7,-1
69,3,3,5,7,2,3,2,7,-1
70,3,3,5,7,2,3,2,7,-1
71,3,3,5,7,2,3,2,7,-1
72,3,3,4,8,2,3,2,7,-1
73,3,3,3,8,2,3,3,7,-1
74,3,3,3,8,2,3,5,7,-1
75,3,3,3,8,2,3,7,7,-1
76,3,3,3,6,2,3,8,7,-1
77,3,3,3,6,2,3,8,7,-1
78,3,3,3,6,2,3,8,7,-1
79,5,3,3,6,2,3,8,7,-1
80,4,2,4,6,2,2,8,5,-1
81,4,2,4,6,2,2,8,5,-1
82,4,2,4,4,2,2,8,5,-1
83,5,2,4,4,2,2,7,5,0
84,5,2,4,3,2,2,7,5,0
85,5,2,4,2,2,2,7,4,0
86,5,2,4,2,2,2,7,4,0
87,5,2,4,2,2,2,7,5,0
88,5,2,4,3,2,2,8,5,0
89,5,2,4,3,2,2,8,5,0
90,5,2,4,3,2,2,6,5,0
91,5,2,3,3,2,2,6,5,0
92,5,2,2,4,3,2,6,5,-1
93,5,2,2,4,3,2,5,5,3
94,5,2,2,4,3,2,5,5,3
95,5,2,1,4,3,2,3,5,-1
96,5,3,1,4,3,2,2,5,-1
97,5,1,1,4,2,0,3,3,-1
98,5,1,1,4,1,0,3,1,-1
99,5,1,1,4,1,0,3,1,-1
100,5,1,1,4,1,0,3,1,-1
101,5,1,1,4,1,0,3,1,-1
102,5,1,1,3,1,0,3,1,-1
103,5,2,1,3,1,0,3,3,-1
104,5,3,1,3,2,0,3,4,-1
105,5,3,1,3,2,0,3,4,-1
106,4,3,1,3,2,0,2,4,-1
107,4,3,1,2,2,0,2,3,-1
108,4,3,1,1,2,0,2,3,-1
109,4,4,1,1,2,0,3,4,-1
110,4,5,1,1,2,1,3,5,-1
111,4,5,1,1,2,1,3,5,-1
112,3,0,2,1,0,0,0,5,1
113,3,0,2,1,0,0,0,5,1
114,3,0,2,2,0,0,0,5,1
115,3,0,2,2,0,0,0,5,1
116,4,0,2,2,0,0,0,5,1
117,4,0,2,4,0,0,1,5,-1
118,4,0,2,4,0,0,1,5,-1
119,4,1,2,4,0,1,2,7,-1
120,4,1,3,4,0,1,2,7,-1
121,4,2,5,4,1,2,2,7,-1
122,4,2,5,4,1,2,2,9,-1
123,4,2,5,4,2,2,2,11,-1
124,3,3,5,4,2,3,2,7,-1
125,3,3,5,4,2,3,2,7,-1
126,3,3,5,4,2,3,2,7,-1
127,3,3,5,4,2,3,2,7,-1
128,3,3,4,5,2,3,2,7,-1
129,3,3,3,5,2,3,2,7,-1
130,3,3,3,5,2,3,3,7,-1
131,3,3,3,5,2,3,3,7,-1
132,4,3,3,6,2,3,4,7,-1
133,4,3,3,6,2,3,7,7,-1
134,4,3,3,6,2,3,7,7,-1
135,5,3,3,6,2,3,7,7,-1
136,5,3,4,4,2,3,7,7,-1
137,4,3,4,4,2,3,7,7,-1
138,4,2,4,4,2,2,7,5,0
139,5,2,4,3,2,2,7,5,0
140,5,2,4,2,2,2,7,5,0
141,5,2,4,2,2,2,7,4,0
142,5,2,4,2,2,2,7,5,0
143,5,2,4,2,2,2,5,5,-1
144,5,2,4,2,2,2,6,5,0
145,5,2,4,2,2,2,6,5,0
146,5,2,3,3,2,2,6,5,0
147,5,2,2,4,3,2,6,5,-1
148,5,2,2,4,3,2,6,5,-1
149,5,2,2,4,3,2,4,5,3
150,5,3,2,4,3,2,4,5,3
151,5,3,1,4,3,2,3,5,-1
152,5,3,1,4,3,2,3,5,-1
153,5,1,1,4,2,0,3,3,-1
154,5,1,1,4,1,0,3,1,-1
155,5,1,1,4,1,0,3,1,-1
156,5,1,1,4,1,0,3,1,-1
157,5,1,1,4,1,0,3,1,-1
158,5,2,1,3,1,0,3,2,-1
159,5,3,1,3,2,0,3,3,-1
160,4,3,1,3,2,0,3,3,-1
161,4,3,1,3,2,0,2,3,-1
162,4,3,1,2,2,0,2,3,-1
163,4,3,1,1,2,0,2,3,-1
164,4,4,1,1,2,0,3,4,-1
165,4,5,1,1,2,1,3,6,-1
166,4,5,1,1,2,1,3,6,-1
167,4,5,0,1,2,1,3,5,-1
168,3,0,2,1,0,0,0,5,1
169,3,0,2,1,0,0,0,5,1
170,3,0,2,1,0,0,0,5,1
171,3,0,2,2,0,0,0,5,1
172,3,0,2,2,0,0,0,5,1
173,4,0,2,2,0,0,1,5,-1
174,4,1,2,4,0,1,1,7,-1
175,4,1,2,4,0,1,2,7,-1
176,4,1,3,4,0,1,2,7,-1
177,4,1,3,4,1,1,2,7,-1
178,4,2,4,4,1,2,2,9,-1
179,3,2,5,4,2,2,2,11,-1
180,3,3,5,4,2,3,2,7,-1
181,3,3,5,4,2,3,2,7,-1
182,3,3,5,4,2,3,2,7,-1
183,3,3,4,4,2,3,2,7,-1
184,3,3,4,4,2,3,2,7,-1
185,3,3,3,5,2,3,2,7,-1
186,4,3,3,5,2,3,2,7,-1
187,4,3,3,5,2,3,2,7,-1
188,4,3,3,6,2,3,3,7,-1
189,4,3,3,6,2,3,3,7,-1
190,4,3,3,4,2,3,4,7,-1
191,5,3,3,4,2,3,5,7,-1
192,5,3,4,4,2,3,5,7,-1
193,5,3,4,4,2,3,5,7,-1
194,4,3,4,3,2,3,5,7,-1
195,4,3,4,2,2,3,5,7,-1
196,5,2,4,2,2,2,5,4,-1
197,5,2,4,2,2,2,5,5,-1
198,5,2,4,2,2,2,5,5,-1
199,5,2,4,2,2,2,5,5,-1
200,5,2,3,2,2,2,5,5,-1
201,5,2,3,2,2,2,6,5,-1
202,5,2,2,3,3,2,6,5,-1
203,5,2,2,3,3,2,5,5,3
204,5,2,2,4,3,2,5,5,3
205,5,3,2,4,3,2,3,5,-1
206,5,3,2,4,3,2,4,5,3
207,5,3,1,4,3,2,3,5,-1
208,5,2,1,4,3,1,3,5,-1
209,5,1,1,4,2,0,3,1,-1
210,5,1,1,4,1,0,3,1,-1
211,5,1,1,4,1,0,3,1,-1
212,5,1,1,4,1,0,3,1,-1
213,5,2,1,3,1,0,3,1,-1
214,5,3,1,3,2,0,3,3,-1
215,4,3,1,3,2,0,3,3,-1
216,4,3,1,2,2,0,2,3,-1
217,4,3,1,2,2,0,2,3,-1
218,4,3,1,2,2,0,2,3,-1
219,4,4,1,1,2,0,3,4,-1
220,4,5,1,1,2,1,3,6,-1
221,4,5,1,1,2,1,3,6,-1
222,4,5,1,1,2,1,3,6,-1
223,4,5,0,1,2,1,3,6,-1
224,3,0,2,0,0,0,0,5,1
225,3,0,2,1,0,0,0,5,1
226,3,0,2,1,0,0,0,5,1
227,3,0,2,1,0,0,0,5,1
228,3,0,2,2,0,0,0,5,1
229,3,1,2,2,0,1,1,7,-1
230,3,1,2,2,0,1,1,7,-1
231,4,1,2,2,0,1,2,7,-1
232,4,1,3,2,0,1,2,7,-1
233,4,1,3,4,0,1,2,7,-1
234,4,2,3,4,1,2,2,9,-1
235,3,2,4,4,1,2,2,7,-1
236,3,2,5,4,2,2,2,7,-1
237,3,3,5,4,2,3,2,7,-1
238,3,3,4,4,2,3,2,7,-1
239,3,3,4,4,2,3,2,7,-1
240,4,3,3,4,2,3,2,7,2
241,4,3,3,5,2,3,2,7,-1
242,4,3,3,5,2,3,2,7,-1
243,4,3,3,3,2,3,2,7,2
244,4,3,3,4,2,3,2,7,2
245,4,3,3,4,2,3,2,7,2
246,4,3,3,4,2,3,2,7,2
247,4,3,3,4,2,3,4,7,-1
248,5,3,3,4,2,3,4,7,-1
249,5,3,4,3,2,3,4,7,-1
250,5,3,4,2,2,3,4,7,2
251,4,3,4,2,2,3,5,6,-1
252,4,3,4,2,2,3,5,7,-1
253,4,2,4,2,2,2,5,5,-1
254,5,2,4,2,2,2,5,5,-1
255,5,2,3,2,2,2,5,5,-1
256,5,2,3,2,2,2,4,5,-1
257,5,2,2,3,3,2,3,5,3
258,5,2,2,3,3,2,4,5,3
259,5,2,2,3,3,2,4,5,3
260,5,3,2,3,3,2,4,5,3
261,5,3,2,3,3,2,3,5,3
262,5,3,2,3,3,2,4,5,3
263,5,2,1,3,3,1,3,5,-1
264,5,2,1,3,3,1,4,5,3
265,5,1,1,3,1,0,5,1,-1
266,5,1,1,3,1,0,5,1,-1
267,5,1,1,3,1,0,5,1,-1
268,5,1,1,3,1,0,4,1,-1
269,5,2,1,2,1,0,4,2,-1
270,4,3,1,2,2,0,3,3,-1
271,4,3,1,2,2,0,2,3,-1
272,4,3,3,2,2,0,2,3,-1
273,4,3,3,2,2,0,2,3,-1
274,4,4,3,2,2,0,3,4,-1
275,4,4,3,1,2,0,3,4,-1
276,4,5,3,1,2,1,3,6,-1
277,4,5,3,1,2,1,3,6,-1
278,4,5,3,1,2,1,3,6,-1
279,4,5,2,1,2,1,3,6,-1
280,3,0,2,0,0,0,0,4,1
281,3,0,2,0,0,0,0,5,1
282,3,0,2,1,0,0,0,5,1
283,3,0,2,1,0,0,0,5,1
284,3,1,2,1,0,1,0,7,-1
285,3,1,2,2,0,1,1,7,-1
286,3,1,2,2,0,1,1,7,-1
287,3,1,2,2,0,1,1,7,-1
288,4,1,3,2,0,1,2,7,-1
289,4,1,3,2,0,1,2,7,-1
290,3,2,3,2,1,2,2,9,-1
291,3,2,3,2,1,2,2,7,-1
292,3,2,3,2,2,2,2,7,-1
293,3,2,3,2,2,2,2,7,-1
294,4,3,4,2,2,3,2,7,2
295,4,3,4,2,2,3,2,7,2
296,4,3,3,2,2,3,2,7,2
297,4,3,3,2,2,3,2,7,2
298,4,3,3,3,2,3,2,7,2
299,4,3,3,3,2,3,2,7,2
300,4,3,3,4,2,3,2,7,2
301,4,3,3,4,2,3,2,7,2
302,4,3,3,4,2,3,2,7,2
303,4,3,3,4,2,3,2,7,2
304,5,3,3,3,2,3,3,7,2
305,5,3,4,2,2,3,3,7,2
306,5,3,4,2,2,3,3,6,2
307,5,3,4,2,2,3,3,6,2
308,4,3,4,2,2,3,3,7,2
309,4,3,3,2,2,3,3,7,2
310,4,2,3,2,2,2,3,5,-1
311,5,2,2,2,2,2,3,5,-1
312,5,2,2,3,3,2,3,5,3
313,5,2,2,3,3,2,3,5,3
314,5,2,2,3,3,2,3,5,3
315,5,3,2,3,3,2,4,5,3
316,5,3,2,3,3,2,6,5,-1
317,5,3,2,3,3,2,6,5,-1
318,5,2,2,3,3,1,6,5,-1
319,5,2,1,3,3,1,7,5,-1
320,5,2,1,4,2,1,7,3,-1
321,5,1,1,4,1,0,7,1,-1
322,5,1,1,4,1,0,7,1,-1
323,5,1,1,4,1,0,7,1,-1
324,4,2,1,3,1,0,7,1,-1
325,4,3,3,3,2,0,7,3,-1
326,4,3,3,3,2,0,6,3,-1
327,4,3,3,3,2,0,6,3,-1
328,4,3,3,3,2,0,6,3,-1
329,4,4,3,3,2,0,4,4,-1
330,4,4,3,3,2,0,3,4,-1
331,4,5,3,1,2,1,3,6,-1
332,4,5,3,1,2,1,3,6,-1
333,4,5,3,1,2,1,3,6,-1
334,4,5,3,1,2,1,3,6,-1
335,4,5,2,1,2,1,3,6,-1
336,3,0,2,0,0,0,0,4,1
337,3,0,2,0,0,0,0,4,1
338,3,0,2,0,0,0,0,5,1
339,3,1,2,1,0,1,0,7,-1
340,3,1,2,1,0,1,0,7,-1
341,3,1,2,1,0,1,0,7,-1
342,3,1,2,1,0,1,1,7,-1
343,3,1,2,2,0,1,1,7,-1
344,3,1,3,2,0,1,2,7,-1
345,2,1,3,2,0,1,2,7,-1
346,3,2,3,2,1,2,2,7,-1
347,3,2,3,2,1,2,2,7,-1
348,4,2,2,2,1,2,2,5,-1
349,4,2,2,2,2,2,2,7,2
350,4,2,2,2,2,2,2,7,2
351,4,3,2,2,2,3,2,7,2
352,4,3,2,2,2,3,2,7,2
353,4,3,3,2,2,3,2,7,2
354,4,3,3,2,2,3,2,7,2
355,4,3,3,3,2,3,2,7,2
356,4,3,3,3,2,3,2,7,2
357,4,3,3,4,2,3,2,7,2
358,4,3,3,4,2,3,2,7,2
359,4,3,3,2,2,3,2,7,2
360,4,3,3,2,2,3,2,7,2
361,5,3,3,2,2,3,3,6,2
362,5,3,3,2,2,3,3,6,2
363,5,3,3,2,2,3,3,7,2
364,5,3,3,2,2,3,3,7,2
365,4,3,2,2,2,3,3,7,2
366,4,3,2,2,2,3,3,7,2
367,4,2,2,3,2,2,3,5,-1
368,5,2,2,3,3,2,3,5,3
369,5,2,2,3,3,2,3,5,3
370,5,3,2,3,3,2,5,5,3
371,5,3,2,3,3,2,5,5,3
372,5,3,2,3,3,2,9,5,-1
373,5,2,2,4,3,1,8,5,-1
374,5,2,2,4,3,1,8,5,-1
375,5,2,1,4,3,1,7,5,-1
376,5,1,1,4,1,0,7,1,-1
377,5,1,1,4,1,0,7,1,-1
378,4,1,1,4,1,0,7,1,-1
379,4,1,3,3,1,0,7,1,-1
380,4,2,3,3,1,0,7,2,-1
381,4,3,3,3,2,0,6,3,-1
382,4,3,3,3,2,0,6,3,-1
383,4,3,3,3,2,0,6,3,-1
384,4,3,3,3,2,0,7,3,-1
385,4,4,3,3,2,0,7,4,-1
386,4,5,3,2,2,1,7,6,-1
387,4,5,3,2,2,1,6,7,-1
388,4,6,3,2,3,1,3,7,-1
389,4,6,3,2,3,1,3,7,-1
390,4,6,2,1,3,1,3,7,-1
391,4,6,2,1,3,1,3,7,-1
392,3,0,2,0,0,0,0,4,1
393,3,0,2,0,0,0,0,4,1
394,3,1,2,0,0,1,0,6,-1
395,3,1,2,0,0,1,0,6,-1
396,3,1,2,0,0,1,0,7,-1
397,3,1,2,1,0,1,0,7,-1
398,3,1,2,1,0,1,1,7,-1
399,3,1,2,1,0,1,1,7,-1
400,2,1,3,1,0,1,2,7,-1
401,2,1,3,1,0,1,2,5,-1
402,2,1,2,2,0,1,2,5,-1
403,3,2,2,2,1,2,2,7,-1
404,4,2,2,2,1,2,2,5,-1
405,4,2,2,2,1,2,2,5,-1
406,4,2,1,2,2,2,2,7,2
407,4,2,1,2,2,2,2,7,2
408,4,2,1,2,2,2,2,7,2
409,4,3,1,2,2,3,2,7,2
410,4,3,2,2,2,3,2,7,2
411,4,3,2,2,2,3,2,7,2
412,4,3,2,2,2,3,2,7,2
413,4,3,2,2,2,3,2,7,2
414,4,3,2,2,2,3,2,7,2
415,4,3,2,2,2,3,2,7,2
416,4,3,2,2,2,3,2,6,2
417,5,3,1,2,2,3,2,6,2
418,5,3,2,2,2,3,2,6,2
419,5,3,2,2,2,3,3,7,2
420,5,3,2,2,2,3,3,7,2
421,4,3,2,2,2,3,3,7,2
422,4,3,2,2,2,3,3,7,2
423,4,2,2,3,3,2,3,5,3
424,4,2,2,3,3,2,5,5,3
425,5,2,2,3,3,2,5,5,3
426,5,3,2,3,3,2,7,5,-1
427,5,2,2,3,3,1,7,5,-1
428,5,2,2,4,3,1,7,5,-1
429,5,2,2,4,3,1,7,5,-1
430,5,2,2,4,3,1,7,5,-1
431,5,2,1,4,2,1,7,3,-1
432,4,1,1,4,1,0,7,1,-1
433,4,1,1,4,1,0,7,1,-1
434,4,1,3,3,1,0,7,1,-1
435,4,1,3,3,1,0,6,1,6
436,4,3,3,3,2,0,6,3,-1
437,4,3,3,3,2,0,6,3,-1
438,4,3,3,3,2,0,6,3,-1
439,4,3,3,3,2,0,6,3,-1
440,4,4,3,3,2,0,7,5,-1
441,4,5,3,3,3,0,7,5,-1
442,4,6,3,2,3,1,7,7,-1
443,4,6,3,2,3,1,7,7,-1
444,4,6,3,2,3,1,7,7,-1
445,4,6,2,2,3,1,6,7,-1
446,4,6,2,2,3,1,2,7,-1
447,4,6,2,2,3,1,2,7,-1
448,3,0,2,0,0,0,0,4,1
449,3,0,2,0,0,0,0,4,1
450,3,1,2,0,0,1,0,6,-1
451,3,1,2,0,0,1,0,6,-1
452,3,1,2,0,0,1,0,6,-1
453,3,1,2,0,0,1,0,7,-1
454,2,1,2,0,0,1,1,7,-1
455,2,1,2,0,0,1,1,7,-1
456,2,1,1,1,0,1,1,5,-1
457,3,1,2,1,0,1,2,5,-1
458,3,1,2,1,0,1,2,5,-1
459,3,2,2,1,1,2,2,3,-1
460,3,2,2,1,1,2,2,5,4
461,3,2,1,1,1,2,2,5,4
462,4,2,1,1,1,2,2,5,4
463,4,2,1,1,2,2,2,7,4
464,4,2,1,1,2,2,2,7,4
465,4,2,1,1,2,2,2,7,4
466,4,2,1,0,2,2,2,7,4
467,4,3,1,0,2,3,2,7,4
468,4,3,1,0,2,3,2,7,4
469,4,3,1,0,2,3,2,7,4
470,4,3,1,2,2,3,2,6,2
471,4,3,1,2,2,3,2,6,2
472,4,3,1,2,2,3,2,6,2
473,4,3,1,2,2,3,2,6,2
474,5,3,1,2,2,3,2,6,2
475,5,3,2,2,2,3,2,7,2
476,5,3,2,2,2,3,2,7,2
477,5,3,2,2,2,3,2,7,2
478,4,3,2,2,2,3,3,7,2
479,4,3,2,3,3,3,5,7,-1
480,4,2,2,3,3,2,5,5,3
481,4,2,2,3,3,1,7,5,-1
482,4,2,2,4,3,1,7,5,-1
483,5,2,2,4,3,1,7,5,-1
484,5,2,2,4,3,1,7,5,-1
485,5,2,2,4,3,1,7,5,-1
486,4,2,2,4,2,1,6,3,-1
487,4,1,1,4,1,0,6,1,-1
488,4,1,1,3,1,0,5,1,6
489,4,1,3,3,1,0,6,1,6
490,4,1,3,3,1,0,6,1,6
491,4,1,3,3,1,0,6,1,6
492,4,3,3,3,2,0,6,3,-1
493,4,3,3,3,2,0,6,3,-1
494,4,3,3,3,2,0,6,4,-1
495,4,4,3,3,3,0,7,4,-1
496,4,5,3,3,3,0,7,5,-1
497,4,5,3,2,3,0,7,5,-1
498,4,6,3,2,3,1,7,7,-1
499,4,6,3,2,3,1,7,7,-1
500,4,6,2,2,3,1,6,7,-1
501,4,6,2,2,3,1,6,7,-1
502,4,6,2,2,3,1,5,7,-1
503,4,6,2,2,3,1,2,7,-1
504,3,0,1,0,0,0,0,4,-1
505,3,1,1,0,0,1,0,6,-1
506,3,1,1,0,0,1,0,6,-1
507,3,1,1,0,0,1,0,6,-1
508,3,1,1,0,0,1,0,6,-1
509,2,1,1,0,0,1,0,6,-1
510,2,1,1,0,0,1,0,4,-1
511,2,1,1,0,0,1,1,4,-1
512,3,1,1,0,0,1,1,5,-1
513,3,1,2,0,0,1,2,5,-1
514,3,1,2,0,0,1,2,5,-1
515,3,1,2,0,0,1,2,3,-1
516,3,2,1,0,1,2,2,5,4
517,3,2,1,0,1,2,2,5,4
518,3,2,1,0,1,2,2,5,4
519,3,2,1,0,1,2,2,5,4
520,3,2,1,0,2,2,2,7,4
521,4,2,1,0,2,2,2,7,4
522,4,2,1,0,2,2,2,7,4
523,4,2,1,0,2,2,2,7,4
524,4,2,1,0,2,2,2,6,4
525,4,2,1,0,2,2,2,6,4
526,4,3,1,0,2,3,2,6,4
527,4,3,1,1,2,3,2,6,2
528,4,3,1,2,2,3,2,6,2
529,4,3,1,2,2,3,2,6,2
530,5,3,1,2,2,3,2,6,2
531,5,3,1,2,2,3,2,7,2
532,5,3,2,2,2,3,2,7,2
533,5,3,2,2,2,3,2,7,2
534,4,2,2,3,2,2,4,7,-1
535,4,2,2,3,3,2,4,7,-1
536,4,1,2,3,3,1,6,5,-1
537,4,2,2,4,3,1,6,5,-1
538,4,2,2,4,3,1,6,5,-1
539,4,2,2,4,3,1,5,5,-1
540,4,2,2,4,2,1,6,3,-1
541,4,2,2,4,2,1,5,3,-1
542,4,1,1,3,1,0,5,1,6
543,4,1,1,3,1,0,5,1,6
544,4,1,3,3,1,0,5,1,6
545,4,1,3,3,1,0,5,1,6
546,4,1,3,3,1,0,5,1,6
547,4,1,3,3,1,0,5,1,6
548,4,3,3,3,2,0,5,3,-1
549,4,4,3,3,3,0,5,4,-1
550,4,4,3,3,3,0,5,4,-1
551,4,4,3,3,3,0,6,4,-1
552,4,5,3,2,3,0,6,5,-1
553,4,5,3,2,3,0,6,5,-1
554,4,6,3,2,3,1,6,7,-1
555,4,6,2,2,3,1,6,7,-1
556,4,6,2,2,3,1,6,7,-1
557,4,6,2,2,3,1,6,7,-1
558,4,6,2,2,3,1,6,7,-1
559,3,6,2,2,3,1,5,7,-1
560,3,0,1,0,0,0,0,4,-1
561,3,1,1,0,0,1,0,6,-1
562,3,1,1,0,0,1,0,6,-1
563,3,1,1,0,0,1,0,6,-1
564,2,1,1,0,0,1,0,4,-1
565,2,1,1,0,0,1,0,4,-1
566,2,2,1,0,1,1,0,5,4
567,3,2,1,0,1,1,1,5,4
568,3,2,1,0,1,1,1,5,4
569,3,2,1,0,1,1,1,5,4
570,3,2,1,0,1,1,2,3,4
571,3,1,1,0,0,1,2,2,4
572,3,1,1,0,0,1,2,2,4
573,3,2,1,0,1,2,2,4,4
574,3,2,1,0,1,2,2,4,4
575,3,2,1,0,1,2,2,4,4
576,3,2,1,0,1,2,2,4,4
577,3,2,1,0,1,2,2,4,4
578,3,2,1,0,2,2,2,6,4
579,4,2,1,0,2,2,2,6,4
580,4,2,1,0,2,2,2,6,4
581,4,2,1,0,2,2,2,6,4
582,4,2,1,0,2,2,2,6,4
583,4,2,1,0,2,2,2,6,4
584,4,2,1,1,2,2,2,6,4
585,4,2,1,1,2,2,2,6,4
586,4,2,1,1,2,2,2,6,4
587,5,2,1,1,2,2,2,7,4
588,5,2,1,2,2,2,2,7,2
589,5,2,1,2,2,2,4,7,-1
590,5,2,2,3,3,2,4,7,-1
591,4,2,2,3,3,2,6,7,-1
592,4,2,2,4,3,2,6,7,-1
593,3,2,2,4,3,1,6,5,-1
594,3,2,2,3,3,1,6,3,-1
595,3,2,2,3,2,1,5,3,-1
596,3,2,2,3,2,1,5,3,-1
597,3,1,1,3,1,0,5,3,-1
598,4,1,1,3,1,0,5,1,6
599,4,1,3,3,1,0,5,1,6
600,4,1,3,3,1,0,5,1,6
601,4,1,3,3,1,0,5,1,6
602,4,1,3,3,1,0,5,1,6
603,4,1,3,3,1,0,5,1,6
604,4,4,3,3,3,0,5,4,-1
605,4,4,3,3,3,0,5,4,-1
606,4,4,3,3,3,0,5,4,-1
607,4,4,3,2,3,0,6,4,-1
608,4,5,3,2,3,0,6,5,-1
609,4,5,3,2,3,0,6,5,-1
610,4,6,2,2,3,1,6,7,-1
611,4,6,2,2,3,1,6,7,-1
612,3,6,2,2,3,1,6,7,5
613,3,6,2,2,3,2,6,7,5
614,3,6,2,2,3,2,6,7,5
615,3,6,2,2,3,2,7,7,5
616,2,0,1,0,0,0,0,2,4
617,2,1,1,0,0,1,0,4,-1
618,1,2,1,0,1,1,0,5,4
619,2,2,1,0,1,1,0,5,4
620,2,2,1,0,1,1,0,5,4
621,2,2,1,0,1,1,0,5,4
622,3,2,1,0,1,1,0,5,4
623,3,2,1,0,1,1,0,5,4
624,3,2,0,0,1,1,1,5,4
625,3,2,0,0,1,1,1,3,4
626,3,2,0,0,1,1,1,3,4
627,3,2,1,0,1,1,2,3,4
628,3,2,1,0,1,1,2,3,4
629,3,2,1,0,1,1,2,3,4
630,3,3,1,0,2,2,2,5,4
631,3,2,1,0,1,2,2,4,4
632,3,2,1,0,1,2,2,4,4
633,3,2,1,0,1,2,2,4,4
634,3,2,1,0,1,2,2,4,4
635,3,2,1,0,1,2,2,4,4
636,3,2,1,0,1,2,2,4,4
637,3,2,1,0,2,2,2,6,4
638,3,2,1,0,2,2,2,6,4
639,4,2,1,0,2,2,2,6,4
640,4,2,1,0,2,2,2,6,4
641,4,2,1,1,2,2,2,6,4
642,4,2,1,1,2,2,2,6,4
643,4,2,1,1,2,2,2,7,4
644,5,2,1,1,2,2,3,7,4
645,4,2,1,1,2,2,4,7,-1
646,4,2,1,2,3,2,6,7,-1
647,3,2,2,2,3,2,6,7,-1
648,3,2,2,3,2,2,6,5,-1
649,3,2,2,3,2,1,6,3,-1
650,3,2,2,3,2,1,5,3,-1
651,3,2,2,3,2,1,5,3,-1
652,3,1,2,3,1,0,5,1,6
653,3,1,1,3,1,0,5,1,6
654,3,1,1,3,1,0,5,1,6
655,3,1,3,3,1,0,5,1,6
656,4,1,3,3,1,0,5,1,6
657,4,1,3,3,1,0,5,1,6
658,4,1,3,3,1,0,5,1,6
659,4,2,3,3,2,0,5,2,6
660,4,4,3,3,3,0,5,3,-1
661,4,4,3,3,3,0,5,4,-1
662,4,4,3,2,3,0,5,4,-1
663,4,4,3,2,3,0,6,4,-1
664,4,5,2,2,3,0,6,5,-1
665,3,5,2,2,3,0,6,5,-1
666,3,6,2,2,3,1,6,7,5
667,3,6,2,2,3,1,6,7,5
668,3,6,2,2,3,2,7,7,5
669,3,6,2,2,3,2,7,7,5
670,3,6,2,2,3,2,8,7,5
671,3,7,2,2,4,2,8,8,-1
672,2,1,1,0,1,0,0,3,4
673,1,2,1,0,1,1,0,5,4
674,1,2,1,0,1,1,0,5,4
675,1,2,1,0,1,1,0,5,4
676,1,2,0,0,1,1,0,5,4
677,2,2,0,0,1,1,0,5,4
678,2,2,0,0,1,1,0,5,4
679,2,2,0,0,1,1,0,5,4
680,3,2,0,0,1,1,0,3,4
681,3,2,0,0,1,1,1,3,4
682,3,2,0,0,1,1,1,3,4
683,3,2,0,0,1,1,1,3,4
684,3,2,1,0,1,1,2,3,4
685,3,2,1,0,1,1,2,3,4
686,3,2,1,0,1,1,2,3,4
687,3,2,1,0,1,1,2,3,4
688,3,3,1,0,2,2,2,5,4
689,3,2,1,0,1,2,2,5,4
690,3,2,1,0,1,2,2,4,4
691,3,2,1,0,1,2,2,4,4
692,3,2,1,0,1,2,2,4,4
693,3,2,1,0,1,2,2,4,4
694,3,2,1,0,1,2,2,4,4
695,3,2,1,0,1,2,2,4,4
696,2,2,1,0,1,2,2,4,4
697,2,2,1,0,1,2,2,4,4
698,2,2,1,0,1,2,2,4,4
699,2,2,1,1,1,2,2,5,4
700,3,2,1,1,1,2,4,5,-1
701,4,2,1,1,1,2,6,5,-1
702,4,2,1,2,1,2,6,5,-1
703,4,2,1,3,2,2,6,5,-1
704,3,2,1,3,2,2,6,5,-1
705,3,2,1,3,2,1,5,3,-1
706,3,2,2,3,2,1,4,3,-1
707,3,1,2,3,1,0,4,1,6
708,3,1,1,3,1,0,5,1,6
709,3,1,1,3,1,0,5,1,6
710,3,1,3,3,1,0,5,1,6
711,3,1,3,3,1,0,5,1,6
712,3,1,3,3,1,0,5,1,6
713,3,1,3,3,1,0,5,1,6
714,4,2,3,3,2,0,5,2,6
715,3,2,3,3,2,0,5,2,6
716,3,2,3,2,2,0,5,2,6
717,3,4,3,2,3,0,5,4,-1
718,3,4,2,2,3,0,5,4,-1
719,3,4,2,2,3,0,6,4,-1
720,3,5,2,2,3,0,6,5,-1
721,3,5,2,2,3,0,6,5,-1
722,3,6,2,2,3,2,7,7,5
723,3,6,2,2,3,2,7,7,5
724,3,6,2,2,3,2,7,7,5
725,3,6,2,2,3,2,8,7,5
726,3,6,2,2,3,2,8,7,5
727,3,7,2,2,4,2,8,8,-1
728,1,1,0,0,1,0,0,3,4
729,1,2,0,0,1,1,0,5,4
730,1,2,0,0,1,1,0,5,4
731,1,2,0,0,1,1,0,5,4
732,2,2,0,0,1,1,0,5,4
733,2,2,0,0,1,1,0,5,4
734,2,2,0,0,1,1,0,5,4
735,2,2,0,0,1,1,0,3,4
736,2,2,0,0,1,1,0,3,4
737,2,2,0,0,1,1,0,3,4
738,2,2,0,0,1,1,0,3,4
739,2,2,0,0,1,1,1,3,4
740,2,2,0,0,1,1,1,3,4
741,2,2,1,0,1,1,1,3,4
742,2,2,1,0,1,1,2,3,4
743,2,2,1,0,1,1,2,3,4
744,2,2,1,0,1,1,2,3,4
745,2,2,1,0,1,1,2,3,4
746,2,3,1,0,2,2,2,5,4
747,2,2,1,0,1,2,2,4,4
748,2,2,1,0,1,2,2,4,4
749,2,2,1,0,1,2,2,4,4
750,2,2,1,0,1,2,2,4,4
751,2,2,1,0,1,2,2,4,4
752,2,2,1,0,1,2,2,4,4
753,2,2,1,0,1,2,2,4,4
754,2,2,1,0,1,2,2,4,4
755,2,2,1,0,1,2,3,5,4
756,2,2,1,0,1,2,4,5,4
757,3,2,1,1,1,2,6,5,-1
758,3,2,1,2,1,2,6,5,-1
759,3,2,1,3,2,2,6,5,-1
760,2,2,1,3,2,2,5,5,-1
761,2,1,1,3,1,0,4,1,6
762,2,1,0,3,1,0,4,1,6
763,2,1,0,3,1,0,4,1,6
764,2,1,0,3,1,0,5,1,6
765,2,1,0,3,1,0,5,1,6
766,2,1,2,3,1,0,5,1,6
767,2,1,2,3,1,0,5,1,6
768,2,1,2,3,1,0,5,1,6
769,2,2,2,3,2,0,5,2,6
770,2,2,2,2,2,0,5,2,6
771,2,2,2,2,2,0,5,2,6
772,2,2,2,2,2,0,5,2,6
773,3,4,2,2,3,0,5,4,-1
774,3,4,2,2,3,0,5,4,-1
775,3,4,2,2,3,0,6,4,-1
776,3,5,2,2,3,0,6,5,-1
777,3,5,2,2,3,1,7,5,-1
778,3,6,2,2,3,2,7,7,5
779,3,6,2,2,3,2,7,7,5
780,3,6,2,2,3,2,8,7,5
781,3,6,2,2,3,2,8,7,5
782,3,6,2,2,3,2,8,7,5
783,3,8,2,2,4,3,8,8,-1
784,1,1,0,0,1,0,0,3,4
785,1,2,0,0,1,1,0,5,4
786,1,2,0,0,1,1,0,5,4
787,2,2,0,0,1,1,0,5,4
788,2,2,0,0,1,1,0,5,4
789,2,2,0,0,1,1,0,3,4
790,2,2,0,0,1,1,0,3,4
791,2,2,0,0,1,1,0,3,4
792,2,2,0,0,1,1,0,3,4
793,2,2,0,0,1,1,0,3,4
794,2,2,0,0,1,1,0,3,4
795,2,2,0,0,1,1,0,3,4
796,2,2,0,0,1,1,1,3,4
797,2,2,0,0,1,1,1,3,4
798,2,2,1,0,1,1,1,3,4
799,2,2,1,0,1,1,2,3,4
800,2,2,1,0,1,1,2,3,4
801,2,2,1,0,1,1,2,3,4
802,2,2,1,0,1,1,2,3,4
803,2,2,1,0,1,1,2,3,4
804,2,1,1,0,0,1,2,2,4
805,2,2,1,0,1,2,2,4,4
806,2,2,1,0,1,2,2,4,4
807,2,2,1,0,1,2,2,4,4
808,2,2,1,0,1,2,2,4,4
809,2,2,1,0,1,2,2,4,4
810,2,2,1,0,1,2,2,4,4
811,2,2,1,0,1,2,4,4,4
812,2,2,1,0,1,2,4,5,4
813,2,2,1,0,1,2,6,5,-1
814,3,1,1,1,0,1,5,3,-1
815,3,1,1,2,1,1,4,3,-1
816,3,1,1,2,1,1,4,3,-1
817,2,1,0,2,1,0,4,1,6
818,2,1,0,2,1,0,4,1,6
819,2,1,0,2,1,0,4,1,6
820,2,1,0,2,1,0,5,1,6
821,2,1,2,2,1,0,5,1,6
822,2,1,2,2,1,0,5,1,6
823,2,1,2,2,1,0,5,1,6
824,2,1,2,2,1,0,5,1,6
825,2,2,2,2,2,0,5,2,6
826,2,2,2,2,2,0,5,2,6
827,2,2,2,2,2,0,5,2,6
828,2,2,2,2,2,0,5,2,6
829,2,2,2,2,2,0,5,2,6
830,2,4,2,2,3,0,5,4,-1
831,2,4,2,2,3,0,6,4,-1
832,3,4,2,2,3,0,7,4,-1
833,3,5,2,2,3,1,7,5,-1
834,3,6,2,2,3,2,7,7,5
835,3,6,2,2,3,2,8,7,5
836,3,6,2,2,3,2,8,7,5
837,3,6,2,2,3,2,8,7,5
838,3,7,2,2,3,3,8,7,-1
839,3,7,2,2,3,3,8,7,-1
840,1,1,0,0,1,0,0,3,4
841,1,3,0,0,1,1,0,6,-1
842,2,3,0,0,2,1,0,6,-1
843,2,3,0,0,2,1,1,4,4
844,2,3,0,0,2,1,1,4,4
845,2,3,0,0,2,1,1,4,4
846,2,3,0,0,2,1,1,4,4
847,2,3,0,0,2,1,1,4,4
848,2,3,0,0,2,1,1,4,4
849,2,3,0,0,2,1,1,4,4
850,2,3,0,0,2,1,0,4,4
851,2,3,0,0,2,1,0,4,4
852,2,3,0,0,1,1,0,4,4
853,2,2,0,0,1,1,0,3,4
854,2,2,0,0,1,1,1,3,4
855,2,2,0,0,1,1,1,3,4
856,2,2,1,0,1,1,1,3,4
857,2,2,1,0,1,1,1,3,4
858,2,2,1,0,1,1,2,3,4
859,2,2,1,0,1,1,2,3,4
860,2,2,1,0,1,1,2,3,4
861,2,1,1,0,0,1,2,2,4
862,2,1,1,0,0,1,2,2,4
863,2,1,1,0,0,1,2,2,4
864,2,1,1,0,0,1,2,2,4
865,2,1,1,0,0,1,2,2,4
866,2,1,1,0,0,1,2,2,4
867,2,1,1,0,0,1,4,2,-1
868,2,1,1,0,0,1,4,3,-1
869,2,1,1,0,0,1,4,3,-1
870,2,1,1,1,0,1,4,3,-1
871,3,1,0,2,1,1,4,3,-1
872,3,0,0,2,1,0,4,1,6
873,2,1,0,2,1,0,4,1,6
874,2,1,0,2,1,0,4,1,6
875,2,1,0,2,1,0,4,1,6
876,2,1,0,2,1,0,4,1,6
877,2,1,2,2,1,0,5,1,6
878,2,1,2,2,1,0,5,1,6
879,2,1,2,2,1,0,5,1,6
880,2,1,2,2,1,0,5,1,6
881,2,2,2,2,2,0,5,2,6
882,2,2,2,2,2,0,5,2,6
883,2,2,2,2,2,0,5,2,6
884,2,2,2,2,2,0,5,2,6
885,2,2,2,2,2,0,5,2,6
886,2,4,2,2,3,0,5,3,-1
887,2,4,2,2,3,0,6,4,-1
888,2,4,2,2,3,1,7,4,-1
889,2,5,2,2,3,1,7,5,-1
890,2,5,2,2,3,1,7,5,-1
891,2,6,2,2,3,2,8,7,5
892,3,6,2,2,3,2,8,7,5
893,3,7,2,2,3,3,8,7,-1
894,3,7,2,2,3,3,9,7,-1
895,3,7,2,2,3,3,9,9,-1
896,1,2,0,0,2,0,1,2,4
897,2,2,0,0,2,0,2,2,4
898,2,3,0,0,2,1,2,4,4
899,2,3,0,0,2,1,2,4,4
900,2,3,0,0,2,1,2,4,4
901,2,3,0,0,2,1,2,4,4
902,2,3,0,0,2,1,2,4,4
903,2,3,0,0,2,1,2,4,4
904,2,3,0,0,2,1,2,4,4
905,2,3,0,0,2,1,2,4,4
906,2,3,0,0,2,1,2,4,4
907,2,3,0,0,2,1,2,4,4
908,2,3,0,0,2,1,1,4,4
909,2,3,0,0,2,1,0,4,4
910,2,3,0,0,2,1,0,4,4
911,2,2,0,0,1,1,0,3,4
912,2,2,0,0,1,1,0,3,4
913,2,2,0,0,1,1,0,3,4
914,2,2,0,0,1,1,1,3,4
915,2,2,0,0,1,1,1,3,4
916,2,2,1,0,1,1,1,3,4
917,2,2,1,0,1,1,1,3,4
918,2,1,1,0,0,1,1,2,4
919,2,1,1,0,0,1,1,2,4
920,2,1,1,0,0,1,0,2,4
921,2,1,1,0,0,1,0,2,4
922,2,1,1,0,0,1,0,2,4
923,2,1,1,0,0,1,2,2,4
924,2,1,0,0,0,1,4,2,-1
925,2,1,0,0,0,1,4,3,-1
926,2,1,0,1,0,1,4,3,-1
927,2,1,0,1,0,1,4,3,-1
928,3,0,0,2,1,0,4,1,6
929,2,0,0,2,1,0,4,1,6
930,2,1,0,2,1,0,4,1,6
931,2,1,0,2,1,0,4,1,6
932,2,1,0,2,1,0,4,1,6
933,2,1,2,2,1,0,5,1,6
934,2,1,2,2,1,0,5,1,6
935,2,1,2,2,1,0,5,1,6
936,2,2,2,2,2,0,5,2,6
937,2,2,2,2,2,0,5,2,6
938,2,2,2,2,2,0,5,2,6
939,2,2,2,2,2,0,5,2,6
940,2,2,2,2,2,0,5,2,6
941,2,2,2,2,2,0,5,2,6
942,2,2,2,2,2,0,6,2,6
943,2,4,2,2,3,1,6,3,-1
944,2,4,2,2,3,1,7,4,-1
945,2,4,2,2,3,1,7,4,-1
946,2,5,2,2,3,1,8,5,-1
947,2,6,2,2,3,2,8,7,5
948,2,6,2,2,3,2,9,7,-1
949,2,7,2,2,3,3,9,7,-1
950,2,8,2,2,4,4,9,11,-1
951,2,8,2,2,4,4,10,11,-1
952,1,2,0,0,2,0,2,2,4
953,2,2,0,0,2,0,2,2,4
954,2,3,0,0,2,1,2,4,4
955,2,3,0,0,2,1,2,4,4
956,2,3,1,0,2,1,2,4,4
957,2,3,1,0,2,1,2,4,4
958,2,3,1,0,2,1,2,4,4
959,2,3,1,0,2,1,2,4,4
960,2,3,1,0,2,1,2,4,4
961,2,3,1,0,2,1,2,4,4
962,2,3,1,0,2,1,2,4,4
963,2,3,1,0,2,1,2,4,4
964,2,3,1,0,2,1,2,4,4
965,2,3,1,0,2,1,2,4,4
966,2,3,1,0,2,1,2,4,4
967,2,3,1,0,2,1,1,4,4
968,2,3,1,0,2,1,0,4,4
969,2,2,0,0,1,1,0,3,4
970,2,2,0,0,1,1,0,3,4
971,2,2,0,0,1,1,0,3,4
972,2,2,0,0,1,1,0,3,4
973,2,2,0,0,1,1,0,3,4
974,2,2,0,0,1,1,0,3,4
975,2,1,0,0,0,1,0,2,4
976,2,1,0,0,0,1,0,2,4
977,2,1,0,0,0,1,0,2,4
978,2,1,0,0,0,1,0,2,4
979,2,1,0,0,0,1,2,2,4
980,2,1,0,0,0,1,4,2,-1
981,2,1,0,0,0,1,4,2,-1
982,2,1,0,1,0,1,4,3,-1
983,2,0,0,1,0,0,4,1,6
984,2,0,0,2,0,0,4,1,6
985,2,0,0,2,1,0,4,1,6
986,2,1,0,2,1,0,4,1,6
987,2,1,0,2,1,0,4,1,6
988,2,1,0,2,1,0,4,1,6
989,2,1,2,2,1,0,4,1,6
990,2,1,2,2,1,0,5,1,6
991,2,1,2,2,1,0,5,1,6
992,2,2,2,2,2,0,5,2,6
993,2,2,2,2,2,0,5,2,6
994,2,2,2,2,2,0,5,2,6
995,2,2,2,2,2,0,5,2,6
996,2,2,2,2,2,0,5,2,6
997,2,2,2,2,2,0,5,2,6
998,2,2,2,2,2,0,6,2,6
999,2,2,2,2,2,1,6,2,6
1000,2,4,2,2,3,1,6,3,-1
1001,2,4,2,2,3,1,7,4,-1
1002,2,4,2,2,3,1,9,4,-1
1003,2,5,2,2,3,1,9,5,-1
1004,2,8,2,2,4,4,10,9,-1
1005,2,8,2,2,4,4,10,9,-1
1006,2,8,2,2,4,4,10,11,-1
1007,2,8,2,2,4,4,10,10,-1
1008,2,2,0,0,2,0,2,2,4
1009,2,2,0,0,2,0,2,2,4
1010,2,3,1,0,2,0,2,3,4
1011,2,4,1,0,3,1,2,5,4
1012,2,4,1,0,3,1,2,5,4
1013,2,4,1,0,3,1,2,5,4
1014,2,4,1,0,3,1,2,5,4
1015,2,4,1,0,3,1,2,5,4
1016,2,4,1,0,2,1,2,5,4
1017,2,3,1,0,2,1,2,4,4
1018,2,3,1,0,2,1,2,4,4
1019,2,3,1,0,2,1,2,4,4
1020,2,3,1,0,2,1,2,4,4
1021,2,3,1,0,2,1,2,4,4
1022,2,3,1,0,2,1,2,4,4
1023,2,3,1,0,2,1,2,4,4
1024,2,3,1,0,2,1,2,4,4
1025,2,3,1,0,2,1,0,4,4
1026,2,2,1,0,1,1,0,3,4
1027,2,2,0,0,1,1,0,3,4
1028,2,2,0,0,1,1,0,3,4
1029,2,2,0,0,1,1,0,3,4
1030,2,2,0,0,1,1,0,3,4
1031,2,1,0,0,0,1,0,2,4
1032,2,1,0,0,0,1,0,2,4
1033,2,1,0,0,0,1,0,2,4
1034,2,1,0,0,0,1,0,2,4
1035,2,1,0,0,0,1,2,2,4
1036,2,1,0,0,0,1,4,2,-1
1037,2,1,0,0,0,1,4,2,-1
1038,2,1,0,1,0,1,4,2,-1
1039,2,0,0,1,0,0,4,1,6
1040,2,0,0,1,0,0,4,1,6
1041,2,0,0,2,1,0,4,1,6
1042,1,0,0,2,1,0,4,1,6
1043,2,1,0,2,1,0,4,1,6
1044,2,1,0,2,1,0,4,1,6
1045,2,1,2,2,1,0,4,1,6
1046,2,1,2,2,1,0,4,1,6
1047,2,1,2,2,1,0,5,1,6
1048,2,2,2,2,2,0,5,2,6
1049,2,2,2,2,2,0,5,2,6
1050,2,2,2,2,2,0,5,2,6
1051,2,2,2,2,2,0,5,2,6
1052,2,2,2,2,2,0,5,2,6
1053,2,2,2,2,2,0,6,2,6
1054,2,2,2,2,2,0,6,2,6
1055,2,2,2,2,2,1,6,2,6
1056,2,2,2,2,2,1,6,2,6
1057,2,3,2,2,3,1,8,3,-1
1058,2,4,2,2,3,1,9,4,-1
1059,2,5,2,2,4,2,10,6,-1
1060,2,7,2,2,4,3,10,7,-1
1061,2,8,2,2,4,4,10,11,-1
1062,2,8,2,2,4,4,10,10,-1
1063,2,8,2,2,4,4,10,11,-1
1064,2,3,1,0,3,0,2,3,4
1065,2,3,1,0,3,0,2,3,4
1066,2,3,1,0,3,0,2,3,4
1067,2,3,1,0,3,0,2,3,4
1068,2,4,1,0,3,1,2,5,4
1069,2,4,1,0,3,1,2,5,4
1070,2,4,1,0,3,1,2,5,4
1071,2,4,1,0,3,1,2,5,4
1072,2,4,1,0,3,1,2,5,4
1073,2,4,1,0,3,1,2,5,4
1074,2,4,1,0,3,1,2,5,4
1075,2,4,1,0,3,1,2,5,4
1076,2,4,1,0,2,1,2,5,4
1077,2,3,1,0,2,1,2,4,4
1078,2,3,1,0,2,1,2,4,4
1079,2,3,1,0,2,1,2,4,4
1080,2,3,1,0,2,1,2,4,4
1081,2,3,1,0,2,1,2,4,4
1082,2,3,1,0,2,1,0,4,4
1083,2,3,1,0,1,1,0,4,4
1084,2,2,1,0,1,1,0,3,4
1085,2,2,0,0,1,1,0,3,4
1086,2,2,0,0,1,1,0,3,4
1087,2,2,0,0,1,1,0,3,4
1088,2,1,0,0,0,1,0,2,4
1089,2,1,0,0,0,1,0,2,4
1090,2,1,0,0,0,1,0,2,4
1091,2,1,0,0,0,1,1,2,4
1092,2,1,0,0,0,1,4,2,-1
1093,2,1,0,0,0,1,4,2,-1
1094,2,0,0,1,0,0,4,0,6
1095,2,0,0,1,0,0,4,0,6
1096,2,0,0,1,0,0,4,1,6
1097,2,0,0,1,0,0,4,1,6
1098,1,0,0,2,1,0,4,1,6
1099,1,0,0,2,1,0,4,1,6
1100,2,1,0,2,1,0,4,1,6
1101,2,1,0,2,1,0,4,1,6
1102,2,1,2,2,1,0,4,1,6
1103,2,1,2,2,1,0,4,1,6
1104,2,2,2,2,2,0,5,2,6
1105,2,2,2,2,2,0,5,2,6
1106,2,2,2,2,2,0,5,2,6
1107,2,2,2,2,2,0,5,2,6
1108,2,2,2,2,2,0,5,2,6
1109,2,2,2,2,2,0,6,2,6
1110,2,2,2,2,2,1,6,2,6
1111,2,2,2,2,2,1,6,2,6
1112,2,2,2,2,2,1,7,2,6
1113,2,2,2,2,2,1,9,2,-1
1114,2,4,2,2,4,2,9,4,-1
1115,2,4,2,2,4,2,10,5,-1
1116,2,6,2,2,4,3,10,6,-1
1117,2,7,2,2,4,3,10,8,-1
1118,2,8,2,2,4,4,10,10,-1
1119,2,8,2,2,4,4,10,11,-1
1120,2,3,1,0,3,0,3,3,4
1121,2,3,1,0,3,0,3,3,4
1122,2,3,1,0,3,0,3,3,4
1123,2,3,1,0,3,0,4,3,4
1124,2,3,1,0,3,0,4,3,4
1125,2,4,1,0,3,1,4,5,4
1126,2,4,1,0,3,1,4,5,4
1127,2,4,1,0,3,1,4,5,4
1128,2,4,1,0,3,1,4,5,4
1129,2,4,1,0,3,1,2,5,4
1130,2,4,1,0,3,1,2,5,4
1131,2,4,1,0,3,1,2,5,4
1132,2,4,1,0,3,1,2,5,4
1133,2,4,1,0,3,1,2,5,4
1134,2,4,1,0,3,1,2,5,4
1135,2,3,1,0,2,1,2,4,4
1136,2,3,1,0,2,1,2,4,4
1137,2,3,1,0,2,1,2,4,4
1138,2,3,1,0,2,1,2,4,4
1139,2,3,1,0,2,1,0,4,4
1140,2,2,1,0,1,1,0,3,4
1141,2,2,1,0,1,1,0,3,4
1142,2,2,0,0,1,1,0,3,4
1143,2,2,0,0,1,1,0,3,4
1144,2,1,0,0,0,1,0,2,4
1145,2,1,0,0,0,1,0,2,4
1146,2,1,0,0,0,1,0,2,4
1147,2,1,0,0,0,1,1,2,4
1148,2,1,0,0,0,1,2,2,4
1149,2,0,0,0,0,0,4,0,6
1150,2,0,0,1,0,0,4,0,6
1151,2,0,0,1,0,0,4,0,6
1152,2,0,0,1,0,0,4,0,6
1153,2,0,0,1,0,0,4,0,6
1154,1,0,0,1,0,0,4,1,6
1155,1,0,0,2,0,0,4,1,6
1156,1,0,0,2,1,0,4,1,6
1157,2,1,0,2,1,0,4,1,6
1158,2,1,2,2,1,0,4,1,6
1159,2,1,2,2,1,0,4,1,6
1160,2,2,2,2,2,0,4,2,6
1161,2,2,2,2,2,0,4,2,6
1162,2,2,2,2,2,0,5,2,6
1163,2,2,2,2,2,0,5,2,6
1164,2,2,2,2,2,0,5,2,6
1165,2,2,2,2,2,0,6,2,6
1166,2,2,2,2,2,1,6,2,6
1167,2,2,2,2,2,1,7,2,6
1168,2,2,2,2,2,1,8,2,-1
1169,2,3,2,2,3,2,9,4,-1
1170,2,3,2,2,3,2,9,4,-1
1171,2,3,2,2,3,2,9,3,-1
1172,2,5,2,2,4,3,10,4,-1
1173,2,5,2,2,4,3,10,6,-1
1174,2,7,2,2,4,3,10,8,-1
1175,2,7,2,2,4,3,10,9,-1
1176,2,3,1,0,3,0,4,3,4
1177,2,3,1,0,3,0,4,3,4
1178,2,3,1,0,3,0,4,3,4
1179,2,3,1,0,3,0,4,3,4
1180,2,3,1,0,3,0,4,3,4
1181,2,3,1,0,3,0,4,3,4
1182,2,4,1,0,3,1,4,5,4
1183,2,4,1,0,3,1,4,5,4
1184,2,4,1,0,3,1,4,5,4
1185,2,4,1,0,3,1,4,5,4
1186,2,4,1,0,3,1,4,5,4
1187,2,4,1,0,3,1,4,5,4
1188,2,4,1,0,3,1,3,5,4
1189,2,4,1,0,3,1,2,5,4
1190,2,4,1,0,3,1,2,5,4
1191,2,4,1,0,3,1,2,5,4
1192,2,3,1,0,2,1,2,4,4
1193,2,4,1,0,2,1,2,4,4
1194,2,4,1,0,2,1,2,4,4
1195,2,4,1,0,2,1,2,4,4
1196,2,4,1,0,2,1,0,4,4
1197,2,2,1,0,1,1,0,3,4
1198,2,2,1,0,1,1,0,3,4
1199,2,2,0,0,1,1,0,3,4
1200,2,1,0,0,0,1,0,2,4
1201,2,1,0,0,0,1,0,2,4
1202,2,1,0,0,0,1,0,2,4
1203,2,1,0,0,0,1,0,2,4
1204,2,0,0,0,0,0,2,0,4
1205,2,0,0,0,0,0,4,0,6
1206,2,0,0,0,0,0,4,0,6
1207,2,0,0,1,0,0,4,0,6
1208,2,0,0,1,0,0,4,0,6
1209,2,0,0,1,0,0,4,0,6
1210,1,0,0,1,0,0,4,0,6
1211,1,0,0,1,0,0,4,0,6
1212,1,0,0,1,0,0,4,1,6
1213,1,0,0,2,1,0,4,1,6
1214,1,1,0,2,1,0,4,1,6
1215,2,1,2,2,1,0,4,1,6
1216,2,2,2,2,1,0,4,1,6
1217,2,2,2,2,2,0,4,2,6
1218,2,2,2,2,2,0,4,2,6
1219,2,2,2,2,2,0,5,2,6
1220,2,2,2,2,2,0,6,2,6
1221,2,2,2,2,2,0,6,2,6
1222,2,2,2,2,2,1,6,2,6
1223,2,2,2,2,2,1,8,2,-1
1224,2,3,2,2,3,2,8,4,-1
1225,2,3,2,2,3,2,9,3,-1
1226,2,3,2,2,3,2,9,3,-1
1227,2,3,2,2,3,2,9,3,-1
1228,2,4,2,2,3,3,9,3,-1
1229,2,4,2,2,3,3,10,5,-1
1230,2,4,2,2,3,3,10,6,-1
1231,2,5,2,1,3,3,10,7,-1
1232,2,3,1,0,3,0,4,3,4
1233,2,3,1,0,3,0,4,3,4
1234,2,3,1,0,3,0,4,3,4
1235,2,3,1,0,3,0,4,3,4
1236,2,3,1,0,3,0,4,3,4
1237,2,3,1,0,3,0,4,3,4
1238,2,3,1,0,3,0,4,3,4
1239,2,4,1,0,3,1,4,5,4
1240,2,4,1,0,3,1,4,5,4
1241,2,4,1,0,3,1,4,5,4
1242,2,4,1,0,3,1,4,5,4
1243,2,4,1,0,3,1,4,5,4
1244,2,4,1,0,3,1,4,5,4
1245,2,5,1,0,4,1,5,7,-1
1246,2,5,1,0,4,1,4,7,-1
1247,2,5,1,0,4,1,3,7,-1
1248,2,5,1,0,4,1,3,7,-1
1249,2,5,1,0,3,1,3,7,4
1250,2,4,1,0,3,1,3,6,4
1251,2,4,1,0,3,1,3,6,4
1252,2,4,1,0,3,1,3,6,4
1253,2,4,1,0,3,1,1,6,4
1254,2,3,1,0,2,1,1,5,4
1255,2,3,1,0,2,1,1,5,4
1256,2,2,0,0,1,1,1,4,4
1257,2,2,0,0,0,1,0,2,4
1258,2,1,0,0,0,1,0,2,4
1259,2,0,0,0,0,0,0,0,4
1260,2,0,0,0,0,0,1,0,4
1261,2,0,0,0,0,0,4,0,6
1262,2,0,0,0,0,0,4,0,6
1263,2,0,0,1,0,0,4,0,6
1264,2,0,0,1,0,0,4,0,6
1265,2,0,0,1,0,0,4,0,6
1266,1,0,0,1,0,0,4,0,6
1267,1,0,0,1,0,0,4,0,6
1268,1,0,0,1,0,0,4,0,6
1269,1,0,0,1,0,0,4,0,6
1270,1,0,0,1,0,0,4,0,6
1271,1,0,2,2,1,0,4,0,6
1272,1,1,2,2,1,0,4,1,6
1273,2,2,2,2,2,0,4,2,6
1274,2,2,2,2,2,0,4,2,6
1275,2,2,2,2,2,0,4,2,6
1276,2,2,2,2,2,0,5,2,6
1277,2,2,2,2,2,0,5,1,6
1278,2,2,2,2,2,1,7,1,6
1279,2,3,2,2,3,2,8,3,-1
1280,2,3,2,2,3,2,8,3,-1
1281,2,3,2,2,3,2,9,3,-1
1282,2,3,2,2,3,2,9,3,-1
1283,2,3,2,2,3,2,9,3,-1
1284,2,4,2,2,3,3,9,3,-1
1285,2,4,2,1,2,3,9,5,-1
1286,2,4,2,1,2,3,9,6,-1
1287,2,4,2,1,2,3,10,6,-1
1288,2,3,1,0,3,0,4,3,4
1289,2,3,1,0,3,0,4,3,4
1290,2,3,1,0,3,0,4,3,4
1291,2,3,1,0,3,0,4,3,4
1292,2,3,1,0,3,0,4,3,4
1293,2,3,1,0,3,0,4,3,4
1294,2,3,1,0,3,0,4,3,4
1295,2,3,1,0,3,0,4,3,4
1296,2,3,1,0,3,0,4,3,4
1297,2,4,1,0,3,1,4,5,4
1298,2,5,1,0,3,1,4,5,4
1299,2,5,1,0,4,1,5,7,-1
1300,2,5,1,0,4,1,5,7,-1
1301,2,5,1,0,4,1,5,7,-1
1302,2,5,1,0,4,1,5,7,-1
1303,2,5,1,0,4,1,5,7,-1
1304,2,5,1,0,4,1,4,7,-1
1305,2,5,1,0,4,1,3,7,-1
1306,2,4,1,0,3,1,3,6,4
1307,2,4,1,0,3,1,4,6,4
1308,2,4,1,0,3,1,4,6,4
1309,2,4,1,0,3,1,2,6,4
1310,2,3,1,0,2,1,2,5,4
1311,2,3,1,0,2,1,2,5,4
1312,2,2,1,0,1,1,2,4,4
1313,2,1,0,0,1,0,1,2,4
1314,2,1,0,0,1,0,1,2,4
1315,2,1,0,0,1,0,0,0,4
1316,2,0,0,0,0,0,0,0,4
1317,2,0,0,0,0,0,1,0,4
1318,2,0,0,0,0,0,4,0,6
1319,2,0,0,0,0,0,4,0,6
1320,2,0,0,1,0,0,4,0,6
1321,2,0,0,1,0,0,4,0,6
1322,1,0,0,1,0,0,4,0,6
1323,1,0,0,1,0,0,4,0,6
1324,1,0,0,1,0,0,4,0,6
1325,1,0,0,1,0,0,4,0,6
1326,1,0,0,1,0,0,4,0,6
1327,1,0,0,1,0,0,4,0,6
1328,1,0,2,1,0,0,4,0,-1
1329,1,1,2,1,1,0,4,1,-1
1330,1,2,2,1,1,0,4,1,6
1331,2,2,2,2,2,0,4,1,6
1332,2,2,2,2,2,0,5,1,6
1333,2,2,2,2,2,0,5,1,6
1334,2,2,2,2,2,0,7,1,6
1335,2,3,2,2,3,2,7,3,-1
1336,2,3,2,2,3,2,7,3,-1
1337,2,3,2,2,3,2,7,3,-1
1338,2,3,2,1,2,2,8,3,-1
1339,2,3,2,1,2,2,8,3,-1
1340,2,4,2,1,2,3,8,3,-1
1341,2,4,2,1,2,3,8,6,-1
1342,2,4,2,1,2,3,8,6,-1
1343,2,3,2,1,2,3,8,6,-1
1344,2,3,1,0,3,0,4,3,4
1345,2,3,1,0,3,0,4,3,4
1346,2,3,1,0,3,0,4,3,4
1347,2,3,1,0,3,0,4,3,4
1348,2,3,1,0,3,0,4,3,4
1349,2,3,1,0,3,0,4,3,4
1350,2,3,1,0,3,0,4,3,4
1351,2,3,1,0,3,0,4,3,4
1352,2,3,1,0,3,0,4,3,4
1353,2,4,1,0,4,0,5,5,4
1354,2,4,1,0,4,0,5,5,4
1355,2,4,1,0,4,0,5,5,4
1356,2,5,1,0,4,1,5,7,-1
1357,2,5,1,0,4,1,5,7,-1
1358,2,5,1,0,4,1,5,7,-1
1359,2,5,1,0,4,1,6,7,4
1360,2,5,1,0,4,1,6,7,4
1361,2,6,1,0,4,1,5,8,-1
1362,2,6,1,0,5,1,4,8,-1
1363,2,5,1,0,4,1,4,7,-1
1364,2,5,1,0,4,1,4,7,-1
1365,2,5,1,0,4,1,4,7,-1
1366,2,3,1,0,3,0,2,4,4
1367,2,3,1,0,3,0,2,4,4
1368,2,2,1,0,2,0,2,3,4
1369,2,2,0,0,2,0,2,3,4
1370,2,2,0,0,2,0,2,3,4
1371,2,1,0,0,1,0,2,2,4
1372,2,1,0,0,1,0,2,2,4
1373,2,1,0,0,0,0,0,0,4
1374,2,0,0,0,0,0,1,0,4
1375,2,0,0,0,0,0,4,0,6
1376,2,0,0,0,0,0,4,0,6
1377,2,0,0,1,0,0,4,0,6
1378,1,0,0,1,0,0,4,0,6
1379,1,0,0,1,0,0,4,0,6
1380,1,0,0,1,0,0,4,0,6
1381,1,0,0,1,0,0,4,0,6
1382,1,0,0,1,0,0,4,0,6
1383,1,0,0,1,0,0,4,0,6
1384,1,0,0,1,0,0,4,0,6
1385,1,0,2,1,0,0,4,0,-1
1386,1,1,2,1,1,0,4,1,-1
1387,1,1,2,1,1,0,4,1,-1
1388,1,1,2,1,1,0,4,1,-1
1389,2,1,2,1,1,0,6,1,6
1390,2,2,2,1,1,1,7,1,-1
1391,2,3,2,1,2,2,7,3,-1
1392,2,3,2,1,2,2,7,3,-1
1393,2,3,2,1,2,2,7,3,-1
1394,2,2,2,1,2,2,8,3,-1
1395,2,2,2,1,2,2,8,3,-1
1396,2,3,2,1,2,3,8,3,-1
1397,2,3,2,1,2,3,8,6,-1
1398,2,3,2,1,2,3,8,6,-1
1399,2,3,2,2,2,3,7,6,-1
1400,2,3,1,0,3,0,4,3,4
1401,2,3,1,0,3,0,4,3,4
1402,2,3,1,0,3,0,4,3,4
1403,2,3,1,0,3,0,4,3,4
1404,2,3,1,0,3,0,4,3,4
1405,2,3,1,0,3,0,4,3,4
1406,2,3,1,0,3,0,4,3,4
1407,2,4,1,0,3,0,5,5,4
1408,2,4,1,0,4,0,5,5,4
1409,2,4,1,0,4,0,5,5,4
1410,2,4,1,0,4,0,5,5,4
1411,2,4,1,0,4,0,5,5,4
1412,2,4,1,0,4,0,5,5,4
1413,2,4,1,0,4,0,6,5,4
1414,2,4,1,0,4,0,6,5,4
1415,2,5,1,0,5,0,6,6,4
1416,2,5,1,0,5,0,7,6,4
1417,2,5,1,0,5,0,7,6,4
1418,2,5,1,0,5,0,6,6,4
1419,2,5,1,0,5,0,5,6,4
1420,2,4,1,0,4,0,5,5,4
1421,2,4,1,0,4,0,5,5,4
1422,2,4,1,0,4,0,3,5,4
1423,2,3,1,0,3,0,3,4,4
1424,2,2,1,0,2,0,3,3,4
1425,2,2,1,0,2,0,3,3,4
1426,2,2,0,0,2,0,3,3,4
1427,2,2,0,0,2,0,2,3,4
1428,2,2,0,0,2,0,2,3,4
1429,2,2,0,0,2,0,2,3,4
1430,2,1,0,0,1,0,2,2,4
1431,2,0,0,0,0,0,1,0,4
1432,2,0,0,0,0,0,4,0,6
1433,2,0,0,0,0,0,4,0,6
1434,1,0,0,1,0,0,4,0,6
1435,1,0,0,1,0,0,4,0,6
1436,1,0,0,1,0,0,4,0,6
1437,1,0,0,1,0,0,4,0,6
1438,1,0,0,1,0,0,4,0,6
1439,1,0,0,1,0,0,4,0,6
1440,1,0,0,1,0,0,4,0,6
1441,1,0,0,1,0,0,4,0,6
1442,1,0,2,1,0,0,4,0,-1
1443,1,1,2,1,1,0,4,1,-1
1444,1,1,2,1,1,0,4,1,-1
1445,1,1,2,1,1,0,7,1,-1
1446,1,2,2,1,2,1,7,3,-1
1447,2,2,2,1,2,2,7,3,-1
1448,2,2,2,1,2,2,7,3,-1
1449,2,2,2,1,2,2,7,3,-1
1450,2,2,2,1,2,2,8,3,-1
1451,2,2,2,1,2,2,8,3,-1
1452,2,2,2,1,2,2,8,3,-1
1453,2,3,2,2,2,3,8,6,-1
1454,2,3,2,2,2,3,7,6,-1
1455,2,3,2,2,2,3,6,6,-1
1456,2,3,1,0,3,0,4,3,4
1457,2,3,1,0,3,0,4,3,4
1458,2,3,1,0,3,0,4,3,4
1459,2,3,1,0,3,0,4,3,4
1460,2,3,1,0,3,0,4,3,4
1461,2,3,1,0,3,0,4,3,4
1462,2,4,1,0,3,0,5,5,4
1463,2,4,1,0,4,0,5,5,4
1464,2,4,1,0,4,0,5,5,4
1465,2,4,1,0,4,0,5,5,4
1466,2,4,1,0,4,0,5,5,4
1467,2,4,1,0,4,0,6,6,4
1468,2,4,1,0,5,0,6,6,4
1469,2,5,1,0,6,0,7,7,4
1470,2,5,1,0,6,0,7,7,4
1471,2,5,1,0,6,0,7,7,4
1472,2,5,1,0,5,0,7,6,4
1473,2,5,1,0,5,0,8,6,-1
1474,2,5,1,0,5,0,8,7,-1
1475,2,5,1,0,5,0,7,7,4
1476,2,4,1,0,4,0,6,6,4
1477,2,4,1,0,4,0,6,6,4
1478,2,4,1,0,4,0,4,6,4
1479,2,3,1,0,3,0,4,4,4
1480,2,2,1,0,2,0,4,3,4
1481,2,2,1,0,2,0,4,3,4
1482,2,2,0,0,2,0,4,3,4
1483,2,2,0,0,2,0,4,3,4
1484,2,2,0,0,2,0,4,3,4
1485,2,2,0,0,2,0,3,3,4
1486,2,2,0,0,2,0,2,3,4
1487,2,2,0,0,2,0,2,3,4
1488,2,0,0,0,0,0,1,0,4
1489,2,0,0,0,0,0,4,0,6
1490,1,0,0,0,0,0,4,0,6
1491,1,0,0,1,0,0,4,0,6
1492,1,0,0,1,0,0,4,0,6
1493,1,0,0,1,0,0,4,0,6
1494,1,0,0,1,0,0,4,0,6
1495,1,0,0,1,0,0,4,0,6
1496,1,0,0,1,0,0,4,0,6
1497,1,0,0,1,0,0,4,0,6
1498,1,0,0,1,0,0,4,0,6
1499,1,1,0,1,0,0,4,0,6
1500,1,1,2,1,1,0,4,1,-1
1501,1,1,2,1,1,0,7,1,-1
1502,1,2,2,1,2,1,7,3,-1
1503,1,2,2,1,2,1,7,3,-1
1504,1,2,2,1,2,2,7,3,-1
1505,1,2,2,1,2,2,7,3,-1
1506,2,2,2,1,2,2,7,3,-1
1507,2,2,2,1,2,2,8,3,-1
1508,2,2,2,2,2,2,8,3,-1
1509,2,3,2,2,2,3,6,4,-1
1510,2,3,2,2,2,3,6,6,-1
1511,2,3,2,2,2,3,4,6,-1
1512,2,3,1,0,3,0,4,3,4
1513,2,3,1,0,3,0,4,3,4
1514,2,3,1,0,3,0,4,3,4
1515,2,3,1,0,3,0,4,3,4
1516,2,3,1,0,3,0,4,3,4
1517,2,3,1,0,3,0,4,3,4
1518,2,4,1,0,4,0,5,5,4
1519,2,4,1,0,5,0,5,6,4
1520,2,5,1,0,5,0,5,6,4
1521,2,5,1,0,5,0,5,6,4
1522,2,5,1,0,5,0,6,6,4
1523,2,6,1,0,6,0,6,7,4
1524,2,6,1,0,6,0,7,7,7
1525,2,6,1,0,6,0,7,7,7
1526,2,6,1,0,6,0,7,8,7
1527,2,6,1,0,6,0,8,8,7
1528,2,6,1,0,6,0,8,8,7
1529,2,6,1,0,6,0,8,8,7
1530,2,6,1,0,6,0,8,8,7
1531,2,6,1,0,6,0,7,8,7
1532,2,5,1,0,5,0,6,7,4
1533,2,4,1,0,4,0,6,6,4
1534,2,4,1,0,4,0,5,6,4
1535,2,2,1,0,2,0,4,4,4
1536,2,2,1,0,2,0,4,4,4
1537,2,2,1,0,2,0,4,4,4
1538,2,2,0,0,2,0,4,4,4
1539,2,2,0,0,2,0,4,3,4
1540,2,2,0,0,2,0,4,3,4
1541,2,2,0,0,2,0,4,3,4
1542,2,2,0,0,2,0,4,3,4
1543,2,2,0,0,2,0,4,3,4
1544,2,2,0,0,2,0,1,1,-1
1545,2,1,0,0,1,0,1,1,4
1546,1,0,0,0,0,0,3,0,6
1547,1,0,0,0,0,0,4,0,6
1548,1,0,0,1,0,0,4,0,6
1549,1,0,0,1,0,0,4,0,6
1550,1,0,0,1,0,0,4,0,6
1551,1,0,0,1,0,0,4,0,6
1552,1,0,0,1,0,0,4,0,6
1553,1,0,0,1,0,0,4,0,6
1554,1,0,0,1,0,0,4,0,6
1555,1,0,0,1,0,0,4,0,6
1556,1,0,0,1,0,0,4,0,6
1557,1,1,2,1,1,0,6,1,-1
1558,1,2,2,1,2,1,7,3,-1
1559,1,2,2,1,2,1,7,3,-1
1560,1,2,2,1,2,1,7,3,-1
1561,1,2,2,1,2,2,7,3,-1
1562,1,2,2,1,2,2,7,3,-1
1563,1,2,2,2,2,2,5,3,-1
1564,1,2,2,2,2,2,6,3,-1
1565,1,2,2,2,2,2,6,3,-1
1566,2,3,2,2,2,3,4,6,-1
1567,2,3,2,1,2,3,4,6,-1
1568,2,3,1,0,3,0,4,3,4
1569,2,3,1,0,3,0,4,3,4
1570,2,3,1,0,3,0,4,3,4
1571,2,3,1,0,3,0,4,3,4
1572,2,3,1,0,3,0,4,3,4
1573,2,5,1,0,5,0,5,6,4
1574,2,5,1,0,5,0,5,6,4
1575,2,5,1,0,5,0,5,6,4
1576,2,5,1,0,5,0,5,6,4
1577,2,5,1,0,5,0,6,6,4
1578,2,6,1,0,6,0,7,7,7
1579,2,6,1,1,6,0,7,8,7
1580,2,6,1,1,6,0,7,8,7
1581,2,6,1,1,6,0,8,8,7
1582,2,6,1,1,6,0,8,8,7
1583,2,6,1,1,6,0,8,8,7
1584,2,6,1,1,6,0,8,8,7
1585,2,6,1,1,6,0,8,8,7
1586,2,6,1,1,6,0,8,8,7
1587,2,6,1,0,6,0,8,8,7
1588,2,6,1,0,6,0,7,8,7
1589,2,5,1,0,5,0,6,7,4
1590,2,4,1,0,4,0,5,7,4
1591,2,2,1,0,2,0,4,5,4
1592,2,2,1,0,2,0,4,5,4
1593,2,2,1,0,2,0,4,5,4
1594,2,2,0,0,2,0,4,5,4
1595,2,2,0,0,2,0,4,5,4
1596,2,2,0,0,2,0,4,5,4
1597,2,2,0,0,2,0,4,4,4
1598,2,2,0,0,2,0,4,4,4
1599,2,2,0,0,2,0,4,4,4
1600,2,2,0,0,2,0,4,4,4
1601,2,1,0,0,1,0,1,2,4
1602,1,1,0,0,1,0,1,1,4
1603,1,0,0,0,0,0,0,0,4
1604,1,0,0,0,0,0,3,0,6
1605,1,0,0,0,0,0,4,0,6
1606,1,0,0,1,0,0,4,0,6
1607,1,0,0,1,0,0,4,0,6
1608,1,0,0,1,0,0,4,0,6
1609,1,0,0,1,0,0,4,0,6
1610,1,0,0,1,0,0,4,0,6
1611,1,0,0,1,0,0,4,0,6
1612,1,0,0,1,0,0,4,0,6
1613,1,0,0,1,0,0,6,0,-1
1614,1,2,0,1,2,1,7,3,-1
1615,1,2,0,1,2,1,7,3,-1
1616,1,2,2,1,2,1,7,3,-1
1617,1,2,2,1,2,2,5,3,-1
1618,1,2,2,2,2,2,5,3,-1
1619,1,2,2,2,2,2,5,3,-1
1620,1,2,2,2,2,2,4,3,-1
1621,1,2,2,1,2,2,4,3,-1
1622,1,2,2,1,2,2,4,4,-1
1623,1,3,2,1,2,3,4,6,-1
1624,2,3,1,0,3,0,5,4,4
1625,2,3,1,0,3,0,4,3,4
1626,2,3,1,0,3,0,4,3,4
1627,2,4,1,0,4,0,4,4,4
1628,2,5,1,0,5,0,5,6,4
1629,2,5,1,0,5,0,5,6,4
1630,2,5,1,0,5,0,5,6,4
1631,2,5,1,0,5,0,5,6,4
1632,2,5,1,1,5,0,6,6,4
1633,2,6,1,1,6,0,7,7,7
1634,2,6,1,1,6,0,7,8,7
1635,2,6,1,1,6,0,7,8,7
1636,2,6,1,1,6,0,8,8,7
1637,2,6,1,1,6,0,8,8,7
1638,2,6,1,1,6,0,8,8,7
1639,2,6,1,1,6,0,8,8,7
1640,2,6,1,1,6,0,8,8,7
1641,2,6,1,1,6,0,8,8,7
1642,2,6,1,1,6,0,8,8,7
1643,2,6,1,1,6,0,8,8,7
1644,2,6,1,1,6,0,7,9,7
1645,2,5,1,1,5,0,6,8,4
1646,2,4,1,0,4,0,5,7,4
1647,2,3,1,0,3,0,4,6,4
1648,2,2,1,0,2,0,4,5,4
1649,2,2,1,0,2,0,4,5,4
1650,2,2,0,0,2,0,4,5,4
1651,2,2,0,0,2,0,4,5,4
1652,2,2,0,0,2,0,4,5,4
1653,2,2,0,0,2,0,4,5,4
1654,2,2,0,0,2,0,4,5,4
1655,2,2,0,0,2,0,4,4,4
1656,2,2,0,0,2,0,4,4,4
1657,2,2,0,0,2,0,4,4,4
1658,1,1,0,0,1,0,2,2,4
1659,1,1,0,0,1,0,0,2,4
1660,1,0,0,0,0,0,0,0,4
1661,1,0,0,0,0,0,0,0,4
1662,1,0,0,0,0,0,0,0,4
1663,1,0,0,0,0,0,2,0,4
1664,1,0,0,0,0,0,2,0,4
1665,1,0,0,0,0,0,3,0,6
1666,1,0,0,1,0,0,3,0,6
1667,1,0,0,1,0,0,3,0,6
1668,1,0,0,1,0,0,2,0,4
1669,1,0,0,1,0,0,3,0,6
1670,1,1,0,1,1,1,4,2,4
1671,1,1,0,1,1,1,5,2,-1
1672,1,2,0,1,2,1,5,3,-1
1673,1,2,0,0,2,1,3,3,4
1674,1,2,0,1,2,2,3,3,-1
1675,1,2,0,1,2,2,3,3,-1
1676,1,2,0,1,2,2,3,3,-1
1677,1,2,0,1,2,2,4,3,-1
1678,1,2,0,1,2,2,4,4,-1
1679,1,2,0,1,2,2,4,6,-1
1680,2,3,1,0,3,0,5,5,4
1681,2,3,1,0,3,0,4,6,4
1682,2,4,1,0,4,0,4,6,4
1683,2,4,1,0,4,0,4,6,4
1684,2,5,1,0,5,0,5,6,4
1685,2,5,1,0,5,0,5,6,4
1686,2,5,1,1,5,0,5,6,4
1687,2,5,1,1,5,0,6,6,4
1688,2,6,1,1,5,0,7,8,7
1689,2,6,1,1,6,0,7,8,7
1690,2,6,1,1,6,0,8,8,7
1691,2,6,1,1,6,0,8,8,7
1692,2,6,1,1,6,0,8,8,7
1693,2,6,1,1,6,0,8,8,7
1694,2,6,1,1,6,0,8,8,7
1695,2,6,1,1,6,0,8,8,7
1696,2,6,1,1,6,0,8,8,7
1697,2,6,1,1,6,0,8,8,7
1698,2,6,1,1,6,0,8,9,7
1699,2,6,1,1,6,0,8,9,7
1700,2,6,1,1,6,0,7,9,7
1701,2,4,1,1,4,0,7,7,-1
1702,2,3,1,1,3,0,4,6,4
1703,2,3,1,1,3,0,4,6,4
1704,2,3,1,0,3,0,4,6,4
1705,2,2,1,0,2,0,4,5,4
1706,2,2,0,0,2,0,4,5,4
1707,2,2,0,0,2,0,4,5,4
1708,2,2,0,0,2,0,4,5,4
1709,2,2,0,0,2,0,4,5,4
1710,2,2,0,0,2,0,4,5,4
1711,2,2,0,0,2,0,4,5,4
1712,2,2,0,0,2,0,4,4,4
1713,1,2,0,0,2,0,4,4,4
1714,1,1,0,0,1,0,3,2,4
1715,1,1,0,0,1,0,2,2,4
1716,1,0,0,0,0,0,0,1,4
1717,1,0,0,0,0,0,0,1,4
1718,1,0,0,0,0,0,0,0,4
1719,1,0,0,0,0,0,0,0,4
1720,1,0,0,0,0,0,0,0,4
1721,1,0,0,0,0,0,0,0,4
1722,1,0,0,0,0,0,0,0,4
1723,1,0,0,0,0,0,0,0,4
1724,1,0,0,0,0,0,0,0,4
1725,1,0,0,0,0,0,1,0,4
1726,1,0,0,0,0,0,2,0,4
1727,1,1,0,0,1,1,2,2,4
1728,1,1,0,0,1,1,3,2,4
1729,1,1,0,1,1,1,3,2,4
1730,1,2,0,1,1,1,3,2,4
1731,1,2,0,1,2,1,3,3,-1
1732,1,2,0,1,2,2,3,3,-1
1733,1,2,0,1,2,2,3,3,-1
1734,1,2,2,1,2,2,3,3,-1
1735,1,2,2,1,2,2,4,4,-1
1736,2,6,1,0,5,0,6,8,4
1737,2,6,1,0,5,0,5,9,-1
1738,2,6,1,0,5,0,5,8,-1
1739,2,6,1,0,4,0,5,8,-1
1740,2,6,1,1,5,0,5,8,-1
1741,2,6,1,1,5,0,5,8,-1
1742,2,6,1,1,5,0,5,8,-1
1743,2,6,1,1,5,0,7,9,7
1744,2,7,1,1,6,0,7,10,7
1745,2,7,1,1,6,0,7,8,7
1746,2,6,1,1,6,0,8,8,7
1747,2,6,1,1,6,0,8,8,7
1748,2,6,1,1,6,0,8,8,7
1749,2,6,1,1,6,0,8,8,7
1750,2,6,1,1,6,0,8,8,7
1751,2,6,1,1,6,0,8,8,7
1752,2,6,1,1,6,0,8,8,7
1753,2,6,1,1,6,0,8,9,7
1754,2,6,1,1,6,0,8,9,7
1755,2,6,1,1,6,0,8,9,7
1756,2,5,1,1,5,0,7,8,7
1757,2,4,1,1,4,0,7,7,-1
1758,2,3,1,1,3,0,4,6,4
1759,2,3,1,1,3,0,4,6,4
1760,2,3,1,1,3,0,4,6,4
1761,2,3,1,1,3,0,4,6,4
1762,2,2,0,0,2,0,4,5,4
1763,2,2,0,0,2,0,4,5,4
1764,2,2,0,0,2,0,4,5,4
1765,2,2,0,0,2,0,4,5,4
1766,2,2,0,0,2,0,4,5,4
1767,2,2,0,0,2,0,4,5,4
1768,2,2,0,0,2,0,4,5,4
1769,1,2,0,0,2,0,4,4,4
1770,1,2,0,0,2,0,4,4,4
1771,1,1,0,0,1,0,3,2,4
1772,1,1,0,0,1,0,2,2,4
1773,1,0,0,0,0,0,0,1,4
1774,1,0,0,0,0,0,0,1,4
1775,1,0,0,0,0,0,0,1,4
1776,1,0,0,0,0,0,0,0,4
1777,1,0,0,0,0,0,0,0,4
1778,1,0,0,0,0,0,0,0,4
1779,1,0,0,0,0,0,0,0,4
1780,1,0,0,0,0,0,0,0,4
1781,1,0,0,0,0,0,0,0,4
1782,1,0,0,0,0,0,2,0,4
1783,1,1,0,0,1,1,2,2,4
1784,1,1,0,0,1,1,2,2,4
1785,1,1,0,1,1,1,3,2,4
1786,1,1,0,1,1,1,3,2,4
1787,1,1,0,1,1,1,3,2,4
1788,1,1,2,1,1,1,3,2,-1
1789,1,1,2,1,1,2,3,2,-1
1790,1,2,2,1,1,3,3,4,-1
1791,1,2,2,1,1,3,3,4,-1
1792,2,8,1,0,7,1,8,12,-1
1793,2,7,1,0,5,1,6,11,-1
1794,2,6,1,0,5,0,5,9,-1
1795,2,7,1,1,6,0,6,10,-1
1796,2,7,1,1,6,0,6,10,-1
1797,2,7,1,1,6,0,6,9,7
1798,2,7,1,1,5,0,6,8,7
1799,2,7,1,1,6,0,7,10,7
1800,2,7,1,1,6,0,7,10,7
1801,2,7,1,1,6,0,8,10,7
1802,2,8,1,1,6,0,8,10,7
1803,2,8,1,1,6,0,8,8,7
1804,2,8,1,1,6,0,8,8,7
1805,2,7,1,1,6,0,8,8,7
1806,2,7,1,1,6,0,8,8,7
1807,2,7,1,1,6,0,8,8,7
1808,2,7,1,1,6,0,8,9,7
1809,2,7,1,1,6,0,8,9,7
1810,2,7,1,1,6,0,8,9,7
1811,2,6,1,1,5,0,8,8,7
1812,2,6,1,1,5,0,7,8,7
1813,2,3,1,1,3,0,6,6,4
1814,2,3,1,1,3,0,4,6,4
1815,2,3,1,1,3,0,4,6,4
1816,2,3,1,1,3,0,4,6,4
1817,2,3,1,1,3,0,4,6,4
1818,2,3,0,1,3,0,4,6,4
1819,2,2,0,0,2,0,4,5,4
1820,2,2,0,0,2,0,4,5,4
1821,2,2,0,0,2,0,4,5,4
1822,2,2,0,0,2,0,4,5,4
1823,2,2,0,0,2,0,4,5,4
1824,2,2,0,0,2,0,4,5,4
1825,1,2,0,0,2,0,4,5,4
1826,1,2,0,0,2,0,4,4,4
1827,1,1,0,0,1,0,3,2,4
1828,1,1,0,0,1,0,2,2,4
1829,1,1,0,0,1,0,0,2,4
1830,1,0,0,0,0,0,0,1,4
1831,1,0,0,0,0,0,0,1,4
1832,1,0,0,0,0,0,0,1,4
1833,1,0,0,0,0,0,0,0,4
1834,1,0,0,0,0,0,0,0,4
1835,1,0,0,0,0,0,0,0,4
1836,1,0,0,0,0,0,0,0,4
1837,1,0,0,0,0,0,0,0,4
1838,1,0,0,0,0,0,1,0,4
1839,1,1,0,0,1,1,2,2,4
1840,1,1,0,1,1,1,2,2,4
1841,1,1,0,1,1,1,2,2,4
1842,1,1,0,1,1,1,2,2,4
1843,1,1,2,1,1,1,3,2,-1
1844,1,2,2,1,1,2,3,4,-1
1845,1,2,2,1,1,2,4,4,-1
1846,1,2,2,1,1,2,4,4,-1
1847,1,2,2,1,2,2,4,5,-1
1848,2,8,1,0,7,1,8,12,-1
1849,2,8,1,0,6,1,6,11,-1
1850,2,7,1,1,6,1,6,11,-1
1851,2,8,1,1,7,1,7,12,-1
1852,2,7,1,1,6,0,6,10,-1
1853,2,7,1,1,6,0,6,10,-1
1854,2,7,1,1,6,0,8,10,7
1855,2,9,1,1,7,0,8,11,-1
1856,2,9,1,1,6,0,8,10,-1
1857,2,8,1,1,6,0,8,10,7
1858,2,8,1,1,6,0,8,10,7
1859,2,8,2,1,6,0,8,10,7
1860,2,8,2,1,6,0,8,10,7
1861,2,8,2,1,6,0,8,8,7
1862,2,8,2,1,6,0,8,8,7
1863,2,7,2,1,6,0,8,9,7
1864,2,7,2,1,6,0,8,9,7
1865,2,6,2,1,5,0,8,8,7
1866,2,6,2,1,5,0,8,8,7
1867,2,6,2,1,5,0,8,8,7
1868,2,6,1,1,5,0,7,8,7
1869,2,4,1,1,3,0,5,6,4
1870,2,4,1,1,3,0,4,6,4
1871,2,3,1,1,3,0,4,6,4
1872,2,3,1,1,3,0,4,6,4
1873,2,3,0,1,3,0,4,6,4
1874,2,3,0,1,3,0,4,6,4
1875,2,3,0,1,3,0,4,6,4
1876,2,2,0,0,2,0,4,5,4
1877,2,2,0,0,2,0,4,5,4
1878,2,2,0,0,2,0,4,5,4
1879,2,2,0,0,2,0,4,5,4
1880,1,2,0,0,2,0,4,5,4
1881,1,2,0,0,2,0,4,5,4
1882,1,2,0,0,2,0,4,5,4
1883,1,1,0,0,1,0,3,2,4
1884,1,1,0,0,1,0,3,2,4
1885,1,1,0,0,1,0,1,2,4
1886,1,0,0,0,0,0,0,1,4
1887,1,0,0,0,0,0,0,1,4
1888,1,0,0,0,0,0,0,1,4
1889,1,0,0,0,0,0,0,1,4
1890,1,0,0,0,0,0,0,0,4
1891,1,0,0,0,0,0,0,0,4
1892,1,0,0,0,0,0,0,0,4
1893,1,0,0,0,0,0,0,0,4
1894,1,0,0,0,0,0,0,0,4
1895,1,0,0,0,0,0,1,0,4
1896,1,1,0,1,1,1,2,2,4
1897,1,1,2,1,1,1,2,2,-1
1898,1,2,2,1,1,2,2,4,-1
1899,1,2,2,1,1,2,3,4,-1
1900,1,3,2,1,2,2,3,5,-1
1901,1,3,2,1,2,2,5,5,-1
1902,1,3,2,1,2,2,5,5,-1
1903,1,3,2,1,2,2,6,5,-1
1904,2,8,1,0,6,1,8,13,-1
1905,2,8,1,1,6,1,6,12,-1
1906,2,8,1,1,6,1,6,10,-1
1907,2,8,1,1,7,1,7,13,-1
1908,2,8,1,1,7,1,7,12,-1
1909,2,8,1,1,7,1,7,13,-1
1910,2,8,1,1,6,0,8,11,-1
1911,2,9,1,1,7,0,8,11,-1
1912,2,9,2,1,7,0,9,11,-1
1913,2,9,2,1,7,0,9,11,-1
1914,2,8,2,1,6,0,8,10,7
1915,2,8,2,1,6,0,8,10,7
1916,2,8,2,1,6,0,8,10,7
1917,2,8,2,1,6,0,8,10,7
1918,2,8,2,1,6,0,8,9,7
1919,2,7,2,1,5,0,8,8,7
1920,2,6,2,1,5,0,8,8,7
1921,2,6,2,1,5,0,8,8,7
1922,2,6,2,1,5,0,8,8,7
1923,2,6,2,1,5,0,8,8,7
1924,2,5,2,1,4,0,6,7,-1
1925,2,4,2,1,3,0,5,6,4
1926,2,4,2,1,3,0,4,6,4
1927,2,4,1,1,3,0,4,6,4
1928,2,4,1,1,3,0,4,6,4
1929,2,3,0,1,3,0,4,6,4
1930,2,3,0,1,3,0,4,6,4
1931,2,3,0,1,3,0,4,6,4
1932,2,2,0,1,3,0,4,5,4
1933,2,2,0,0,2,0,4,5,4
1934,2,2,0,0,2,0,4,5,4
1935,2,2,0,0,2,0,4,5,4
1936,1,2,0,0,2,0,4,5,4
1937,1,2,0,0,2,0,4,5,4
1938,1,2,0,0,2,0,4,5,4
1939,1,1,0,0,1,0,3,2,4
1940,1,1,0,0,1,0,3,2,4
1941,1,1,0,0,1,0,2,2,4
1942,1,0,0,0,0,0,0,1,4
1943,1,0,0,0,0,0,0,1,4
1944,1,0,0,0,0,0,0,1,4
1945,1,0,0,0,0,0,0,1,4
1946,1,0,0,0,0,0,0,0,4
1947,1,0,0,0,0,0,0,0,4
1948,1,0,0,0,0,0,0,0,4
1949,1,0,0,0,0,0,0,0,4
1950,1,0,0,0,0,0,0,0,4
1951,1,0,0,0,0,0,1,0,4
1952,1,0,0,1,0,0,1,0,4
1953,1,2,2,1,1,2,2,4,-1
1954,1,3,2,1,2,2,3,5,-1
1955,1,3,2,1,2,2,4,5,-1
1956,1,3,2,1,2,2,5,5,-1
1957,1,3,2,1,2,2,5,5,-1
1958,1,3,2,1,2,2,5,5,-1
1959,1,4,2,1,2,2,5,6,-1
1960,2,9,2,0,6,1,9,14,-1
1961,2,8,1,1,6,1,6,12,-1
1962,2,7,1,1,5,1,6,12,-1
1963,2,8,1,1,6,1,7,14,-1
1964,2,9,1,1,6,1,7,11,-1
1965,2,8,1,1,6,1,7,12,-1
1966,2,8,2,1,6,1,9,12,-1
1967,2,8,2,1,7,0,9,11,-1
1968,2,8,2,1,7,0,9,10,-1
1969,2,8,2,1,7,0,9,10,-1
1970,2,8,2,1,6,0,9,10,-1
1971,2,7,2,1,5,0,8,9,7
1972,2,7,2,1,5,0,8,9,7
1973,2,7,2,1,5,0,8,10,7
1974,2,7,2,1,5,0,8,10,7
1975,2,7,2,1,5,0,8,8,7
1976,2,7,2,1,5,0,8,8,7
1977,2,6,2,1,5,0,8,8,7
1978,2,6,2,1,5,0,8,8,7
1979,2,5,2,1,4,0,7,7,-1
1980,2,4,2,1,3,0,5,6,4
1981,2,4,2,1,3,0,5,6,4
1982,2,4,2,1,3,0,4,6,4
1983,2,4,2,1,3,0,4,6,4
1984,2,4,1,1,3,0,4,6,4
1985,2,4,0,1,3,0,4,6,4
1986,2,4,0,1,3,0,4,6,4
1987,2,3,0,1,3,0,4,6,4
1988,2,3,0,1,3,0,4,6,4
1989,2,2,0,1,2,0,4,5,4
1990,2,2,0,0,2,0,4,5,4
1991,2,2,0,0,2,0,4,5,4
1992,1,2,0,0,2,0,4,5,4
1993,1,2,0,0,2,0,4,5,4
1994,1,2,0,0,2,0,4,5,4
1995,1,1,0,0,1,0,3,3,4
1996,1,1,0,0,1,0,3,2,4
1997,1,1,0,0,1,0,2,2,4
1998,1,0,0,0,0,0,1,1,4
1999,1,0,0,0,0,0,0,1,4
2000,1,0,0,0,0,0,0,1,4
2001,1,0,0,0,0,0,0,1,4
2002,1,0,0,0,0,0,0,1,4
2003,1,0,0,0,0,0,0,0,4
2004,1,0,0,0,0,0,0,0,4
2005,1,0,0,0,0,0,0,0,4
2006,1,0,0,0,0,0,0,0,4
2007,1,0,0,0,0,0,0,0,4
2008,1,1,2,1,0,1,2,2,-1
2009,1,2,2,1,1,1,3,3,-1
2010,1,3,2,1,2,2,5,5,-1
2011,1,3,3,1,2,2,5,5,-1
2012,1,3,3,1,2,2,5,5,-1
2013,1,4,3,1,2,2,5,6,-1
2014,1,4,3,1,2,2,5,6,-1
2015,1,4,3,1,2,2,5,7,-1
2016,2,9,2,1,7,1,9,14,-1
2017,2,8,2,1,6,1,7,12,-1
2018,2,7,2,1,5,1,7,12,-1
2019,2,8,2,1,5,1,8,14,-1
2020,2,10,1,1,7,2,7,15,-1
2021,2,10,2,1,7,2,7,16,-1
2022,2,9,2,1,7,2,9,14,-1
2023,2,10,2,1,8,2,10,15,-1
2024,2,9,2,1,7,1,10,12,-1
2025,2,9,2,1,7,1,9,12,-1
2026,2,9,2,1,7,1,9,12,-1
2027,2,9,2,1,7,1,9,12,-1
2028,2,8,2,1,6,1,8,11,-1
2029,2,8,2,1,6,1,8,12,-1
2030,2,8,2,1,6,1,8,12,-1
2031,2,8,2,1,6,1,8,12,-1
2032,2,7,2,1,5,0,8,8,7
2033,2,7,2,1,5,0,8,8,7
2034,2,5,2,1,4,0,7,7,-1
2035,2,5,2,1,4,0,6,7,-1
2036,2,4,2,1,3,0,5,6,4
2037,2,4,2,1,3,0,4,6,4
2038,2,4,2,1,3,0,4,6,4
2039,2,4,1,1,3,0,4,6,4
2040,2,4,1,1,3,0,4,6,4
2041,2,4,1,1,3,0,4,6,4
2042,2,4,1,1,3,0,4,6,4
2043,2,4,0,1,3,0,4,6,4
2044,2,3,0,1,3,0,4,6,4
2045,2,2,0,1,2,0,4,5,4
2046,2,2,0,0,2,0,4,5,4
2047,1,2,0,0,2,0,4,5,4
2048,1,2,0,0,2,0,4,5,4
2049,1,2,0,0,2,0,4,5,4
2050,1,2,0,0,2,0,4,5,4
2051,1,1,0,0,1,0,3,3,4
2052,1,1,0,0,1,0,3,2,4
2053,1,1,0,0,1,0,2,2,4
2054,1,0,0,0,0,0,1,1,4
2055,1,0,0,0,0,0,0,1,4
2056,1,0,0,0,0,0,0,1,4
2057,1,0,0,0,0,0,0,1,4
2058,1,0,0,0,0,0,0,1,4
2059,1,0,0,0,0,0,0,0,4
2060,1,0,0,0,0,0,0,0,4
2061,1,0,0,0,0,0,0,0,4
2062,1,0,0,0,0,0,0,0,4
2063,1,1,2,0,1,1,1,3,-1
2064,1,2,2,1,1,1,3,3,-1
2065,1,2,3,1,1,1,4,3,-1
2066,1,2,3,1,1,1,5,3,-1
2067,1,4,3,1,3,2,6,6,-1
2068,1,5,3,1,3,2,7,8,8
2069,1,5,3,2,3,2,7,8,8
2070,1,5,3,2,3,2,8,8,8
2071,1,5,3,2,3,2,8,8,8
2072,2,9,3,1,8,1,10,14,-1
2073,2,10,3,1,9,2,8,15,-1
2074,2,9,2,1,7,2,8,14,-1
2075,2,9,3,1,6,2,7,14,-1
2076,2,10,3,1,7,2,8,16,-1
2077,2,10,3,1,7,2,8,16,-1
2078,2,10,2,1,7,2,9,16,-1
2079,2,11,2,1,8,2,10,15,-1
2080,2,10,2,1,8,2,10,15,-1
2081,2,9,2,1,7,1,10,12,-1
2082,2,9,2,1,7,1,9,12,-1
2083,2,9,2,1,7,1,9,12,-1
2084,2,9,2,1,7,1,8,11,-1
2085,2,8,2,1,6,1,8,12,-1
2086,2,8,2,1,6,1,8,12,-1
2087,2,8,2,1,6,1,8,12,-1
2088,2,7,2,1,5,1,7,11,-1
2089,2,7,2,1,5,1,7,9,-1
2090,2,6,2,1,4,0,6,7,-1
2091,2,4,2,1,3,0,5,6,4
2092,2,4,2,1,3,0,5,6,4
2093,2,4,2,1,3,0,4,6,4
2094,2,4,1,1,3,0,4,6,4
2095,2,4,1,1,3,0,4,6,4
2096,2,4,1,1,3,0,4,6,4
2097,2,4,1,1,3,0,4,6,4
2098,2,4,1,1,3,0,4,6,4
2099,2,4,1,1,3,0,4,6,4
2100,2,4,0,1,3,0,4,6,4
2101,2,2,0,1,2,0,4,5,4
2102,2,2,0,0,2,0,4,5,4
2103,1,2,0,0,2,0,4,5,4
2104,1,2,0,0,2,0,4,6,4
2105,1,2,0,0,2,0,4,6,4
2106,1,1,0,0,1,0,3,4,4
2107,1,1,0,0,1,0,3,4,4
2108,1,1,0,0,1,0,3,3,4
2109,1,1,0,0,1,0,1,3,4
2110,1,0,0,0,0,0,1,2,4
2111,1,0,0,0,0,0,0,2,4
2112,1,0,0,0,0,0,0,2,4
2113,1,0,0,0,0,0,0,2,4
2114,1,0,0,0,0,0,0,2,4
2115,1,0,0,0,0,0,0,2,4
2116,1,0,0,0,0,0,0,0,4
2117,1,0,0,0,0,0,0,0,4
2118,1,0,0,0,1,0,0,1,4
2119,1,2,3,0,1,1,4,3,-1
2120,1,3,3,1,1,1,5,4,-1
2121,1,3,3,2,2,1,5,4,-1
2122,1,3,3,2,2,1,6,5,-1
2123,1,4,3,2,2,1,7,6,-1
2124,1,5,3,2,3,2,7,8,8
2125,1,5,3,2,3,2,8,8,8
2126,1,5,3,2,3,2,8,8,8
2127,1,5,3,2,3,2,8,8,8
2128,2,10,3,1,9,2,10,16,-1
2129,2,10,3,1,8,2,9,15,-1
2130,2,9,4,1,7,2,9,14,-1
2131,2,9,4,1,7,2,9,14,-1
2132,2,10,4,1,8,2,10,16,-1
2133,2,10,4,1,8,2,10,16,-1
2134,2,10,4,1,8,2,11,16,-1
2135,2,11,2,1,8,2,12,17,-1
2136,2,11,2,1,8,2,11,15,-1
2137,2,10,2,1,8,2,11,14,-1
2138,2,9,2,1,7,1,9,12,-1
2139,2,9,2,1,7,1,9,12,-1
2140,2,9,2,1,7,1,9,13,-1
2141,2,9,2,1,7,1,8,12,-1
2142,2,7,2,1,5,1,8,11,-1
2143,2,7,2,1,5,1,7,11,-1
2144,2,7,2,1,5,1,6,11,-1
2145,2,7,2,1,5,1,6,9,-1
2146,2,6,2,1,4,1,5,8,-1
2147,2,5,2,1,4,1,5,8,-1
2148,2,4,2,1,3,0,4,6,4
2149,2,4,1,1,3,0,4,6,4
2150,2,4,1,1,3,0,4,6,4
2151,2,4,1,1,3,0,4,6,4
2152,2,4,1,1,3,0,4,6,4
2153,2,4,1,1,3,0,4,6,4
2154,2,4,1,1,3,0,4,6,4
2155,2,4,1,1,3,0,4,6,4
2156,2,4,1,1,3,0,4,6,4
2157,2,3,0,1,3,0,4,5,4
2158,1,2,0,1,2,0,4,6,4
2159,1,2,0,0,2,0,4,6,4
2160,1,2,0,0,2,0,4,6,4
2161,1,2,0,0,2,0,4,6,4
2162,1,1,0,0,1,0,3,4,4
2163,1,1,0,0,1,0,3,4,4
2164,1,1,0,0,1,0,3,3,4
2165,1,1,0,0,1,0,1,3,4
2166,1,0,0,0,0,0,1,2,4
2167,1,0,0,0,0,0,0,2,4
2168,1,0,0,0,0,0,0,2,4
2169,1,0,0,0,0,0,0,2,4
2170,1,0,0,0,0,0,0,2,4
2171,1,0,0,0,0,0,0,2,4
2172,1,0,0,0,0,0,0,1,4
2173,1,0,0,0,0,0,0,1,4
2174,1,2,3,1,1,1,4,4,-1
2175,1,3,3,1,2,1,6,4,-1
2176,1,3,3,1,2,1,6,4,-1
2177,1,3,3,2,2,1,6,5,-1
2178,1,4,3,2,2,1,6,6,-1
2179,1,4,3,2,2,1,6,6,-1
2180,1,4,3,2,2,1,7,6,-1
2181,1,4,3,2,2,1,7,6,-1
2182,1,5,3,2,3,2,7,8,8
2183,1,5,3,2,3,2,7,8,8
2184,2,9,2,1,8,2,9,15,-1
2185,2,9,2,1,7,2,9,14,-1
2186,2,9,4,1,6,2,9,14,-1
2187,2,9,4,1,7,2,9,15,-1
2188,2,9,4,1,7,2,9,15,-1
2189,2,10,4,1,8,2,10,17,-1
2190,2,10,4,1,8,2,11,17,-1
2191,2,11,4,1,9,2,13,18,-1
2192,2,11,3,1,9,2,12,18,-1
2193,2,10,2,1,8,2,11,16,-1
2194,2,9,2,1,7,1,11,13,-1
2195,2,8,2,1,6,1,10,12,-1
2196,2,8,2,1,6,1,8,13,-1
2197,2,8,2,1,6,1,7,11,-1
2198,2,7,2,1,5,1,6,11,-1
2199,2,7,2,1,5,1,6,11,-1
2200,2,7,2,1,5,1,6,11,-1
2201,2,6,2,1,4,1,6,10,-1
2202,2,6,2,1,4,1,5,8,-1
2203,2,6,1,1,4,1,4,8,-1
2204,2,5,1,1,4,1,4,8,-1
2205,2,4,1,1,3,0,4,6,4
2206,2,4,1,1,3,0,4,6,4
2207,2,4,1,1,3,0,4,6,4
2208,2,4,1,1,3,0,4,6,4
2209,2,4,1,1,3,0,4,6,4
2210,2,4,1,1,3,0,4,6,4
2211,2,4,1,1,3,0,4,6,4
2212,2,4,1,1,3,0,4,7,4
2213,2,3,1,1,3,0,4,7,4
2214,1,2,0,1,2,0,4,7,4
2215,1,2,0,0,2,0,4,7,4
2216,1,2,0,0,2,0,4,7,4
2217,1,1,0,0,2,0,3,5,4
2218,1,1,0,0,1,0,3,5,4
2219,1,1,0,0,1,0,3,5,4
2220,1,1,0,0,1,0,3,4,4
2221,1,1,0,0,1,0,1,4,4
2222,1,0,0,0,0,0,1,2,4
2223,1,0,0,0,0,0,0,2,4
2224,1,0,0,0,0,0,0,2,4
2225,1,0,0,0,0,0,0,2,4
2226,1,0,0,0,0,0,0,2,4
2227,1,0,0,0,0,0,0,2,4
2228,1,0,1,1,0,0,1,1,4
2229,1,2,1,1,1,0,3,3,-1
2230,1,3,3,1,2,1,6,5,-1
2231,1,3,3,1,2,1,6,5,-1
2232,1,3,3,1,2,1,6,6,-1
2233,1,3,3,2,2,1,6,5,-1
2234,1,4,3,2,2,1,6,6,-1
2235,1,4,3,2,2,1,6,6,-1
2236,1,4,3,2,2,1,6,6,-1
2237,1,4,3,2,2,1,6,6,-1
2238,1,4,3,2,2,1,6,6,-1
2239,1,4,3,3,2,1,7,6,-1
2240,2,11,2,1,8,2,8,19,-1
2241,2,10,3,1,7,2,7,17,-1
2242,2,10,3,1,8,2,7,17,-1
2243,2,9,3,1,7,2,8,15,-1
2244,2,9,4,1,7,2,8,15,-1
2245,2,9,4,1,8,2,9,16,-1
2246,2,9,4,1,8,2,10,16,-1
2247,2,10,4,1,9,2,11,17,-1
2248,2,10,4,1,9,2,12,17,-1
2249,2,10,3,1,8,2,11,17,-1
2250,2,9,3,1,7,2,10,14,-1
2251,2,8,2,1,6,1,9,12,-1
2252,2,8,2,1,6,1,8,13,-1
2253,2,8,2,1,6,1,8,13,-1
2254,2,7,2,1,5,1,6,12,-1
2255,2,7,2,1,5,1,6,12,-1
2256,2,6,2,1,4,1,6,10,-1
2257,2,6,1,1,4,1,5,10,-1
2258,2,6,1,1,4,1,5,8,-1
2259,2,6,1,1,4,1,4,8,-1
2260,2,5,1,1,4,1,4,8,-1
2261,2,5,1,1,4,1,4,8,-1
2262,2,4,1,1,3,0,4,6,4
2263,2,4,1,1,3,0,4,6,4
2264,2,4,1,1,3,0,4,6,4
2265,2,4,1,1,3,0,4,6,4
2266,2,4,1,1,3,0,4,7,4
2267,2,4,1,1,3,0,4,8,4
2268,2,4,1,1,3,0,4,8,4
2269,1,3,1,1,2,0,4,7,4
2270,1,3,0,1,2,0,4,7,4
2271,1,2,0,0,2,0,4,7,4
2272,1,2,0,0,2,0,4,7,4
2273,1,1,0,0,1,0,3,5,4
2274,1,1,0,0,1,0,3,5,4
2275,1,1,0,0,1,0,3,5,4
2276,1,1,0,0,1,0,2,4,4
2277,1,0,0,0,1,0,1,3,4
2278,1,0,0,0,0,0,1,3,4
2279,1,0,0,0,0,0,0,3,4
2280,1,0,0,0,0,0,0,3,4
2281,1,0,0,0,0,0,0,2,4
2282,1,0,0,0,0,0,0,2,4
2283,1,0,0,1,0,0,2,2,4
2284,1,1,1,1,1,0,3,2,4
2285,1,2,1,1,2,0,6,3,-1
2286,1,3,3,1,2,1,6,5,-1
2287,1,4,3,1,2,1,6,6,-1
2288,1,4,3,1,3,1,6,7,8
2289,1,5,3,1,3,1,6,8,8
2290,1,5,3,2,3,1,6,7,8
2291,1,5,3,2,3,1,6,7,8
2292,1,5,3,2,3,1,6,7,8
2293,1,5,3,3,3,1,6,7,8
2294,1,4,3,3,2,1,6,6,-1
2295,1,4,3,3,2,1,6,6,-1
2296,2,10,2,1,8,2,8,20,-1
2297,2,10,3,1,8,2,8,20,-1
2298,2,10,3,1,8,2,8,20,-1
2299,2,9,3,1,7,2,7,15,-1
2300,2,9,3,1,7,2,7,15,-1
2301,2,9,3,1,7,2,7,16,-1
2302,2,10,3,1,8,2,8,17,-1
2303,2,10,3,1,8,2,9,17,-1
2304,2,11,4,1,9,2,11,18,-1
2305,2,10,4,1,9,2,11,17,-1
2306,2,9,3,1,9,2,10,14,-1
2307,2,8,3,1,8,1,9,12,-1
2308,2,8,2,1,7,1,8,13,-1
2309,2,8,1,1,6,1,8,13,-1
2310,2,7,1,1,5,1,7,11,-1
2311,3,6,1,1,4,1,6,11,-1
2312,3,6,1,1,4,1,5,11,-1
2313,3,6,1,1,4,1,4,11,-1
2314,3,6,1,1,4,1,4,8,-1
2315,3,6,1,1,4,1,4,8,-1
2316,3,5,1,1,4,1,4,8,-1
2317,3,5,1,1,4,1,4,8,-1
2318,3,5,1,1,4,1,4,8,-1
2319,3,4,1,1,3,0,4,6,4
2320,3,4,1,1,3,0,4,7,4
2321,2,4,1,1,3,0,4,7,4
2322,2,4,1,1,3,0,4,8,4
2323,2,4,1,1,3,0,4,8,4
2324,1,4,1,1,3,0,4,8,4
2325,1,3,1,1,2,0,4,7,4
2326,1,3,1,1,2,0,4,7,4
2327,1,2,0,0,2,0,4,7,4
2328,1,1,0,0,1,0,3,5,4
2329,1,1,0,0,1,0,3,5,4
2330,1,1,0,0,1,0,3,5,4
2331,1,1,0,0,1,0,3,5,4
2332,1,1,0,0,1,0,2,4,4
2333,1,0,0,0,0,0,1,3,4
2334,1,0,0,0,0,0,0,3,4
2335,1,0,0,0,0,0,0,3,4
2336,1,0,0,0,0,0,0,3,4
2337,1,0,0,0,0,0,0,3,4
2338,1,0,0,1,0,0,2,3,4
2339,1,1,1,1,0,0,3,3,-1
2340,1,3,1,1,3,0,4,4,4
2341,1,4,1,1,3,1,6,6,4
2342,1,4,3,1,3,1,6,7,8
2343,1,4,3,1,3,1,6,7,8
2344,1,4,3,1,3,1,6,7,8
2345,1,5,3,1,3,1,6,8,8
2346,1,5,3,1,3,1,6,8,8
2347,1,5,3,2,3,1,6,7,8
2348,1,5,3,3,3,1,6,7,8
2349,1,5,3,3,3,1,6,7,8
2350,1,5,3,3,3,1,7,7,8
2351,1,5,3,3,3,1,6,7,8
2352,2,10,3,1,8,2,9,21,-1
2353,2,10,3,1,8,2,9,21,-1
2354,2,10,3,1,8,2,9,20,-1
2355,2,9,3,1,7,2,9,19,-1
2356,2,9,3,1,8,2,9,19,-1
2357,2,9,3,1,8,2,8,17,-1
2358,2,9,3,1,8,2,8,17,-1
2359,2,10,3,1,9,2,10,19,-1
2360,3,10,3,1,9,2,12,18,-1
2361,3,11,3,1,10,2,12,19,-1
2362,3,11,2,1,10,2,12,16,-1
2363,3,7,2,1,9,1,11,11,-1
2364,3,7,2,1,8,1,9,11,-1
2365,3,7,1,1,7,1,9,12,-1
2366,3,7,1,1,6,1,6,11,-1
2367,3,6,1,1,4,1,6,11,-1
2368,3,6,1,1,4,1,5,11,-1
2369,3,6,1,1,4,1,4,11,-1
2370,3,6,1,1,4,1,4,11,-1
2371,3,6,1,1,4,1,4,9,-1
2372,3,6,1,1,4,1,4,8,-1
2373,3,5,1,1,4,1,4,8,-1
2374,3,5,1,1,4,1,4,8,-1
2375,3,5,1,1,4,1,4,9,-1
2376,3,4,1,1,3,0,4,7,4
2377,3,4,1,1,3,0,4,8,4
2378,3,4,1,1,3,0,4,8,4
2379,2,4,1,1,3,0,4,8,4
2380,2,4,1,1,3,0,4,8,4
2381,2,3,1,1,2,0,4,7,4
2382,2,3,1,1,2,0,4,7,4
2383,1,1,0,0,1,0,3,5,4
2384,1,2,0,0,1,0,3,5,4
2385,1,2,0,0,1,0,3,5,4
2386,1,2,0,0,1,0,3,5,4
2387,1,2,0,0,1,0,2,4,4
2388,1,1,0,0,0,0,1,3,4
2389,1,1,0,0,0,0,1,3,4
2390,1,1,0,0,0,0,0,3,4
2391,1,1,0,0,0,0,0,3,4
2392,1,1,0,0,0,0,0,3,4
2393,1,1,0,1,0,0,1,3,4
2394,1,2,1,1,1,0,2,4,-1
2395,1,3,1,1,2,0,3,5,-1
2396,1,3,1,1,3,0,5,5,4
2397,1,4,1,1,3,1,6,6,4
2398,1,4,3,1,3,1,6,7,8
2399,1,4,3,1,3,1,6,7,8
2400,1,5,3,1,3,1,6,8,8
2401,1,5,3,1,3,1,7,8,8
2402,1,5,3,1,3,1,7,8,8
2403,1,5,3,1,3,1,7,8,8
2404,1,5,3,3,3,1,7,7,8
2405,1,5,3,3,3,1,7,7,8
2406,1,5,3,3,3,1,7,7,8
2407,1,5,3,3,3,1,7,7,8
2408,2,9,3,2,7,2,9,20,-1
2409,2,9,3,1,8,2,11,20,-1
2410,2,9,3,1,8,2,11,19,-1
2411,2,8,3,1,7,2,11,18,-1
2412,3,8,3,1,7,2,11,18,-1
2413,3,8,3,1,7,2,11,19,-1
2414,3,8,3,1,7,2,10,16,-1
2415,3,8,3,1,7,2,9,16,-1
2416,3,8,3,1,8,2,11,18,-1
2417,3,10,3,1,9,2,12,18,-1
2418,3,10,3,1,9,2,12,17,-1
2419,3,8,2,1,8,1,12,13,-1
2420,3,7,2,1,8,1,8,12,-1
2421,3,7,2,1,7,1,8,13,-1
2422,3,7,1,1,7,1,6,11,-1
2423,3,6,1,1,6,1,6,11,-1
2424,3,6,1,1,6,1,6,11,-1
2425,3,6,1,1,4,1,4,11,-1
2426,3,6,1,1,4,1,4,11,-1
2427,3,6,1,1,4,1,4,9,-1
2428,3,6,1,1,4,1,4,9,-1
2429,3,5,1,1,4,1,4,8,-1
2430,3,5,1,1,4,1,4,9,-1
2431,3,5,1,1,4,1,4,10,-1
2432,3,5,1,1,4,1,4,11,-1
2433,3,4,1,1,3,0,4,9,-1
2434,3,4,1,1,3,0,4,9,-1
2435,2,4,1,1,3,0,4,9,-1
2436,2,4,1,1,3,0,4,8,4
2437,2,2,1,1,2,0,4,8,-1
2438,2,3,1,1,1,0,3,6,-1
2439,2,2,0,0,1,0,3,6,4
2440,2,2,0,0,1,0,3,6,4
2441,2,2,0,0,1,0,3,6,4
2442,2,2,0,0,1,0,2,6,-1
2443,1,2,0,0,1,0,1,4,4
2444,1,1,0,0,0,0,1,3,4
2445,1,1,0,0,0,0,0,3,4
2446,1,1,0,0,0,0,0,3,4
2447,1,1,0,0,0,0,0,3,4
2448,1,2,0,1,1,0,0,4,-1
2449,1,2,0,1,1,0,2,4,4
2450,1,3,1,1,2,0,3,5,-1
2451,1,3,1,1,2,0,3,4,-1
2452,1,4,1,1,3,0,5,5,4
2453,1,5,1,1,3,1,6,8,-1
2454,1,5,3,1,3,1,7,7,8
2455,1,4,3,1,3,1,7,7,8
2456,1,5,3,1,3,1,7,8,8
2457,1,5,3,1,3,1,7,8,8
2458,1,5,3,1,3,1,7,8,8
2459,1,5,3,2,3,1,7,8,8
2460,1,5,3,2,3,1,7,8,8
2461,1,5,3,3,3,1,7,7,8
2462,1,5,3,3,3,1,7,7,8
2463,1,5,3,3,3,1,7,7,8
2464,2,10,4,2,8,3,11,20,-1
2465,3,9,4,1,8,2,11,19,-1
2466,3,9,4,1,8,2,11,19,-1
2467,3,8,4,1,7,2,11,18,-1
2468,3,8,4,1,7,2,11,18,-1
2469,3,8,4,1,7,2,11,18,-1
2470,3,8,4,1,7,2,11,19,-1
2471,3,8,4,1,7,2,10,16,-1
2472,3,8,4,1,7,2,10,16,-1
2473,3,8,4,1,7,2,10,16,-1
2474,3,10,4,1,9,2,12,17,-1
2475,3,8,2,1,8,1,12,13,-1
2476,3,8,2,1,8,1,8,13,-1
2477,3,8,2,1,8,1,7,13,-1
2478,3,7,2,1,7,1,6,12,-1
2479,3,6,1,1,6,1,6,11,-1
2480,3,6,1,1,6,1,6,11,-1
2481,3,6,1,1,6,1,6,11,-1
2482,3,6,1,1,5,1,5,9,-1
2483,3,6,1,1,4,1,4,9,-1
2484,3,6,1,1,4,1,4,9,-1
2485,3,5,1,1,4,1,4,11,-1
2486,3,5,1,1,4,1,4,10,-1
2487,3,5,1,1,4,1,4,10,-1
2488,3,5,1,1,4,1,4,11,-1
2489,3,4,1,1,3,0,4,9,-1
2490,2,4,1,1,3,0,4,9,-1
2491,2,4,1,1,3,0,4,9,-1
2492,2,3,1,1,1,0,3,6,-1
2493,2,3,1,1,1,0,3,6,-1
2494,2,3,1,0,1,0,3,6,-1
2495,2,2,0,0,1,0,3,6,4
2496,2,2,0,0,1,0,3,6,4
2497,2,2,0,0,1,0,2,6,-1
2498,2,2,0,0,1,0,2,5,4
2499,2,1,0,0,0,0,1,4,4
2500,2,1,0,0,0,0,1,4,4
2501,2,1,0,0,0,0,0,4,4
2502,1,1,0,0,0,0,0,3,4
2503,1,2,0,0,1,0,0,4,4
2504,1,2,0,1,1,0,1,4,-1
2505,1,2,0,1,1,0,3,4,4
2506,1,3,1,1,2,0,3,5,-1
2507,1,3,1,1,2,0,3,4,-1
2508,1,4,1,1,3,0,6,5,4
2509,1,5,1,1,3,1,7,8,-1
2510,1,5,3,1,3,1,7,8,8
2511,1,5,3,1,3,1,7,7,8
2512,1,5,3,1,3,1,7,8,8
2513,1,5,3,1,3,1,7,8,8
2514,1,5,3,2,3,1,7,8,8
2515,1,5,3,2,3,1,7,8,8
2516,1,5,3,2,3,1,7,8,8
2517,1,5,4,3,3,1,7,7,8
2518,1,5,4,4,3,1,7,8,8
2519,1,5,4,4,3,1,7,8,8
2520,3,10,4,2,8,3,9,19,-1
2521,3,10,4,1,8,3,9,19,-1
2522,3,9,4,1,7,3,10,18,-1
2523,3,8,4,1,7,2,10,18,-1
2524,3,8,4,1,7,2,10,18,-1
2525,3,8,4,1,7,2,10,18,-1
2526,3,8,4,1,7,2,10,18,-1
2527,3,8,4,1,7,2,9,16,-1
2528,3,8,4,1,7,2,9,16,-1
2529,3,8,4,1,7,2,9,15,-1
2530,3,8,4,1,7,2,11,15,-1
2531,3,7,4,1,7,1,9,11,-1
2532,3,7,4,1,8,1,10,13,-1
2533,3,8,4,1,8,1,8,13,-1
2534,3,8,3,1,7,1,6,12,-1
2535,3,6,2,1,6,1,6,12,-1
2536,3,6,2,1,6,1,6,12,-1
2537,3,6,2,1,6,1,6,11,-1
2538,3,6,2,1,6,1,6,9,-1
2539,3,6,2,1,5,1,5,10,-1
2540,3,5,1,1,4,1,4,11,-1
2541,3,5,1,1,4,1,4,11,-1
2542,3,5,1,1,4,1,4,10,-1
2543,3,5,1,1,4,1,4,11,-1
2544,3,5,1,1,4,1,4,11,-1
2545,2,3,1,1,3,0,4,9,-1
2546,2,3,1,1,2,0,3,7,4
2547,2,3,1,1,1,0,3,6,-1
2548,2,3,1,1,1,0,3,6,-1
2549,2,4,1,1,1,1,3,8,-1
2550,2,6,1,0,1,1,3,8,-1
2551,2,5,1,0,1,1,3,8,-1
2552,2,4,0,0,1,0,2,6,-1
2553,2,3,0,0,1,0,2,7,-1
2554,2,3,0,0,0,0,1,6,-1
2555,2,3,0,0,0,0,1,6,-1
2556,2,3,0,0,0,0,0,6,-1
2557,2,3,0,0,0,0,0,4,4
2558,2,2,0,0,1,0,0,5,4
2559,2,2,0,1,1,0,0,4,-1
2560,2,2,0,1,1,0,2,4,-1
2561,1,3,1,1,2,0,3,5,-1
2562,1,3,1,1,2,0,3,5,-1
2563,1,3,1,1,2,0,5,4,-1
2564,1,4,1,1,3,0,5,6,4
2565,1,4,1,1,3,0,7,6,-1
2566,1,5,1,1,3,1,7,8,-1
2567,1,5,3,1,3,1,7,8,8
2568,1,6,3,1,3,1,7,8,8
2569,1,6,3,1,3,1,7,8,8
2570,1,5,3,2,3,1,7,8,8
2571,1,5,4,3,3,1,7,8,8
2572,1,5,4,4,3,1,7,8,8
2573,1,5,4,4,3,1,7,8,8
2574,1,5,4,4,3,1,7,8,8
2575,1,5,4,4,3,1,7,8,8
2576,3,9,5,1,7,3,10,18,-1
2577,3,10,5,1,8,3,10,19,-1
2578,3,9,4,1,7,3,10,18,-1
2579,3,9,4,1,7,3,10,18,-1
2580,3,9,4,1,7,3,10,20,-1
2581,3,9,4,1,7,3,10,20,-1
2582,3,9,4,1,7,3,10,20,-1
2583,3,9,4,1,7,3,10,20,-1
2584,3,8,5,1,7,2,9,16,-1
2585,3,8,5,1,7,2,9,15,-1
2586,3,8,5,1,7,2,9,15,-1
2587,3,6,5,1,6,1,11,11,-1
2588,3,6,4,1,6,1,9,10,-1
2589,3,7,4,1,7,1,8,11,-1
2590,3,6,4,1,6,1,6,11,-1
2591,3,5,3,1,5,2,6,10,-1
2592,3,5,2,1,6,2,6,12,-1
2593,3,5,2,1,6,2,6,12,-1
2594,3,6,2,1,6,2,6,10,-1
2595,3,6,2,1,6,2,5,11,-1
2596,3,4,2,1,5,2,5,11,-1
2597,3,4,2,1,4,2,4,11,-1
2598,3,4,2,1,3,2,3,9,-1
2599,3,4,1,1,3,2,3,9,-1
2600,2,5,1,1,3,3,3,11,-1
2601,2,8,1,1,4,3,3,12,-1
2602,2,7,1,1,2,1,3,9,-1
2603,2,8,1,1,2,1,3,9,-1
2604,2,8,1,1,2,1,3,11,-1
2605,2,8,1,0,2,1,3,11,-1
2606,2,8,1,0,2,1,2,11,-1
2607,2,7,0,0,2,1,2,11,-1
2608,2,6,0,0,1,1,1,10,9
2609,2,6,0,0,1,1,1,9,9
2610,2,6,0,0,0,1,1,9,9
2611,2,4,0,0,0,1,0,8,-1
2612,2,4,0,0,0,1,0,8,-1
2613,2,4,0,0,1,0,0,7,-1
2614,2,4,0,0,1,0,0,7,-1
2615,2,4,0,1,1,0,0,7,-1
2616,2,4,0,1,1,0,2,7,-1
2617,2,5,1,1,2,0,3,5,4
2618,2,3,1,1,2,0,4,4,4
2619,1,3,1,1,2,0,4,4,-1
2620,1,4,1,1,3,0,5,6,4
2621,1,4,1,1,3,0,7,6,-1
2622,1,5,1,1,3,1,7,8,-1
2623,1,5,3,1,3,1,7,8,8
2624,1,6,3,1,3,1,7,8,8
2625,1,6,3,3,3,1,7,8,8
2626,1,6,4,4,3,1,7,8,8
2627,1,5,4,4,3,1,7,8,8
2628,1,5,4,4,3,1,7,8,8
2629,1,6,4,4,4,1,7,9,8
2630,1,6,4,4,4,1,7,8,8
2631,1,6,4,4,4,1,7,8,8
2632,3,10,5,0,7,4,10,20,-1
2633,3,9,5,0,6,4,10,19,-1
2634,3,10,5,1,7,4,10,20,-1
2635,3,10,4,1,7,4,10,20,-1
2636,3,10,4,1,7,4,10,20,-1
2637,3,9,4,1,7,3,10,20,-1
2638,3,9,5,1,7,3,10,20,-1
2639,3,9,5,1,7,3,10,20,-1
2640,3,9,5,1,7,3,9,16,-1
2641,3,9,5,1,7,3,9,17,-1
2642,3,9,5,1,7,3,9,17,-1
2643,3,7,5,1,6,2,9,13,-1
2644,3,7,4,1,6,3,9,12,-1
2645,3,6,4,1,6,2,7,9,-1
2646,3,5,4,1,5,2,6,9,-1
2647,3,6,4,1,5,2,6,11,-1
2648,3,5,3,1,5,2,6,10,-1
2649,3,5,2,1,5,2,5,9,-1
2650,3,5,2,1,5,2,5,9,-1
2651,3,5,2,1,5,2,5,9,-1
2652,3,4,2,1,4,2,4,9,-1
2653,3,4,2,1,4,2,4,9,-1
2654,3,7,2,1,4,3,3,12,-1
2655,2,7,2,1,4,3,3,13,-1
2656,2,7,2,1,4,3,3,12,-1
2657,2,10,1,1,3,3,3,11,-1
2658,2,8,1,1,2,2,3,11,-1
2659,2,8,1,1,2,2,3,11,-1
2660,2,8,1,0,2,2,2,11,9
2661,2,8,1,0,2,1,2,11,-1
2662,2,7,1,0,1,1,2,10,9
2663,2,6,0,0,1,1,1,10,9
2664,2,6,0,0,1,1,1,9,9
2665,2,6,0,0,1,1,1,9,9
2666,2,6,0,0,1,1,0,9,9
2667,2,6,0,0,1,1,0,9,9
2668,2,7,0,0,1,1,0,9,9
2669,2,5,0,0,1,1,0,9,9
2670,2,5,0,0,1,1,0,9,9
2671,2,4,0,1,1,0,1,7,-1
2672,2,4,0,1,1,0,3,7,-1
2673,2,5,1,1,2,0,4,7,4
2674,2,5,1,1,2,0,4,6,4
2675,2,5,1,1,2,0,4,6,4
2676,2,4,1,1,3,0,5,6,4
2677,1,4,1,1,3,0,7,6,-1
2678,1,5,1,1,3,1,7,8,-1
2679,1,5,1,3,3,1,7,8,-1
2680,1,5,3,3,3,1,7,8,8
2681,1,6,4,4,3,1,7,8,8
2682,1,6,4,4,3,1,7,8,8
2683,1,7,4,4,4,1,7,8,8
2684,1,6,4,4,4,1,7,9,8
2685,1,6,4,4,4,1,7,9,8
2686,1,6,4,4,4,1,7,8,8
2687,1,6,4,4,4,1,7,9,8
2688,3,10,6,0,7,4,12,20,-1
2689,3,9,6,0,6,4,11,19,-1
2690,3,9,6,0,6,4,11,19,-1
2691,3,10,6,1,7,4,10,20,-1
2692,3,10,4,1,7,4,10,20,-1
2693,3,10,5,1,7,4,10,20,-1
2694,3,9,5,1,7,3,10,21,-1
2695,3,9,5,1,7,3,11,21,-1
2696,3,9,5,1,7,3,11,20,-1
2697,3,9,5,1,7,3,10,17,-1
2698,3,8,5,1,6,3,10,15,-1
2699,3,7,5,1,6,3,9,13,-1
2700,3,7,4,1,6,3,8,13,-1
2701,3,7,4,1,6,3,6,11,-1
2702,3,6,4,1,5,3,6,11,-1
2703,3,5,4,1,4,2,6,9,-1
2704,3,4,3,1,4,2,6,10,-1
2705,3,4,3,1,4,2,6,8,-1
2706,3,5,2,1,5,2,4,10,-1
2707,3,4,2,1,5,2,4,9,-1
2708,3,7,2,1,6,3,3,12,-1
2709,3,7,2,1,5,3,3,12,-1
2710,2,7,2,1,5,3,3,12,-1
2711,2,9,2,1,4,3,2,13,-1
2712,2,9,2,1,3,3,2,11,-1
2713,2,9,2,1,3,3,2,13,-1
2714,2,8,1,1,2,2,2,11,-1
2715,2,7,1,1,1,2,2,10,9
2716,2,7,1,0,1,2,2,10,9
2717,2,7,1,0,1,2,1,10,9
2718,2,6,1,0,1,1,1,9,9
2719,2,6,0,0,1,1,1,9,9
2720,2,6,0,0,1,1,0,9,9
2721,2,6,0,0,1,1,0,9,9
2722,2,6,0,0,1,1,0,9,9
2723,2,6,0,0,1,1,0,9,9
2724,2,7,0,0,2,1,0,10,-1
2725,2,7,0,0,2,1,0,10,-1
2726,2,7,1,1,2,1,0,10,-1
2727,2,5,1,1,1,1,1,9,9
2728,2,5,1,1,1,1,3,8,-1
2729,2,5,2,1,2,0,4,7,4
2730,2,5,2,1,2,0,4,7,4
2731,2,5,2,1,2,0,4,6,4
2732,2,5,2,1,2,0,5,7,-1
2733,2,4,1,1,3,0,6,6,4
2734,2,4,1,3,3,0,7,6,-1
2735,1,5,1,3,3,1,7,8,-1
2736,1,5,2,3,3,1,7,8,8
2737,1,6,4,4,3,1,7,8,8
2738,1,7,4,4,4,1,7,8,8
2739,1,7,4,4,4,1,7,8,8
2740,1,6,4,4,4,1,7,9,8
2741,1,6,4,4,4,1,7,9,8
2742,1,6,4,4,4,1,7,9,8
2743,1,6,4,4,4,1,7,9,8
2744,3,8,5,0,6,4,13,19,-1
2745,3,9,6,0,6,4,13,19,-1
2746,3,9,6,0,6,4,12,20,-1
2747,3,9,7,0,6,4,13,20,-1
2748,3,9,7,1,6,4,13,20,-1
2749,3,10,6,1,7,4,11,21,-1
2750,3,10,5,1,7,4,11,21,-1
2751,3,9,5,1,7,3,11,20,-1
2752,3,9,5,1,7,3,11,20,-1
2753,3,9,5,1,7,4,10,17,-1
2754,3,7,5,1,6,3,10,13,-1
2755,3,7,4,1,6,3,9,13,-1
2756,3,7,4,1,6,3,8,13,-1
2757,3,6,4,1,5,3,7,12,-1
2758,3,6,4,1,5,3,5,11,-1
2759,3,6,4,1,4,3,5,12,-1
2760,3,6,3,1,4,3,5,10,-1
2761,3,4,3,1,4,2,5,8,-1
2762,3,6,3,1,4,2,6,10,-1
2763,3,6,2,1,5,3,4,12,-1
2764,2,6,2,1,5,3,3,11,-1
2765,2,6,2,1,4,3,3,11,-1
2766,2,8,2,1,3,3,3,10,-1
2767,2,8,2,1,3,3,3,13,-1
2768,2,8,2,1,2,3,2,12,-1
2769,2,8,2,1,2,3,1,12,-1
2770,2,7,2,0,1,2,1,10,9
2771,2,7,2,0,1,2,1,10,9
2772,2,7,1,0,1,2,1,10,9
2773,2,7,1,0,1,2,1,9,9
2774,2,6,1,0,1,2,0,9,9
2775,2,6,0,0,1,2,0,9,9
2776,2,6,0,0,1,1,0,9,9
2777,2,6,0,0,1,1,0,9,9
2778,2,6,1,0,1,1,0,9,9
2779,2,6,1,0,1,1,0,9,9
2780,2,7,1,0,2,2,1,11,9
2781,2,7,1,0,2,2,1,11,9
2782,2,7,1,1,2,2,1,11,9
2783,2,7,1,1,2,2,2,10,9
2784,2,7,1,1,2,2,5,10,-1
2785,2,6,2,1,2,2,5,10,-1
2786,2,5,2,1,2,1,5,8,-1
2787,2,5,2,1,2,0,5,6,4
2788,2,5,2,1,2,0,6,7,-1
2789,2,6,2,3,3,0,6,8,-1
2790,2,4,2,3,3,0,8,8,-1
2791,2,4,3,3,3,0,8,6,-1
2792,2,6,3,3,4,1,7,8,8
2793,1,7,2,4,4,1,7,8,-1
2794,1,7,4,4,4,1,7,8,8
2795,1,7,4,4,4,1,7,9,8
2796,1,7,4,4,4,1,7,10,8
2797,1,6,4,4,4,1,7,10,8
2798,1,6,4,4,4,1,7,9,8
2799,1,6,4,4,4,1,7,9,8
2800,3,8,5,0,6,4,13,20,-1
2801,3,8,6,0,6,4,14,20,-1
2802,3,9,7,0,6,4,14,20,-1
2803,3,9,7,0,6,4,14,20,-1
2804,3,9,7,0,6,4,14,20,-1
2805,3,9,7,1,6,4,14,20,-1
2806,3,9,6,1,6,4,13,19,-1
2807,3,9,6,1,7,3,11,20,-1
2808,3,9,5,1,7,4,11,20,-1
2809,3,8,5,1,6,3,10,15,-1
2810,3,7,5,1,6,3,9,13,-1
2811,3,7,4,1,6,3,8,13,-1
2812,3,6,4,1,5,3,8,13,-1
2813,3,6,4,1,5,3,7,12,-1
2814,3,6,4,1,5,3,6,14,-1
2815,3,6,4,1,4,3,5,12,-1
2816,3,6,3,1,4,3,5,11,-1
2817,3,7,3,1,5,3,5,10,-1
2818,3,6,3,1,5,3,4,11,-1
2819,2,6,2,1,5,3,3,12,-1
2820,2,6,2,1,4,3,2,10,-1
2821,2,7,2,1,3,3,2,10,-1
2822,2,7,2,1,3,3,2,12,-1
2823,2,8,2,1,3,3,2,13,-1
2824,2,8,2,1,2,3,1,12,-1
2825,2,7,2,0,1,2,1,10,9
2826,2,7,2,0,1,2,0,9,9
2827,2,7,2,0,1,2,0,9,9
2828,2,7,2,0,1,2,0,9,9
2829,2,6,1,0,1,2,0,9,9
2830,2,6,0,0,1,2,0,9,9
2831,2,6,0,0,1,2,0,9,9
2832,2,6,1,0,1,2,0,9,9
2833,2,6,1,0,1,2,0,10,9
2834,2,6,1,0,1,2,1,10,9
2835,2,7,1,0,2,2,1,11,9
2836,2,7,1,0,2,2,1,11,9
2837,2,7,1,0,2,2,1,10,9
2838,2,7,1,0,2,2,1,10,9
2839,2,7,1,1,2,2,2,10,9
2840,2,7,1,1,2,2,5,10,-1
2841,2,8,1,1,3,2,5,11,-1
2842,2,6,2,1,2,2,5,10,-1
2843,2,5,2,1,2,1,5,8,-1
2844,2,5,2,2,2,1,5,7,-1
2845,2,5,2,3,2,1,6,8,-1
2846,2,6,3,3,3,1,7,9,8
2847,2,4,3,3,4,0,8,8,-1
2848,2,5,3,3,4,0,8,6,-1
2849,2,6,3,4,4,1,8,8,-1
2850,1,7,3,4,4,1,8,8,-1
2851,1,7,4,4,4,1,7,10,8
2852,1,7,4,4,4,1,7,10,8
2853,1,6,4,4,4,1,7,10,8
2854,1,6,4,4,4,1,7,9,8
2855,1,6,4,4,4,1,8,9,8
2856,3,8,5,0,6,4,14,20,-1
2857,3,8,5,0,6,4,14,20,-1
2858,3,9,7,0,6,4,14,20,-1
2859,3,9,7,0,6,4,14,20,-1
2860,3,9,7,0,6,4,14,19,-1
2861,3,9,7,0,6,4,14,19,-1
2862,3,9,6,0,6,4,14,19,-1
2863,3,9,6,1,6,5,14,20,-1
2864,3,7,6,1,5,3,11,18,-1
2865,3,6,5,1,5,3,10,13,-1
2866,3,7,5,1,5,3,8,12,-1
2867,3,6,4,1,4,3,8,12,-1
2868,3,6,4,1,5,3,7,12,-1
2869,3,6,4,1,5,3,7,11,-1
2870,3,6,4,1,5,3,6,10,-1
2871,3,6,4,1,3,3,5,10,-1
2872,3,8,3,1,4,3,5,11,-1
2873,3,6,3,1,4,4,5,12,-1
2874,2,6,3,1,4,4,5,12,-1
2875,2,5,3,1,4,3,5,10,-1
2876,2,7,2,1,4,3,2,9,-1
2877,2,7,2,1,4,3,1,11,-1
2878,2,7,2,1,3,3,1,11,-1
2879,2,8,2,0,3,3,1,12,-1
2880,2,8,2,0,2,3,1,11,-1
2881,2,7,2,0,1,2,0,9,9
2882,2,7,2,0,1,2,0,9,9
2883,2,7,2,0,1,2,0,9,9
2884,2,7,2,0,1,2,0,9,9
2885,2,6,1,0,1,2,0,9,9
2886,2,6,0,0,1,2,0,9,9
2887,2,6,1,0,1,3,0,10,9
2888,2,6,1,0,1,3,1,10,9
2889,2,6,1,0,1,3,1,10,9
2890,2,6,1,0,1,2,2,10,9
2891,2,7,1,0,2,2,2,10,9
2892,2,7,1,0,2,2,2,10,9
2893,2,7,1,0,2,2,2,10,9
2894,2,7,1,0,2,2,2,10,9
2895,2,7,1,1,2,2,3,10,9
2896,2,7,1,1,2,2,4,10,-1
2897,2,8,1,1,2,2,5,10,-1
2898,2,8,2,1,3,2,5,11,-1
2899,2,6,2,2,2,2,5,10,-1
2900,2,5,2,3,2,1,5,7,-1
2901,2,5,2,3,2,1,6,8,-1
2902,2,6,3,3,3,1,6,9,-1
2903,2,7,3,3,4,1,7,9,-1
2904,2,5,3,3,4,1,8,9,-1
2905,2,5,3,3,4,0,8,6,-1
2906,2,6,3,4,4,1,8,8,-1
2907,1,7,3,4,4,1,8,10,-1
2908,1,7,2,4,4,1,8,10,-1
2909,1,7,4,4,4,1,8,10,8
2910,1,6,4,4,4,1,8,9,8
2911,1,6,4,4,4,1,8,9,8
2912,2,8,5,0,7,4,14,20,-1
2913,3,8,6,0,7,4,14,20,-1
2914,3,8,7,0,7,4,14,20,-1
2915,3,9,7,0,6,4,14,19,-1
2916,3,9,7,0,6,4,14,19,-1
2917,3,9,7,0,6,4,14,20,-1
2918,3,9,7,0,6,5,14,20,-1
2919,3,8,6,0,5,4,14,18,-1
2920,3,6,6,0,5,3,14,16,-1
2921,3,6,6,0,5,3,10,12,-1
2922,3,5,4,1,4,3,8,12,-1
2923,3,5,4,1,4,3,8,12,-1
2924,3,5,4,1,4,3,7,12,-1
2925,3,5,4,1,4,3,6,9,-1
2926,3,5,4,1,4,3,6,10,-1
2927,3,5,4,1,3,3,5,10,-1
2928,2,7,3,1,4,4,5,13,-1
2929,2,6,3,1,4,4,5,12,-1
2930,2,6,3,1,4,4,5,13,-1
2931,2,6,3,1,4,4,5,13,-1
2932,2,7,2,1,4,3,3,10,-1
2933,2,7,2,0,4,3,1,11,-1
2934,2,8,2,0,3,3,1,10,-1
2935,2,8,2,0,3,3,1,11,-1
2936,2,8,2,0,3,3,1,10,-1
2937,2,7,2,0,1,2,0,9,9
2938,2,7,2,0,1,2,0,9,9
2939,2,7,2,0,1,2,0,9,9
2940,2,6,2,0,1,2,0,9,9
2941,2,6,1,0,1,3,0,10,9
2942,2,6,1,0,1,3,0,10,9
2943,2,6,1,0,1,3,2,10,9
2944,2,6,1,0,1,3,2,9,-1
2945,2,6,1,0,1,3,2,9,-1
2946,2,6,1,0,1,2,2,9,9
2947,2,7,1,0,2,2,2,10,9
2948,2,7,1,0,2,2,2,10,9
2949,2,7,1,0,2,2,2,10,9
2950,2,7,1,0,2,2,2,10,9
2951,2,7,1,1,2,2,3,10,9
2952,2,7,1,1,2,2,4,10,-1
2953,2,7,1,1,2,2,6,10,-1
2954,2,8,1,1,3,2,6,11,-1
2955,2,8,2,2,3,2,6,11,-1
2956,2,6,2,3,2,2,6,10,-1
2957,2,5,3,3,2,1,5,7,-1
2958,2,6,3,3,3,1,6,8,8
2959,2,7,3,3,4,1,6,9,-1
2960,2,7,3,3,4,1,7,9,-1
2961,2,5,3,3,4,1,8,7,-1
2962,2,5,3,4,4,1,8,7,-1
2963,2,6,3,4,4,1,8,9,-1
2964,2,7,3,4,4,1,9,10,-1
2965,1,7,3,4,4,1,9,10,-1
2966,1,6,2,4,4,1,8,9,-1
2967,1,6,4,4,4,1,9,9,-1
2968,2,8,6,0,7,4,14,19,-1
2969,2,8,6,0,7,4,14,19,-1
2970,3,8,6,0,7,4,14,19,-1
2971,3,8,7,0,7,4,14,20,-1
2972,3,8,7,0,7,4,14,20,-1
2973,3,9,7,0,7,4,14,22,-1
2974,3,8,7,0,6,4,14,20,-1
2975,3,8,6,0,5,4,13,20,-1
2976,3,6,6,0,5,3,12,17,-1
2977,3,5,6,0,4,3,11,14,-1
2978,3,5,5,0,4,3,9,14,-1
2979,3,5,4,0,4,3,7,12,-1
2980,3,5,4,0,4,3,7,12,-1
2981,3,5,4,0,4,3,6,12,-1
2982,2,4,4,0,4,3,6,10,-1
2983,2,6,4,0,4,3,5,11,-1
2984,2,7,3,0,4,4,5,13,-1
2985,2,6,3,0,4,4,5,12,-1
2986,2,6,3,0,4,4,5,13,-1
2987,2,8,3,0,4,4,4,13,-1
2988,2,8,3,0,4,4,4,15,-1
2989,2,7,2,0,4,3,3,11,-1
2990,2,8,2,0,3,3,1,11,-1
2991,2,8,2,0,3,3,1,11,-1
2992,2,7,2,0,2,2,1,8,-1
2993,2,7,2,0,1,2,0,8,-1
2994,2,6,2,0,1,2,0,8,9
2995,2,6,3,0,1,2,0,8,-1
2996,2,6,2,0,1,3,0,9,9
2997,2,6,3,0,1,3,1,9,-1
2998,2,6,2,0,1,3,2,9,-1
2999,2,6,2,0,1,3,2,9,-1
3000,2,6,2,0,1,3,2,9,-1
3001,2,6,2,0,1,3,2,9,-1
3002,2,6,2,0,1,3,2,9,-1
3003,2,7,2,0,2,2,2,10,9
3004,2,8,2,0,2,2,2,10,9
3005,2,8,2,0,2,2,2,10,9
3006,2,8,1,0,2,2,3,10,9
3007,2,8,1,0,2,2,4,10,-1
3008,2,8,1,1,2,2,5,10,-1
3009,2,8,1,1,2,2,7,10,-1
3010,2,9,1,2,3,2,7,10,-1
3011,2,9,2,3,3,2,6,11,-1
3012,2,7,2,3,2,2,6,10,-1
3013,2,6,3,3,3,2,6,9,-1
3014,2,6,3,3,3,1,6,8,8
3015,2,6,3,3,3,1,6,8,8
3016,2,7,3,3,4,1,6,9,-1
3017,2,5,3,3,4,1,7,9,-1
3018,2,5,3,4,4,1,8,7,-1
3019,2,5,3,4,4,1,9,8,-1
3020,2,5,3,4,4,0,9,7,-1
3021,2,7,3,4,4,1,10,9,-1
3022,1,6,3,4,4,1,10,9,-1
3023,1,6,2,4,4,1,9,9,-1
3024,2,8,6,0,7,4,14,19,-1
3025,2,8,6,0,7,4,14,19,-1
3026,2,8,6,0,7,4,14,22,-1
3027,3,8,6,0,7,4,14,22,-1
3028,3,7,6,0,6,3,14,20,-1
3029,3,7,7,0,6,4,14,20,-1
3030,3,7,7,0,6,4,12,17,-1
3031,3,6,6,0,5,4,12,17,-1
3032,3,6,6,0,4,4,12,17,-1
3033,3,5,5,0,4,3,11,12,-1
3034,3,5,5,0,4,3,10,12,-1
3035,3,5,4,0,4,3,8,12,-1
3036,2,4,4,0,4,3,6,12,-1
3037,2,4,4,0,4,3,6,12,-1
3038,2,4,4,0,3,3,6,12,-1
3039,2,7,3,0,4,4,6,15,-1
3040,2,7,3,0,4,4,5,15,-1
3041,2,6,3,0,4,4,5,12,-1
3042,2,6,3,0,4,4,5,13,-1
3043,2,8,3,0,4,4,4,13,-1
3044,2,8,3,0,4,4,4,15,-1
3045,2,7,2,0,4,3,3,12,-1
3046,2,8,2,0,3,3,2,11,-1
3047,2,7,2,0,3,2,1,9,-1
3048,2,7,3,0,2,2,1,9,-1
3049,2,6,3,0,1,2,0,8,-1
3050,2,6,3,0,1,2,0,8,-1
3051,2,6,2,0,1,3,1,9,-1
3052,2,7,3,0,1,3,1,9,-1
3053,2,7,3,0,1,3,2,9,-1
3054,2,7,3,0,1,3,2,9,-1
3055,2,7,2,0,1,3,2,9,-1
3056,2,7,2,0,1,3,2,9,-1
3057,2,8,2,0,1,3,2,9,-1
3058,2,8,2,0,1,3,3,9,-1
3059,2,9,2,0,2,3,3,10,-1
3060,2,8,2,0,2,2,3,10,-1
3061,2,8,2,0,2,2,3,10,-1
3062,2,8,2,0,2,2,3,10,-1
3063,2,8,2,0,2,2,4,10,-1
3064,2,8,1,1,2,2,4,10,-1
3065,2,8,1,1,2,2,5,10,-1
3066,2,8,1,2,2,2,7,10,-1
3067,2,9,1,3,3,2,7,11,-1
3068,2,9,2,3,3,2,7,11,-1
3069,2,8,3,3,3,2,7,9,-1
3070,2,7,3,3,3,1,7,7,-1
3071,2,7,3,3,3,1,6,8,-1
3072,2,6,3,3,3,1,7,8,8
3073,2,4,3,3,3,1,6,8,-1
3074,2,5,3,3,4,1,6,7,-1
3075,2,5,3,4,4,1,8,8,-1
3076,2,5,3,4,4,1,10,8,-1
3077,2,5,3,4,4,0,10,6,-1
3078,2,5,3,4,4,0,11,7,-1
3079,1,6,2,4,4,1,11,9,-1
